Symbol,NSE Series,Price,Market Cap (Cr),V2 Potential Score,V2 Band,Candidate,Hard Gate Eligible,Hard Gate Reasons,Penny_stock,Old Score (%),market_cap,stock_price,eps,eps_growth_5y,roe,roce,operating_margin,net_margin,gross_margin,de_ratio,interest_coverage,current_ratio,quick_ratio,free_cash_flow,cash_conversion_ratio,revenue,revenue_growth_5y,profit,profit_growth_5y,operating_leverage,pe_ratio,peg_ratio,pb_ratio,ev_ebitda,beta,dividend_yield,liquidity,promoter_holding,promoter_holding_growth,quarterly_revenue,quarterly_profit,quarterly_eps,quarterly_revenue_growth,quarterly_profit_growth,quarterly_eps_growth,quarterly_de_ratio,quarterly_current_ratio,quarterly_interest_coverage,return_1m,return_3m,return_6m,return_12m,sma_20_100,near_52w_high,above_52w_low,volatility_3m,positive_days_3m,volume_ratio_20_120,turnover_20_cr,max_drawdown_1y,size_runway (v2),ownership_alignment (v2),fundamental_growth (v2),financial_quality (v2),valuation_sanity (v2),market_confirmation (v2),risk_penalty (v2),compound_fragility_gate (v2),extreme_valuation_data_gate (v2)
BLBLIMITED.NS,EQ,16.28,86.06464,66.0,high-potential,True,True,,True,55.23809523809524,860646400.0,16.28,5.18,0.7679849593018035,,0.3433296256120804,0.08136,0.03507,0.05691,1.655,147.23291721419184,,,,0.45429282243809627,7427159000.0,0.5082829649807288,333219000.0,0.766139337970011,1.5073087054945047,3.1428573,0.040923422547978795,0.6603927,,0.221,0.0,127994,,,"[932200000.0, 716100000.0, 2772800000.0, 3387000000.0, 564200000.0]","[55400000.0, 43100000.0, 85700000.0, 89500000.0, 114900000.0]","[1.05, 0.82, 1.62, 1.69, 2.17]","[-0.23181720660802407, 2.872084904342969, 0.2215089440276976, -0.8334219072925892]","[-0.22202166064981954, 0.988399071925754, 0.04434072345390905, 0.2837988826815643]","[-0.21904761904761916, 0.9756097560975612, 0.043209876543209846, 0.28402366863905315]","[0.0020625739511028786, 0.0017006802721088435, 0.0030813665655293684]","[20.10248361503967, 16.868173258003768, 70.58370798544209]","[19.94871794871795, 17.4390243902439, 34.705882352941174, 36.84375, 47.375]",-0.023980792039083765,0.022613103556929692,-0.036686328158549664,,0.019028035521350795,-0.2050780737044977,0.28391169517561154,0.2818991217846005,0.49206349206349204,1.5352814513071849,0.24699498141242981,-0.3101196472172789,10.0,0.0,20.0,9.0,8.0,19.0,0.0,0.0,0.0
AGROPHOS.NS,EQ,22.18,44.9679904,62.0,watchlist,True,True,,True,51.42857142857142,449679904.0,22.18,4.04,-0.03475900475048366,0.10389,0.2076210393210612,0.039219998,0.04772,0.33311,42.354,4.287340289014116,1.583,0.356,6479375.0,0.5079076020532877,781341000.0,0.02848031944467455,81820000.0,0.17812750987469217,6.254407020283605,5.490099,,0.644056,4.472,0.136,0.0,15623,,,"[322312000.0, 301063000.0]",[-2868000.0],"[-0.14, 1.15]",[-0.06592680384223981],[],[-9.214285714285714],[0.4856192761657451],[1.5834913684041756],"[1.2728958101594363, 3.2933567402753394]",-0.15311188037843715,-0.26580599214331446,-0.32950426005255706,,-0.16666666666666663,-0.49302856445312504,0.02117868353423291,0.3546391337507765,0.4603174603174603,1.264617063395791,0.06987806783183098,-0.5035428728376117,13.0,0.0,9.0,19.0,10.0,11.0,0.0,0.0,0.0
ALMONDZ.NS,BE,20.1,384.3487744,62.0,watchlist,True,True,,True,59.04761904761905,3843487744.0,20.1,1.9,0.1754839257478764,,0.11519060915676989,0.18429,0.1667,0.56842,16.822,18.02962085308057,,,,-0.1475575758012347,1864130000.0,0.35504909831926645,277634000.0,0.2072947781731429,0.5838482034018285,10.578948,0.6028442750476831,1.3335987,,0.52,0.0,374252,,,"[367800000.0, 721900000.0, 548600000.0, 334100000.0, 295300000.0]","[125300000.0, 48500000.0, 127700000.0, 36400000.0, 69000000.0]","[0.69, 0.29, 0.73, 0.22, 0.41]","[0.9627514953779228, -0.24006095027012053, -0.3909952606635071, -0.1161328943430111]","[-0.6129289704708699, 1.6329896907216495, -0.7149569303054033, 0.8956043956043955]","[-0.5797101449275363, 1.5172413793103448, -0.6986301369863014, 0.8636363636363635]","[0.18313186297269082, 0.19671111456673016, 0.22000725771173296]","[2.638039109493041, 3.0292275574112737, 1.9920458850725615]","[12.65137614678899, 6.821782178217822, 15.115384615384615, 4.981981981981982, 7.725]",0.12353275948684761,0.4966492870237238,0.4779411630646997,,0.27813888589369107,-0.05986898173718069,0.7740512371420207,0.6956763550797739,0.4444444444444444,1.683077362813773,0.6352422835958863,-0.40742680824273847,7.0,0.0,17.0,10.0,6.0,22.0,0.0,0.0,0.0
ASHOKAMET.NS,EQ,14.84,37.094064,62.0,watchlist,True,True,,True,48.57142857142857,370940640.0,14.84,6.89,0.6738706257063367,,0.08626976190208659,-0.22431,0.49041998,0.35627997,43.157,10.120946480358555,,,,-1.5912146521231874,277025000.0,-0.1810645260555439,107998000.0,0.496770264004599,-2.7436090040752004,2.1538463,0.03196231172329829,0.21718767,21.024,0.994,0.0,74339,,,"[40711000.0, 103469000.0, 66898000.0, 52119000.0, 54539000.0]","[32340000.0, 22229000.0, 44901000.0, 29608000.0, 11259000.0]","[1.29, 2.62, 1.8, 1.18, 0.45]","[1.5415489671096263, -0.3534488590785646, -0.22091841310652038, 0.04643220322722996]","[-0.3126468769325912, 1.019928921678888, -0.34059375069597564, -0.6197311537422319]","[1.0310077519379846, -0.3129770992366412, -0.34444444444444444, -0.6186440677966101]","[0.4766260587531657, 0.28010836362580993, 0.14028937432069913]","[4.22708425202551, 3.1976936227863617, 6.479001030745091]","[11.162210874136377, 15.043054682589567, 16.247174301011302, 9.276612689142553, 3.9228971962616823]",0.0927835225302398,0.016438340058043455,-0.01851850099804664,,0.02638859537218763,-0.13720933172495053,0.21340970629949085,0.5622289906100955,0.5079365079365079,3.8872388670431803,0.28107151025348664,-0.28437686172961363,13.0,0.0,11.0,8.0,8.0,22.0,0.0,0.0,0.0
AJOONI.NS,EQ,3.01,51.8453248,58.0,watchlist,True,True,,True,51.42857142857142,518453248.0,3.01,0.25,0.07002965923006688,0.04402,0.06970989346003535,0.017819999,0.01854,0.17616,29.371,9.085810906016627,2.359,0.536,,-1.3266930427338561,1823782000.0,0.3478124183628861,43221000.0,0.5663399993843454,1.628291485537072,12.04,1.7192715389982487,0.56589586,10.085,0.37,0.0,270964,,,[292744000.0],[15438000.0],[],[],[],[],[0.02202119011612329],[11.312103189082682],[89.92093023255813],-0.1886792561957341,-0.18206523482059234,-0.29836829435235845,,-0.13262726078558018,-0.4222648813004969,0.0,0.4085186919106862,0.3492063492063492,0.9069074471688154,0.10056178622243524,-0.4222648813004969,10.0,0.0,17.0,14.0,9.0,8.0,0.0,0.0,0.0
AMBICAAGAR.NS,EQ,23.81,40.8993888,58.0,watchlist,True,True,,True,36.19047619047619,408993888.0,23.81,1.98,0.10992314452464358,,0.07987446091484258,0.10104,0.0252,0.14812,84.996,1.4388645526099932,,,,-2.0071648198642453,1410825000.0,0.06366239307453014,34474000.0,0.10891725918061246,1.710857131196781,12.025252,1.0939690682979024,0.5525772,13.374,-0.033,0.0,31935,,,"[246496000.0, 222700000.0, 540402000.0, 346288000.0, 301435000.0]","[11053000.0, 8159000.0, 5628000.0, 9334000.0, 11353000.0]","[0.64, 0.15, 0.65, 0.54, 0.66]","[-0.09653706348176039, 1.4265918275707228, -0.35920296371960136, -0.12952513514762276]","[-0.26182936759250885, -0.31020958450790537, 0.6584932480454868, 0.21630597814441832]","[-0.765625, 3.333333333333334, -0.16923076923076918, 0.2222222222222221]","[0.8499596369991218, 0.7472372411503359, 0.7523673219887335]","[2.624726326065734, 2.938863089884547, 2.6934152706456773]","[1.4929412942629243, 1.432103449366088, 1.2922901756668836, 1.5380798274002156, 1.5586404978458592]",-0.12495405119180902,-0.06111991747257661,0.03162909638862388,,0.003780826217940181,-0.13731887185305625,0.15863748661375343,0.307573011837364,0.3968253968253968,1.8070542568147605,0.06087794756689072,-0.255434820542338,13.0,0.0,12.0,6.0,9.0,18.0,0.0,0.0,0.0
ADROITINFO.NS,BE,11.97,65.3903424,57.0,watchlist,True,True,,True,37.142857142857146,653903424.0,11.97,0.57,-0.3606822597147441,,0.07583518599092844,0.03716,0.057290003,0.45721,34.111,3.8506748986138852,,,,2.1833449540728167,486582000.0,0.2941878236561368,32987000.0,-0.044661353532894243,-0.15181237951267804,21.0,,0.8361859,11.394,-0.203,0.0,400958,,,"[150099000.0, 130675000.0, 143267000.0, 114371000.0, 98269000.0]","[6284000.0, 6751000.0, 15241000.0, 7681000.0, 8423000.0]","[0.12, 0.03, 0.28, 0.14, 0.16]","[-0.12940792410342505, 0.09636120145398896, -0.20169334180236898, -0.140787437374859]","[0.07431572246976459, 1.257591467930677, -0.49603044419657505, 0.09660200494727245]","[-0.75, 8.333333333333334, -0.5, 0.1428571428571428]","[0.3411072213733568, 0.29362967682301117, 0.2172265936761815]","[1.960131882879744, 2.842962962962963, 2.6529478440761016]","[2.730703986429177, 3.8075278015397775, 5.527251184834123, 3.5414230019493176, 4.203150912106136]",0.16100870803590372,0.32265193533182024,0.27748136747331364,,0.21890796328630824,-0.18404906579572644,0.4544351072680879,0.4944520707671651,0.5555555555555556,3.290005388739335,0.31203905473027227,-0.30313300170878077,10.0,0.0,7.0,9.0,8.0,23.0,0.0,0.0,0.0
ANMOL.NS,BE,13.0,73.9883968,56.0,watchlist,True,True,,True,46.666666666666664,739883968.0,13.0,2.02,0.44760390401459005,,0.10633188141809215,0.021389998,0.00894,0.01704,165.862,9.887757477016176,,,,1.377735919136179,14155360000.0,0.001354416487277188,113079000.0,-0.15372460236572072,-113.49876777914638,6.4356437,0.14377988311268672,0.6233816,7.668,0.525,0.0,54693,,,"[4557200000.0, 3085100000.0, 3031600000.0, 2282900000.0, 5773600000.0]","[60000000.0, 25100000.0, 29400000.0, 700000.0, 57200000.0]","[1.05, 0.44, 0.52, 0.01, 1.01]","[-0.3230272974633547, -0.0173414151891349, -0.2469652988520913, 1.5290639099391123]","[-0.5816666666666667, 0.17131474103585664, -0.9761904761904762, 80.71428571428571]","[-0.5809523809523809, 0.18181818181818188, -0.9807692307692307, 100.0]","[1.65855602095033, 1.8509674045668467, 2.04348287297753]","[1.8387741997066964, 1.5652690166975882, 1.6795755529682364]","[2.847926267281106, 3.221518987341772, 2.1945288753799392, 1.0275229357798166, 2.5644171779141103]",0.28968254944394545,0.18397090546255646,0.16175160746115957,,0.23615010653032686,-0.2294013424251411,0.5258215142645941,0.6660326439316273,0.4126984126984127,3.1079305947218097,0.5710663450024939,-0.4779411386591058,10.0,0.0,6.0,7.0,10.0,23.0,0.0,0.0,0.0
AKI.NS,BE,6.13,63.265248,55.0,watchlist,True,True,,True,33.33333333333333,632652480.0,6.13,0.29,0.09177609688580701,,0.04424714553022492,0.044260003,0.02578,0.14878,21.381,2.4094406321480557,,,,-8.223480148883375,1067319000.0,0.149539660418472,19344000.0,0.18738651183907318,1.2530890555367753,21.137932,2.3032066864099705,0.79476213,17.464,0.08,0.0,142698,,,"[290421000.0, 365787000.0, 255610000.0, 275244000.0, 176634000.0]","[5107000.0, 7645000.0, 24465000.0, 7737000.0, 2077000.0]","[0.05, 0.07, 0.11, 0.06, 0.02]","[0.25950602745669227, -0.301205346280759, 0.07681233128594345, -0.35826394035837295]","[0.49696495006853336, 2.200130804447351, -0.683752299202943, -0.7315496962647021]","[0.40000000000000013, 0.5714285714285714, -0.4545454545454546, -0.6666666666666666]","[0.26761276585988736, 0.26026379379580866, 0.3442211711027083]","[2.2393034951603528, 2.5698593615764316, 1.766591903839035]","[2.4646178730287103, 3.0877806404122192, 3.4332727639814253, 2.450835879920906, 1.6415239561285357]",-0.15096948856307368,0.32397407406568246,0.15660375355401124,,0.25776429395928857,-0.33514100467414176,0.5637755089628353,0.8058015684403552,0.38095238095238093,1.617517984827828,0.21442339270866392,-0.5748373142339198,10.0,0.0,13.0,7.0,7.0,20.0,-2.0,0.0,0.0
DUCON.NS,EQ,1.49,85.6553856,55.0,watchlist,True,True,,True,53.333333333333336,856553856.0,1.49,0.23,0.31991166320218234,,0.1416146656972605,0.04421,0.024349999,0.07354,63.005,3.0424652574011413,,,,0.45691240463922217,4193967000.0,0.019667000500293685,109846000.0,0.3890673435579448,19.782749461573204,6.478261,0.20250155730976824,0.2763866,4.997,0.717,0.0,3210215,,,"[1044214000.0, 1002428000.0, 937844000.0, 1130869000.0, 1122827000.0]","[21676000.0, 18480000.0, 23124000.0, 36927000.0, 31314000.0]","[0.049479, 0.04241, 0.049479, 0.077752, 0.070684]","[-0.040016701557343604, -0.06442756986037901, 0.2058178119175471, -0.00711134534592428]","[-0.14744417789260011, 0.25129870129870135, 0.5969122989102231, -0.15200259972377939]","[-0.14286869176822492, 0.1666823862296627, 0.5714141352897188, -0.09090441403436578]","[0.5613266972715313, 0.5795952056063456, 0.5792036079388339]","[2.1740428233895446, 2.3250265688629175, 2.275560789242056]","[2.784956762930331, 2.290748334187596, 2.6161572883937922, 3.542877594846099, 3.0129178668063195]",-0.17222219499540847,-0.5098684117652041,-0.5668604695487498,,-0.4483863986412291,-0.7043650752352539,0.2113821027898075,0.9513217003571746,0.38095238095238093,3.46276319864891,0.5503040929044872,-0.7559523753208007,10.0,0.0,15.0,8.0,10.0,12.0,0.0,0.0,0.0
BTML.NS,EQ,7.21,131.004096,54.0,watchlist,True,True,,True,54.285714285714285,1310040960.0,7.21,0.45,0.10849096651949641,,0.16828188764288277,0.05554,0.05163,0.16174,41.589,4.013477524009361,,,,-5.756359817551999,1155019000.0,0.3942870577570392,63799000.0,0.25132273069401334,0.6374105508907653,16.022223,1.4768255380157131,1.4027238,9.291,0.044,0.0,395022,,,"[301038000.0, 349619000.0, 390152000.0, 234018000.0, 181230000.0]","[6315000.0, 18710000.0, 14459000.0, 26339000.0, 4289000.0]","[0.04, 0.11, 0.13, 0.17, 0.03]","[0.1613782977564293, 0.11593477471190061, -0.4001876191843179, -0.22557239186729228]","[1.962787015043547, -0.22720470336718335, 0.8216335846185767, -0.8371616234481187]","[1.75, 0.18181818181818188, 0.3076923076923077, -0.8235294117647058]","[0.4382560544624389, 0.3229095539750497, 0.6592231972529569]","[1.5496531753147251, 1.680946890332973, 1.4638347763347763]","[2.346719414794357, 3.7124244230605465, 4.953785156733986, 7.8145030754289415, 1.7113163972286374]",-0.152761475413694,0.19966718195756172,0.14263076125654983,,0.044664590588124664,-0.2102957340884456,0.32051281827351774,0.7370820135104923,0.38095238095238093,0.9404092109985821,0.415876767378819,-0.40197152577129847,7.0,0.0,17.0,9.0,7.0,14.0,0.0,0.0,0.0
DRCSYSTEMS.NS,EQ,12.77,183.9918592,53.0,watchlist,True,True,,True,70.47619047619048,1839918592.0,12.77,1.48,0.3653849621910632,,0.1879718161499016,0.20155,0.2035,0.35539,0.371,40.85250569476082,,,,2.4712322651314182,955047000.0,0.5504311799769712,192629000.0,0.4223609639084156,0.7673274684876794,8.628379,0.23614488533570632,1.634874,6.103,0.602,0.0,74613,,,"[233840000.0, 271990000.0, 271830000.0, 228320000.0, 182920000.0]","[55550000.0, 58180000.0, 54550000.0, 43010000.0, 43470000.0]","[0.39, 0.42, 0.37, 0.31, 0.33]","[0.1631457406773862, -0.0005882569212103395, -0.16006327484089322, -0.198843728100911]","[0.04734473447344745, -0.06239257476796145, -0.2115490375802016, 0.010695187165775444]","[0.07692307692307687, -0.11904761904761907, -0.16216216216216217, 0.06451612903225823]","[0.003702476225340149, 0.043469646536693614, 0.00789114340299173]","[0.48543846593871653, 1.2616920786488013, 0.9221619197129401]","[44.52985074626866, 18.720588235294116, 33.70987654320987, 319.53333333333336, 445.72727272727275]",-0.0484351426851688,-0.08655215479921952,-0.204856732103612,,-0.06614045078998387,-0.3764648074611606,0.03905618367782915,0.3595464410413239,0.3968253968253968,1.0036039460603066,0.07358358864616395,-0.39990233219941707,7.0,0.0,18.0,10.0,8.0,10.0,0.0,0.0,0.0
AFIL.NS,EQ,7.9,337.1324672,50.0,watchlist,True,True,,True,60.0,3371324672.0,7.9,1.02,0.4276708645770533,,0.0748572718010056,0.62251,0.48816,1.0,118.754,629.4912689173458,,,,-3.9366608855094585,1407380000.0,0.29426968979393675,423214000.0,0.4284940261240384,1.4561269508391865,7.745098,0.1810995006091786,0.79532874,,0.893,0.0,654477,,,"[410701000.0, 405369000.0, 372639000.0, 341609000.0, 306108000.0]","[115741000.0, 122737000.0, 103910000.0, 100431000.0, 96135000.0]","[0.27, 0.29, 0.24, 0.24, 0.23]","[-0.012982680831066906, -0.0807412505643007, -0.08327094050810568, -0.10392290601242937]","[0.060445304602517735, -0.15339302736746052, -0.03348089693003564, -0.04277563700451059]","[0.07407407407407396, -0.1724137931034483, 0.0, -0.04166666666666663]","[1.1875430997772671, 0.9575020003741993, 0.7372278567518945]","[1.761430035443726, 237.68747154101345, 85.43391176048155]",[],-0.15145008170765673,-0.1946993111671952,-0.10430834821872659,,-0.11359114868634024,-0.2758936566583601,0.6188524405951787,0.34612799164155383,0.30158730158730157,0.5357231270277755,0.4224096346437812,-0.4504504446452745,7.0,0.0,20.0,8.0,8.0,7.0,0.0,0.0,0.0
BAIDFIN.NS,EQ,10.48,169.8726272,49.0,speculative,False,True,,True,44.761904761904766,1698726272.0,10.48,1.08,0.06328779143808716,,0.04421327512840611,0.49748,0.28607,0.70817,122.59,,,,,-2.221684285036962,956579000.0,0.21503271753563236,149749000.0,0.12997303069991228,0.604433744731775,9.703703,1.533266176540998,0.6972721,,0.102,0.97,63800,,,"[216365000.0, 250079000.0, 246225000.0, 238319000.0, 237766000.0]","[43442000.0, 16570000.0, 47506000.0, 45512000.0, 40161000.0]","[0.28, 0.07, 0.37, 0.374764, 0.33]","[0.15582002634437186, -0.015411130082893854, -0.032108843537414944, -0.0023204192699700643]","[-0.6185718889553888, 1.8669885334942666, -0.041973645434260964, -0.1175733872385305]","[-0.75, 4.285714285714286, 0.012875675675675602, -0.11944583791399377]","[1.22590272945179, 1.4261225169603777, 1.4263650281990112]","[36.15676496859637, 44.745557709393424, 32.15053416294905]",[],0.0480207432093227,0.009057210641370883,0.05428387526705891,,0.064454099745054,-0.15116202095423437,0.16318780055293636,0.46543737820504355,0.42857142857142855,1.7655798891502343,0.19148589128537655,-0.2702485543243667,7.0,0.0,13.0,4.0,8.0,19.0,-2.0,0.0,0.0
BEARDSELL.NS,EQ,22.73,89.6403008,49.0,speculative,False,True,,True,43.80952380952381,896403008.0,22.73,2.73,0.08879784942988067,,0.18291362762390553,0.03269,0.03839,0.33205003,24.168,6.464095184613225,,,,2.303390141744126,2735655000.0,0.05749030301468583,114361000.0,0.10423203474803189,1.8130367954645488,8.326007,0.9376361086959254,0.975118,4.278,0.194,0.44,39706,,,"[722000000.0, 717800000.0, 665900000.0, 710100000.0, 656600000.0]","[22600000.0, 43800000.0, 21000000.0, 20500000.0, 29000000.0]","[0.57, 1.11, 0.53, 0.52, 0.73]","[-0.005817174515235446, -0.07230426302591253, 0.06637633278270005, -0.07534150119701455]","[0.9380530973451326, -0.5205479452054795, -0.023809523809523836, 0.41463414634146334]","[0.9473684210526319, -0.5225225225225225, -0.018867924528301883, 0.40384615384615374]","[0.24180314055750712, 0.3602188081936685, 0.3543180978193914]","[1.3548134387993849, 1.2200088534749889, 1.22903495168794]","[4.88135593220339, 9.385964912280702, 4.705263157894737, 5.363636363636363, 5.454545454545454]",-0.09815782899783765,-0.17118286162815588,-0.08367626400957584,,-0.10000976311241383,-0.3751539691371709,0.12441508000503476,0.3016736305146345,0.42857142857142855,1.072272461508478,0.06484314901025773,-0.4442923774554578,10.0,0.0,10.0,9.0,10.0,10.0,0.0,0.0,0.0
CENTEXT.NS,EQ,17.96,143.6799872,49.0,speculative,False,True,,True,51.42857142857142,1436799872.0,17.96,1.41,0.22241806306189393,,0.2803947958725886,0.062080003,0.02414,0.20101,82.304,2.5278058645096055,,,,0.3691886964448496,4785600000.0,0.08757845047839119,109700000.0,0.22483456058697682,2.567236110696566,12.737588,0.5726867604478426,1.7330889,6.01,0.122,0.0,145529,,,"[1383600000.0, 1422200000.0, 1225300000.0, 1096600000.0, 1041500000.0]","[37700000.0, 29500000.0, 29000000.0, 27600000.0, 23600000.0]","[0.427693, 0.336694, 0.327594, 0.318494, 0.272995]","[0.027898236484533045, -0.1384474757418085, -0.10503550150983432, -0.050246215575414865]","[-0.2175066312997348, -0.016949152542372836, -0.0482758620689655, -0.14492753623188404]","[-0.21276710163598656, -0.027027508657712973, -0.027778286537604502, -0.14285669431763237]","[0.8230398069963811, 0.5790131878126421, 0.6257683500060263]","[1.3579857578840284, 1.3108278792054198, 1.3632972322503008]","[2.3567567567567567, 3.9935064935064934, 2.0828571428571427, 2.1821192052980134, 2.1760299625468167]",-0.11045078705289135,-0.05919335039722606,-0.13404053603302568,,-0.04552430089528614,-0.470986784068701,0.08716698467355366,0.571281326782712,0.42857142857142855,1.1726462133853128,0.5424815537954522,-0.5134020593072488,7.0,0.0,15.0,6.0,8.0,13.0,0.0,0.0,0.0
ATALREAL.NS,EQ,11.9,147.4365312,48.0,speculative,False,True,,True,56.19047619047619,1474365312.0,11.9,0.85,0.5486021041953766,,0.0998233536610345,0.14325,0.05673,0.14532,4.415,7.758790674799746,,,,-2.994565237316723,1200536330.0,0.4349700217117074,64915990.0,0.4615661384450125,1.0611447120623239,13.999999,0.2551940448812808,0.7958269,12.691,0.75,0.0,5423074,,,"[109724000.0, 602039000.0, 295120000.0, 197370000.0, 106008000.0]","[10008000.0, 30775000.0, 17123000.0, 10418000.0, 6601000.0]","[0.08, 0.48, 0.21, 0.09, 0.06]","[4.486848820677336, -0.5097991990552107, -0.33122119815668205, -0.46289709682322544]","[2.0750399680255796, -0.4436068237205524, -0.3915785785201191, -0.36638510270685354]","[5.0, -0.5625, -0.5714285714285714, -0.33333333333333337]","[0.14208047584448028, 0.23861886042047428, 0.23525353862215312]","[5.69561272017185, 3.282127060715722, 3.6936499122544904]","[4.457622739018088, 18.59552931252636, 4.8782294832826745, 5.667234042553192, 3.175]",-0.5461479813056551,-0.5792079444980446,-0.5142857298559071,,-0.48160304054030845,-0.6706338426036739,0.0,0.9168428768960352,0.6349206349206349,0.7253128997448977,8.659314969251895,-0.6706338426036739,7.0,0.0,19.0,10.0,9.0,3.0,0.0,0.0,0.0
CCAVENUE.NS,EQ,15.61,5433.8715648,48.0,speculative,False,True,,True,51.42857142857142,54338715648.0,15.61,1.01,0.27268801999174586,,0.06456540408127524,0.0248,0.03089,0.05025,8.63,19.317496107800505,,,,1.9227185579386836,81158510000.0,0.6051662139310998,2790450000.0,0.2596938709158476,0.4291281716289182,15.455445,0.5667812249495899,0.93238556,11.437,-0.012,0.0,10143599,,,"[26804000000.0, 24895400000.0, 23811900000.0, 19649100000.0, 12802100000.0]","[761500000.0, 793800000.0, 718800000.0, 665200000.0, 612500000.0]","[0.24, 0.28, 0.26, 0.23, 0.21]","[-0.07120579018057005, -0.04352209645155325, -0.17482015294873576, -0.3484637973240504]","[0.04241628365068939, -0.09448223733938022, -0.07456872565386752, -0.07922429344558024]","[0.16666666666666674, -0.07142857142857151, -0.11538461538461542, -0.08695652173913049]","[0.09049789295525851, 0.01886557141144022, 0.04617369748304091]","[2.008104174884982, 1.7304886637504926, 1.5925085082366521]","[9.546351084812624, 9.557575757575757, 29.361022364217252, 29.018927444794954, 33.465020576131685]",0.01627604203046462,-0.1375690979179024,0.05758803622049835,-0.139470772772734,0.002645350729541862,-0.22415511900783747,0.18707225167371666,0.3975861876612171,0.3968253968253968,0.8794995801055658,20.736454927246825,-0.34642151739436466,0.0,0.0,18.0,9.0,8.0,13.0,0.0,0.0,0.0
CREATIVEYE.NS,EQ,6.34,12.7169312,48.0,speculative,False,True,,True,34.285714285714285,127169312.0,6.34,-2.28,1.3857340829728506,,-0.3016193026331863,0.120129995,0.0,-0.15857,45.361,-6.464213701977055,,,,0.3623008187134322,4215768.0,-0.40102689215624954,-51788939.0,1.4050159687661092,-3.503545513398343,,,0.8408488,-8.786,0.204,0.0,27484,,,"[3005000.0, 4216000.0, 0.0, 0.0, 0.0]","[-1029000.0, -1368000.0, -36811000.0, -6487000.0, -7123000.0]","[-0.05, -0.07, -1.84, -0.32, -0.36]","[0.40299500831946755, -1.0]","[0.3294460641399417, 25.908625730994153, -0.8237755018880226, 0.09804223832279946]","[0.40000000000000013, 25.285714285714285, -0.8260869565217391, 0.125]","[0.45360835397256916, 0.33058161753655235, 0.2876256147788565]","[2.714106831529455, 2.9535986168818495, 3.154535933966423]","[0.25971223021582734, 0.024251069900142655, -24.923239436619717, -2.149029126213592, -2.4510658914728682]",0.024232648462169326,-0.012461047158154548,-0.027607335715520098,,-0.049993611722773834,-0.20947633532233478,0.14234233057718604,0.5578316651257255,0.4603174603174603,1.4213619893767881,0.01659256656387329,-0.30798006559186075,15.0,0.0,11.0,5.0,5.0,16.0,-4.0,0.0,0.0
AIRAN.NS,EQ,15.26,190.7805184,46.0,speculative,False,True,,True,38.095238095238095,1907805184.0,15.26,1.2,0.05394220775828584,,0.09273794948143747,0.083850004,0.13878,0.32463002,0.621,131.08171521035598,,,,0.30576040302934887,1122374000.0,0.04845082006058288,120686000.0,0.05224921423394657,1.0783969016131034,12.716666,2.3574611660284974,1.4221809,13.132,0.613,0.0,72314,,,"[265533000.0, 309707000.0, 292980000.0, 262698000.0, 256989000.0]","[67301000.0, 4709000.0, 77414000.0, 7523000.0, 31507000.0]","[0.52, 0.0, 0.62, 0.0, 0.25]","[0.16635973683120375, -0.054009111837962975, -0.10335859103010447, -0.021732179156293552]","[-0.9300307573438731, 15.439583775748567, -0.9028211951326633, 3.1880898577695067]","[-1.0, inf, -1.0, inf]","[0.006568932466786945, 0.007200779600805516, 0.01579480953440203]","[5.325785055731388, 4.976629031225322, 4.997187895830934]","[219.265625, 61.16019417475728, 289.4114114114114, 42.422641509433966, 98.42824074074075]",0.03108108325802217,-0.028644163473739548,-0.023672417328854056,,0.03920966040448359,-0.3735632246906744,0.18939986902773542,0.3111076388471407,0.3968253968253968,1.924049688039186,0.2450745133589983,-0.47331692930031943,7.0,0.0,6.0,9.0,7.0,17.0,0.0,0.0,0.0
AURUS.NS,EQ,4.2,12.3832792,43.0,speculative,False,True,,True,32.38095238095238,123832792.0,4.2,0.61,,,0.09261415012101294,0.031689998,0.10378,0.13687,78.961,5701.666666666667,,,,-0.9583477758521086,147238000.0,0.03725760908553122,17310000.0,,,6.8852453,,0.6676204,12.491,0.405,0.0,37032,,,"[23669000.0, 17668000.0, 46390000.0, 11504000.0, 65774000.0]","[749000.0, 3466000.0, 12621000.0, 239000.0, -152781000.0]","[0.03, 0.12, 0.43, 0.01, -5.18]","[-0.25353838353965097, 1.6256508942721304, -0.7520155205863333, 4.717489568845619]","[3.627503337783712, 2.6413733410271205, -0.9810633071864353, -640.2510460251046]","[3.0, 2.5833333333333335, -0.9767441860465116, -519.0]","[0.7896124338187542, 0.7868556216534168]","[1.322399896125688, 1.288351131898356]","[750.0, 3259.0]",-0.13223147172434557,-0.08296945868362127,-0.2060491796688172,,-0.016122930656457313,-0.37869827410348267,0.0,0.35880135030307014,0.38095238095238093,0.9750529038537529,0.01246923568212986,-0.37869827410348267,15.0,0.0,2.0,8.0,9.0,9.0,0.0,0.0,0.0
DBEIL.NS,EQ,6.51,303.2414208,43.0,speculative,False,True,,True,51.42857142857142,3032414208.0,6.51,0.59,0.22821633257225993,,0.11223315207209458,0.11359,0.05124,0.20491,39.766,3.562997417005824,,,,-0.5663710118757896,5542811000.0,0.08541383034160122,396521000.0,0.22833822592576847,2.673316780345293,11.033899,0.48348419570305495,0.68196106,49.32,,0.0,210211,,,"[898556000.0, 2362466000.0, 1663781000.0, 450521000.0, 1066043000.0]","[28783000.0, 145131000.0, 51665000.0, 49826000.0, 149899000.0]","[0.06, 0.31, 0.111, 0.107, 3.22]","[1.6291805964235953, -0.29574393874874816, -0.7292185690304193, 1.3662448587302256]","[4.042247159781816, -0.6440112725744327, -0.035594696603116205, 2.0084494039256615]","[4.166666666666667, -0.6419354838709677, -0.03603603603603611, 29.093457943925237]","[0.3976593218226645, 0.3545412787820446, 0.32718707937520636]","[2.5009108847455006, 2.5246971267074896, 2.7483647345360356]","[1.5207611988747025, 3.837021300864011, 1.9629485179407176, 2.1918698897340434, 4.563509570910126]",0.012441742251785293,-0.19629630588972746,-0.012589065233536978,,-0.08778568994418301,-0.622324046336722,0.21342041129761924,0.45997849151588494,0.30158730158730157,0.5986331251450119,0.18367059731172086,-0.6887509472010651,7.0,0.0,15.0,10.0,8.0,5.0,-2.0,0.0,0.0
3IINFOLTD.NS,BE,23.04,478.084608,42.0,speculative,False,True,,True,43.80952380952381,4780846080.0,23.04,1.78,-0.6668662318285834,,0.11620581870641981,0.00298,0.04895,0.08748,16.298,15.150470219435737,,,,-1.2289904117315285,6933600000.0,-0.01661878125901739,354600000.0,1.9580537058765808,-117.82173887234578,12.943821,,1.2924217,-95.277,-0.277,0.0,274782,,,"[1779400000.0, 1757800000.0, 1721400000.0, 1748900000.0, 1757800000.0]","[64600000.0, 72700000.0, 21400000.0, 184300000.0, 72700000.0]","[0.31, 0.34, 0.1, 1.03, 0.34]","[-0.01213892323255028, -0.020707702810331075, 0.015975368885790653, 0.005088913031048081]","[0.12538699690402466, -0.7056396148555708, 7.61214953271028, -0.6055344546934347]","[0.09677419354838723, -0.7058823529411764, 9.299999999999999, -0.6699029126213591]","[0.16152473896846634, 0.10652826260028171, 0.20695385818561002]","[1.131441101230357, 1.326810365705982, 0.9900606949366573]","[6.528301886792453, 5.604477611940299, 3.231707317073171, 49.15384615384615, 5.604477611940299]",0.029950829287358482,0.27433633920085687,0.49902414359642444,,0.14267746996411423,-0.16521736967090428,0.8113207886676503,0.4464781947269844,0.5555555555555556,0.5158568224118912,0.72041258204731,-0.38132292814017454,7.0,0.0,7.0,9.0,6.0,13.0,0.0,0.0,0.0
AEPL.NS,EQ,15.33,384.839552,42.0,speculative,False,True,,True,34.285714285714285,3848395520.0,15.33,0.34,0.1186889420813968,,0.12448806370484038,0.11833999,0.11247,0.19166,1.803,58.12249877989263,,,,1.6775860287279116,805602000.0,0.11435118517023324,87093000.0,0.11538349131663805,1.0090275071908352,45.088234,3.798857181579605,4.127625,29.665,1.428,0.0,25125,,,"[162748000.0, 407508000.0, 42581000.0, 157966000.0, 197547000.0]","[12712000.0, 30582000.0, 8005000.0, 35393000.0, 13114000.0]","[0.05, 0.12, 0.03, 0.14, 0.05]","[1.5039201710620098, -0.8955087998272426, 2.709776660952068, 0.2505665776179684]","[1.405758338577722, -0.7382447191158197, 3.421361648969394, -0.6294747548950357]","[1.4, -0.75, 3.666666666666667, -0.6428571428571428]","[0.018029373139878988, 0.023005150308170567, 0.028755435705693617]","[1.5276329286140402, 1.4929675053390434, 1.4901469536803418]","[53.95238095238095, 94.7471783295711, 21.070564516129032, 87.75506445672191, 32.5958904109589]",-0.10298421376054367,-0.10507876971664676,-0.07650604991439336,,0.015831875658009142,-0.22024414838823214,0.09578271440391806,0.5975950982623179,0.4126984126984127,0.8057856129677237,0.062526444730196,-0.2838250237545431,7.0,0.0,14.0,10.0,0.0,11.0,0.0,0.0,0.0
CRESTO.NS,BE,21.02,21.4641536,42.0,speculative,False,True,,True,29.523809523809526,214641536.0,21.02,-1.85,,-0.20266001,-0.14127647220116454,-0.16763,-0.0857,0.07588,,-122.5034965034965,4.348,2.405,-27810624.0,1.649202274900599,230782000.0,0.0603923695263604,-19869000.0,-0.24361374787089585,-4.0338498022430125,,,1.8787988,-15.065,-0.117,0.0,153117,,,"[50718000.0, 56415000.0, 64846000.0, 58803000.0, 64664000.0]","[-11184000.0, -6695000.0, 1785000.0, -3775000.0, -66000.0]","[-1.04, -0.65, 0.17, -0.37, -0.01]","[0.11232698450254341, 0.14944606930780813, -0.09319001943065108, 0.09967178545312305]","[-0.40137696709585124, -1.2666168782673637, -3.11484593837535, -0.9825165562913907]","[-0.375, -1.2615384615384615, -3.176470588235294, -0.972972972972973]","[0.0, 0.020966472967190713, 0.038999592796437624]","[4.347720090293453, 1.570784563995329, 1.967407944565305]","[-222.7, 38.666666666666664, -54.93846153846154, -1.5679012345679013]",0.2983322893378273,0.2919483630213058,0.31047376920131575,,0.13442216160495013,-0.20378784994339005,0.40133336385091156,0.7636569248167149,0.4444444444444444,3.010609966697931,0.18729808087636948,-0.43181817360817554,15.0,0.0,2.0,5.0,3.0,23.0,-6.0,0.0,0.0
DANGEE.NS,EQ,3.21,49.4259776,42.0,speculative,False,True,,True,24.761904761904763,494259776.0,3.21,-0.09,-0.27887521484629585,,0.020450810656936196,-0.023810001,-0.04736,0.47005,157.724,0.3344619616971749,,,,-2.888139968449735,289245000.0,0.042478592943503424,-13946000.0,0.3038971174580076,7.154123910417446,,,3.3753943,13.099,0.2,0.0,966694,,,"[70493000.0, 87463000.0, 70042000.0, 61374000.0, 65063000.0]","[-10626000.0, 2310000.0, -776000.0, -4854000.0, -1663000.0]","[-0.07, 0.02, -0.01, -0.03, -0.01]","[0.24073312243768874, -0.199181368121377, -0.12375431883726906, 0.060106885651904696]","[-1.2173913043478262, -1.335930735930736, 5.255154639175258, -0.6573959620931191]","[-1.2857142857142856, -1.5, 2.0, -0.6666666666666666]","[1.5772354906227908, 1.2184574230940703, 1.1622550291402212]","[0.42835393252487236, 0.48815039305163666, 0.42733680147675784]","[-0.8728829331844408, 1.519319938176198, 0.8367523213128913, 0.06159038177599663, -0.12275731822474033]",0.09183672641890284,0.022292971625532454,0.003124996973201677,,-0.0625925037988585,-0.30519477972703035,0.23461544457272177,0.47770609204077935,0.31746031746031744,2.698447992786455,0.14875137311946987,-0.4372294439314832,13.0,0.0,11.0,1.0,2.0,17.0,-2.0,0.0,0.0
DEVIT.NS,EQ,20.95,119.3891584,41.0,speculative,False,True,,True,53.333333333333336,1193891584.0,20.95,13.24,1.0184164971015437,,0.7550961268037857,0.06978,0.39727002,0.089650005,28.008,39.738531359882245,,,,-0.028224252693365426,1878418000.0,0.14805047612511313,757788000.0,1.0363190333261834,6.99976832530022,1.5823264,0.015537124590021543,1.0949669,37.162,-0.309,0.47,49526,,,"[441308000.0, 538650000.0, 441440000.0, 485064000.0, 429852000.0]","[20657000.0, 90865000.0, -72662000.0, 718512000.0, 21073000.0]","[0.37, 1.59, -1.3, 12.75, 0.38]","[0.2205761055770572, -0.18046969275039448, 0.09882203696991665, -0.11382415516303002]","[3.398751028706976, -1.799669839872338, -10.888414852329966, -0.9706713318636293]","[3.2972972972972974, -1.8176100628930818, -10.807692307692307, -0.9701960784313726]","[0.27996894182720095, 0.18265860337922413, 0.29121442811009945]","[1.792602057347182, 1.726852421516794, 1.905696589417666]","[4.777117590161669, 4.495353824160114, -12.568707991038089, 135.90678682061392, 6.179396423248882]",-0.13089590683291197,-0.23929831550232905,-0.2826113706509943,,-0.13638891571574419,-0.5073517117005917,0.020955180096650095,0.28724882816936625,0.36507936507936506,0.5500740654060691,0.08239485722146987,-0.5174633540203291,7.0,0.0,18.0,9.0,6.0,3.0,-2.0,0.0,0.0
ABINFRA.NS,BE,12.2,779.3230336,40.0,speculative,False,True,,True,41.904761904761905,7793230336.0,12.2,0.3,-0.6070183394273941,,0.17057556724630718,0.12043,0.07196,0.19795,68.314,4.102624706035288,,,,-2.6458252547657084,2562071000.0,0.2768049581730698,193413000.0,0.36903831946225685,1.3332070418750193,40.666664,,4.7805643,23.293,0.343,0.05,306626,,,"[762514000.0, 839329000.0, 744082000.0, 373031000.0, 605629000.0]","[53430000.0, 59704000.0, 61209000.0, 21311000.0, 51189000.0]","[0.08, 0.09, 0.1, 0.033, 0.8]","[0.10073913396999923, -0.11347993456677896, -0.4986695014796756, 0.6235353093978784]","[0.11742466778963134, 0.025207691276966315, -0.651832246891797, 1.4019989676692788]","[0.125, 0.11111111111111116, -0.6699999999999999, 23.242424242424242]","[0.6775836138281068, 0.2915438784188033, 0.7777432500258203]","[1.7574654074486795, 2.2112506714585036, 1.689521264379815]","[3.257301547678482, 3.4808094905792046, 4.645772018449374, 2.2779450841452613, 3.957857694618488]",0.0918004530340144,0.1270849322420975,-0.24089987881814523,,0.06523527415586039,-0.4369774405910919,0.345791640594459,0.46734438760302505,0.49206349206349204,0.09326655258382259,0.3854362332960415,-0.5816421038547903,4.0,0.0,16.0,9.0,0.0,11.0,0.0,0.0,0.0
AVANCE.NS,EQ,0.79,156.5714816,40.0,speculative,False,True,,True,48.57142857142857,1565714816.0,0.79,0.07,2.2204420518837455,,0.024483934913884838,0.02517,0.07716,0.00758,41.621,,,,,-10.365266203791148,1592561000.0,0.7342576044053348,132361000.0,2.1945621031563847,2.9888176710593695,11.285714,0.05082642886548467,0.41578948,,0.543,0.0,6213237,,,"[606473000.0, 309353000.0, 495024000.0, 413994000.0, 374190000.0]","[24659000.0, 103726000.0, 20140000.0, -7707000.0, 16206000.0]","[0.01, 0.05, 0.01, 0.0, 0.01]","[-0.48991463758485543, 0.6001913671436838, -0.16368903325899353, -0.09614632096117337]","[3.2064155075226086, -0.8058346027032759, -1.382671300893744, -3.1027637212923316]","[4.0, -0.8, -1.0, inf]","[0.4162125807219269, 0.30583874248675336, 0.1464361300809764]","[2.1709708160829977, 1.5883783700886422, 1.883476999690338]","[1175.2380952380952, 141.05668016194332, 50.00243309002433, -129.6271186440678, 2702.0]",-0.05952375461590087,,,,,,,0.36455436969616023,0.25,,0.39940968875770033,,7.0,0.0,20.0,5.0,8.0,2.0,-2.0,0.0,0.0
AVONMORE.NS,EQ,12.7,358.3746048,40.0,speculative,False,True,,True,37.142857142857146,3583746048.0,12.7,0.54,-0.6056927482696693,,0.05440860215053763,0.24475001,0.14456001,0.58206004,4.926,13.863013698630137,,,,1.855513307984791,1899000000.0,-0.0326410562379027,78900000.0,-0.5911523333154101,18.110698655301654,23.518517,,0.86873245,,0.375,0.0,187409,,,"[391800000.0, 615800000.0, 577000000.0, 367900000.0, 335100000.0]","[113900000.0, -95200000.0, 91700000.0, 44000000.0, 38400000.0]","[0.4, -0.34, 0.32, 0.16, 0.14]","[0.5717202654415519, -0.0630074699577785, -0.3623916811091854, -0.08915466159282415]","[-1.835820895522388, -1.9632352941176472, -0.520174482006543, -0.12727272727272732]","[-1.85, -1.9411764705882353, -0.5, -0.12499999999999989]","[0.010866059649758142, 0.0673312762085608, 0.0563930590195191]","[5.4416356152512995, 6.994318181818182, 4.2380472146287245]","[29.126984126984127, -19.870967741935484, 26.13888888888889, 20.44736842105263, 12.73076923076923]",-0.0245776219084326,0.2624253756988437,0.02008032159277251,,0.1442617828030126,-0.34502319705872864,0.38797817909691723,0.5816417163480868,0.4603174603174603,0.9549494894721492,0.28643794323959826,-0.5281072766090389,7.0,0.0,2.0,10.0,7.0,14.0,0.0,0.0,0.0
BCG.NS,EQ,9.11,1838.8733952,40.0,speculative,False,True,,True,46.666666666666664,18388733952.0,9.11,5.02,-0.11103867251554944,,0.13527818160018637,0.21518,0.14022,0.33369,,86272.7891566265,,,,0.10666763238177143,69280584000.0,-0.02158479189248963,9623266000.0,-0.11128531933237773,5.155728157430101,1.814741,,0.17395787,0.223,0.699,0.0,6199752,,,"[17521757000.0, 15966396000.0, 22319419000.0, 16439832000.0, 9874944000.0]","[2615770000.0, 2078313000.0, 3105961000.0, 2330296000.0, 1206769000.0]","[1.3, 1.0296, 1.5387, 1.1545, 0.5978]","[-0.0887674107111519, 0.39789962618990526, -0.2634292138160048, -0.39932816831704854]","[-0.2054679883934749, 0.494462576137473, -0.24973430123559182, -0.4821391788854291]","[-0.20799999999999996, 0.4944638694638692, -0.24969129784883337, -0.4822000866175834]","[0.0, 0.0]","[6.71047576578862, 5.860123924034847, 6.997552642386123]","[71138.35849056604, 87009.48717948717, 87622.94117647059, 101694.0, 44642.07692307692]",0.014476628181268714,-0.03902952567778284,-0.05301457743751281,,-0.009983276185374423,-0.3823729046320511,0.11505502712427162,0.38727709388593623,0.36507936507936506,1.4654549938884949,9.848762261422582,-0.4461016897427834,4.0,0.0,2.0,7.0,10.0,17.0,0.0,0.0,0.0
DIGIDRIVE.NS,EQ,17.91,69.064352,39.0,speculative,False,True,,True,39.04761904761905,690643520.0,17.91,1.49,0.0511711252544127,,0.025399339296191273,0.011720001,0.12286,0.41004002,0.32,78.72307692307692,,,,-0.8143542270800803,461479000.0,0.024386118741734686,53796000.0,0.0499322806521334,2.047569815473699,12.020134,2.349007167663067,0.25705057,-46.175,0.776,0.0,17980,,,"[102400000.0, 96800000.0, 117300000.0, 151500000.0, 95900000.0]","[2700000.0, -19900000.0, 57200000.0, 17500000.0, -1000000.0]","[0.07, -0.51, 1.48, 0.45, -0.03]","[-0.0546875, 0.21177685950413228, 0.2915601023017902, -0.36699669966996695]","[-8.37037037037037, -3.8743718592964824, -0.6940559440559441, -1.0571428571428572]","[-8.285714285714285, -3.9019607843137254, -0.6959459459459459, -1.0666666666666667]","[0.0032110144046915384, 0.003912937148447053, 0.0030794803727267036]","[4.680009073037955, 4.502572898799314, 3.9926640974485434]","[13.0, -68.0, 425.0, 41.0, -0.5]",0.006179809835190175,-0.03345929931239722,-0.12591507821013803,,-0.0332064540556638,-0.3993963772400473,0.06290797875043874,0.2499440832167992,0.4126984126984127,0.6267434563204091,0.03004137985952377,-0.4349429727058536,10.0,0.0,7.0,9.0,8.0,7.0,-2.0,0.0,0.0
AKSHAR.NS,EQ,0.42,33.0736736,38.0,speculative,False,True,,True,32.38095238095238,330736736.0,0.42,-0.07,0.14793750964627783,,-0.09132330059032438,0.03728,-0.045900002,0.14819999,6.226,-18.675248967694923,,,,-0.24545971256123636,1172812000.0,-0.04945392242018176,-73894000.0,0.38784617937376686,-7.842576693481645,,,0.40462428,11.512,1.162,0.0,1124939,,,"[299331000.0, 344002000.0, 343512000.0, 223418000.0, 261880000.0]","[5980000.0, -3897000.0, -37950000.0, -19682000.0, -12365000.0]","[0.01, -0.005, -0.05, -0.02, -0.02]","[0.14923612990301716, -0.001424410323195846, -0.3496064184075083, 0.1721526466085992]","[-1.6516722408026756, 8.738260200153965, -0.4813702239789196, -0.3717609998983843]","[-1.5, 9.0, -0.6000000000000001, 0.0]","[0.062256689041793836, 0.05749762705405377, 0.0673516861727936]","[4.4793107024336285, 6.611031859248692, 9.9148698948524]","[14.901201602136181, 8.035252643948295, -54.14476386036961, -13.654128440366973, -13.397670549084859]",0.0,-0.045454570084564105,-0.045454570084564105,,-0.03689003384144551,-0.4246575672422026,0.13513508506549265,0.3375120264399315,0.1746031746031746,0.9486277451749857,0.03579498342867986,-0.49315069164248193,13.0,0.0,10.0,4.0,6.0,9.0,-4.0,0.0,0.0
CYBERMEDIA.NS,BE,18.73,39.014064,38.0,speculative,False,True,,True,36.19047619047619,390140640.0,18.73,2.46,-0.027239665584024686,,0.3806602205081729,0.03274,0.03453,0.19354999,216.303,5.932628797886394,,,,-1.9487800555325812,1032699000.0,0.09605596206715994,16927000.0,-0.25160526551797047,-2.619361256743796,7.613821,,-3.9944549,9.694,0.222,0.0,14147,,,"[504057000.0, 282034000.0, 250118000.0, 242094000.0, 258453000.0]","[7274000.0, 16554000.0, 2011000.0, 9309000.0, 2810000.0]","[0.78, 1.02, 0.12, 0.54, 0.71]","[-0.4404720101099677, -0.11316366111887222, -0.03208085783510184, 0.06757292621874145]","[1.2757767390706625, -0.8785187870001208, 3.6290402784684233, -0.6981415834139005]","[0.3076923076923077, -0.8823529411764706, 3.500000000000001, 0.31481481481481466]","[-1.3300132714873263, -0.8983344549125168, -0.7441580504020924]","[1.1683414725770098, 1.013082225139418, 0.9228200729782255]","[8.224155934563175, 8.977523659305994, 2.2760917838638046, 5.757429718875502, 6.895380434782608]",-0.2905303101182751,0.15049132384868735,0.2706919832479404,,0.1586949323779785,-0.2950696365312758,0.6429824709635441,0.6505678890451767,0.4603174603174603,0.5307475537765859,0.05751567301424027,-0.3887399543320388,13.0,0.0,2.0,6.0,5.0,12.0,0.0,0.0,0.0
AAKASH.NS,EQ,8.25,83.5312512,37.0,speculative,False,True,,True,34.285714285714285,835312512.0,8.25,0.35,-1.0,,0.09561325789847482,-0.01026,0.029930001,0.83101,41.927,3.535545421187818,,,,4.123227795635447,1124600000.0,0.06700168720120692,34999279.0,-0.08279801618335081,-1.2357601672732108,23.571428,,1.277881,7.84,-0.16,0.0,107303,,,"[278945000.0, 326477000.0, 311501000.0, 238553000.0, 257745000.0]","[5248000.0, 18800000.0, 8047000.0, 5377000.0, 2750000.0]","[0.05, 0.19, 0.08, 0.05, 0.03]","[0.17039918263456943, -0.045871531532083454, -0.23418223376489966, 0.08045172351636753]","[2.582317073170732, -0.571968085106383, -0.33180067105753697, -0.4885623953877627]","[2.8, -0.5789473684210527, -0.375, -0.4]","[0.4192981307533346, 0.42884884466006723, 0.39310351797089205]","[0.8399761611595572, 0.7256617676984106, 0.9082866570167315]","[2.4575645756457565, 8.166711409395973, 3.415415639704235, 2.2309805941954317, 1.6362881806108898]",-0.05714285714285716,-0.06356417627061406,0.0012136200436421163,,-0.022694396502833003,-0.3067226668517382,0.07421877401066057,0.34810829338264926,0.42857142857142855,0.8563067895927375,0.1108072480809784,-0.33529410916157276,10.0,0.0,2.0,8.0,7.0,10.0,0.0,0.0,0.0
ALANKIT.NS,EQ,7.76,210.4187008,37.0,speculative,False,True,,True,39.04761904761905,2104187008.0,7.76,0.71,,,0.06995518946138146,0.0867,0.08191,0.43675,6.351,13.232870841592115,,,,-1.154739151607819,3434395000.0,0.03286425470018273,190973000.0,,,10.929578,,0.6541898,8.909,0.712,0.0,132529,,,"[776640000.0, 1009222000.0, 717021000.0, 800916000.0, 907785000.0]","[51984000.0, 21393000.0, 74801000.0, 43258000.0, 51524000.0]","[0.19, 0.08, 0.28, 0.16, 0.19]","[0.2994720848784507, -0.289530945619497, 0.11700494127787042, 0.13343346867836337]","[-0.5884695290858726, 2.496517552470434, -0.42169222336599776, 0.19108604188820566]","[-0.5789473684210527, 2.5000000000000004, -0.4285714285714286, 0.1875]","[0.060660427769554874, 0.06959418662370107, 0.038829964886005056]","[1.958079120643946, 1.7868876997343113, 1.666095786696965]","[15.332466084370935, 7.5110459095616156, 8.367042655257357, 6.802988643156008, 15.368722615436468]",-0.04668305877316481,-0.034825837599464116,-0.1425414292447964,,-0.03995233531149134,-0.3860759479345143,0.137829916944338,0.232798025550938,0.38095238095238093,0.8953262957959699,0.0893117921441865,-0.4604430390491143,7.0,0.0,2.0,9.0,10.0,9.0,0.0,0.0,0.0
DAVANGERE.NS,EQ,2.36,400.2313984,36.0,speculative,False,True,,True,34.285714285714285,4002313984.0,2.36,0.21,-0.2519354751757469,,0.062042226069169606,0.22994,0.03264,0.31248,60.22,1.4224210833833049,,,,-5.540773743049596,2352900000.0,-0.05003383579637499,85067000.0,-0.136670553746449,2.731562583022086,11.285714,,0.9154113,12.502,0.486,0.0,11987248,,,"[347156000.0, 838238000.0, 826861000.0, 481926000.0, 240701000.0]","[9384000.0, 19499000.0, 26227000.0, 26299000.0, 13042000.0]","[0.007, 0.01, 0.01, 0.18, 0.014]","[1.414585949832352, -0.013572517590469513, -0.4171620139297899, -0.5005436519299644]","[1.0778985507246377, 0.34504333555566946, 0.002745262515728042, -0.5040876078938363]","[0.4285714285714286, 0.0, 17.0, -0.9222222222222223]","[0.6022027149041607, 0.3971837382066726, 1.0191001250072538]","[1.9647114421573184, 2.393889981409117, 1.4277280560773]","[1.1781700328270184, 1.3109251120779135, 1.7152658119793232, 1.3529087750519047, 1.2481157585869627]",0.20918359154713695,-0.334269684367282,-0.3629032614700005,,-0.29892092403647375,-0.5398058559861071,0.3542856488909041,0.7036469265309757,0.3492063492063492,1.549693904204795,4.623071778756607,-0.660194181049788,7.0,0.0,2.0,6.0,9.0,12.0,0.0,0.0,0.0
DIGISPICE.NS,EQ,15.15,316.0339456,36.0,speculative,False,True,,True,36.19047619047619,3160339456.0,15.15,0.93,,,0.13011508548757833,0.11174,0.04142,0.21031,35.372,16.295460146892097,,,,3.39417097080215,4646456000.0,0.024945549428849967,189740000.0,,,16.290321,,1.5857233,4.024,0.192,0.0,81089,,,"[1077513000.0, 1071723000.0, 1091319000.0, 1245848000.0, 1237566000.0]","[64844000.0, 27019000.0, 23565000.0, 70622000.0, 68534000.0]","[0.28, 0.11, 0.11, 0.3, 0.29]","[-0.005373485053080551, 0.018284575398680447, 0.1415983777428964, -0.0066476809370003]","[-0.5833230522484733, -0.12783596728228286, 1.9969021854445153, -0.029565857664750395]","[-0.6071428571428572, 0.0, 1.727272727272727, -0.033333333333333326]","[0.3564699124185636, 0.05541121960383851, 0.3715819354450148]","[1.1733727086130286, 1.1491092354810415, 1.239283898650272]","[27.913237221494104, 13.073461538461538, 10.286964448495898, 37.64226469527588, 14.906721335481036]",-0.10408044025802787,-0.24514201051845286,-0.12071967376477866,,-0.12266123267253548,-0.4526734302203952,0.024340747640687832,0.2878961018058182,0.4126984126984127,1.2202325119317308,0.16694155689495088,-0.465679198020547,7.0,0.0,2.0,10.0,7.0,10.0,0.0,0.0,0.0
BHANDARI.NS,EQ,2.85,94.8925824,35.0,speculative,False,True,,True,34.285714285714285,948925824.0,2.85,0.26,-0.05824484332560387,,0.09779961457201454,0.082270004,0.02772,0.29969,57.828,2.032252002769261,,,,-0.949847456972568,2803373000.0,-0.003411382795969309,77683000.0,0.060868961668444355,-17.8428998763679,10.961538,,0.48859933,6.496,0.551,0.35,105614,,,"[508471000.0, 900483000.0, 590476000.0, 683346000.0, 629067000.0]","[12966000.0, 18860000.0, 21942000.0, 20692000.0, 16190000.0]","[0.04, 0.06, 0.078366, 0.078366, 0.07]","[0.770962355768569, -0.34426746534915154, 0.15727988944512572, -0.07943121054341429]","[0.4545734999228752, 0.1634146341463414, -0.05696837116033182, -0.21757200850570269]","[0.5, 0.30610000000000004, 0.0, -0.10675548069315777]","[0.5557943308443737, 0.6495250129169885, 0.6665365079012683]","[2.2923512226499065, 2.1304742007559576, 2.158422085353375]","[1.7292381464180893, 2.1257878658984573, 1.9227200879664628, 2.0413100980239616, 1.8399984469638142]",-0.04680141950744643,-0.030645469439839368,-0.14383355064992642,,-0.015222522757249113,-0.41640903994917966,0.4086679436922458,0.2014829693666054,0.3333333333333333,0.5276939313980155,0.03404303785283446,-0.5857143177964454,10.0,0.0,2.0,6.0,10.0,7.0,0.0,0.0,0.0
AROGRANITE.NS,EQ,22.81,34.8992992,34.0,avoid,False,True,,True,31.428571428571427,348992992.0,22.81,-12.62,0.2722260490329471,,0.016226207834860697,-0.24905,-0.28804,0.34986,87.15,0.23106699751861043,,,,-1.4156209012058387,735159000.0,-0.23452265520639426,-118175000.0,0.26861505722420453,-1.145369333243336,,,0.20063859,-25.891,0.482,0.0,3214,,,"[206242000.0, 115189000.0, 146912000.0, 202691000.0, 270366000.0]","[-74549000.0, -64073000.0, -29743000.0, -24917000.0, 558000.0]","[-4.83, -4.21, -1.92, -1.66, 0.0]","[-0.44148621522289344, 0.27539956072194394, 0.37967626878675675, 0.33388260948932125]","[-0.14052502380984322, -0.5357951087041344, -0.16225666543388362, -1.0223943492394751]","[-0.12836438923395443, -0.5439429928741093, -0.13541666666666663, -1.0]","[0.8715052066535243, 0.8085142479648297, 0.858963743003444]","[1.4673361894724968, 1.4012695029918492, 1.4563022728681811]","[-1.5607540702656384, -0.7853191013747625, 0.22797188012051378, 0.43594006087567316, 1.0285147604127742]",-0.09833401122615315,-0.1183948960351019,0.004981911717919063,,-0.06023193292318074,-0.4189578074889332,0.16544114848027203,0.2819376967774222,0.4444444444444444,0.6672341858433457,0.015276039090309144,-0.5014401256822429,13.0,0.0,11.0,2.0,5.0,5.0,-2.0,0.0,0.0
AVROIND.NS,EQ,6.95,9.324912,34.0,avoid,False,True,,True,31.428571428571427,93249120.0,6.95,0.22,-0.5604007500305346,,0.08159666109975443,0.043920003,0.043109998,0.34219003,19.736,4.870657568238213,,,,0.8883257564222479,909945000.0,0.04380217214176274,45973000.0,0.03460934241592151,0.7901284507971599,31.590908,,1.043857,6.982,-0.257,0.0,171576,,,"[253428000.0, 271556000.0, 242870000.0, 209021000.0, 216681000.0]","[6932000.0, 9813000.0, 10683000.0, 12084000.0, 10519000.0]","[0.05, 0.0073, 0.08, 0.091, 0.08]","[0.07153116467004428, -0.10563566999072016, -0.13937085683699102, 0.0366470354653361]","[0.41560877091748405, 0.08865790278202379, 0.13114293737714133, -0.12951009599470376]","[-0.854, 9.95890410958904, 0.13749999999999996, -0.12087912087912078]","[0.19735702801956978, 0.2681571158982397, 0.23408429335074007]","[3.5868659000745113, 1.9253729822619043, 3.3330087082564237]","[3.1930579460699944, 5.137506547930854, 3.84926769731489, 5.367180417044424, 4.509073075036783]",-0.18997670500407815,-0.2900919472578162,-0.41884772789619074,-0.5261148482392465,-0.2049057608839484,-0.5412541264513003,0.04041915986001832,0.49052046743394323,0.42857142857142855,0.5877582582893477,0.1602549949665904,-0.5590759078192861,15.0,0.0,4.0,9.0,5.0,3.0,-2.0,0.0,0.0
BAGFILMS.NS,EQ,4.15,90.4360128,34.0,avoid,False,True,,True,34.285714285714285,904360128.0,4.15,0.26,,,0.05446044394737251,0.16813,0.02987,0.945,50.258,1.9518743040950142,,,,-3.684577752827011,1500719000.0,0.10340315476941364,37407000.0,,,15.961539,,0.50284743,11.841,0.505,0.0,54655,,,"[385877000.0, 429263000.0, 399271000.0, 357515000.0, 314670000.0]","[25551000.0, 10706000.0, 7082000.0, 3611000.0, 16008000.0]","[0.17, 0.14, 0.01, 0.02, 0.11]","[0.11243479139725876, -0.0698685887206677, -0.10458059814011034, -0.11984112554717985]","[-0.5809948729990999, -0.3385017747057725, -0.4901157865009884, 3.43312101910828]","[-0.17647058823529405, -0.9285714285714286, 1.0, 4.5]","[0.7019702752505499, 0.7652813352902125]","[2.1437846213923937, 1.7643411188118032, 1.8272100122858652]","[2.801421800947867, 2.973920438439006, 1.1424640135478408, 1.2216118996694536, 2.3229996207811907]",-0.07982264196107569,-0.06320535977903174,-0.195736391843349,,-0.05827638253289957,-0.4638242612288993,0.1432506789346486,0.3004163065141204,0.2857142857142857,0.7076279599819663,0.02689630661967516,-0.5310077232836264,10.0,0.0,5.0,6.0,8.0,5.0,0.0,0.0,0.0
ATL.NS,EQ,24.68,720.3088384,32.0,avoid,False,True,,True,36.19047619047619,7203088384.0,24.68,1.46,-0.09831162381025715,,0.10334614889350821,0.12448,0.04891,0.2902,218.109,1.9256212510711226,,,,3.5580185478398554,8161600000.0,0.05058136773551758,442100000.0,-0.08421161422187873,-1.6648742015480618,16.90411,,2.0432155,7.716,1.114,0.0,214408,,,"[2144100000.0, 2080400000.0, 2183500000.0, 2071600000.0, 1872500000.0]","[63700000.0, 87700000.0, 150300000.0, 113000000.0, 91100000.0]","[0.24, 0.3, 0.55, 0.421824, 0.34]","[-0.029709435194253953, 0.04955777735050959, -0.05124799633615751, -0.09610928750724079]","[0.37676609105180536, 0.7137970353477765, -0.2481703260146374, -0.19380530973451326]","[0.25, 0.8333333333333335, -0.23304727272727288, -0.19397663480503702]","[2.181090970981193, 2.0870269569725246, 2.0419134905554936]","[1.0068356947551578, 0.9211545412299272, 1.078354554358472]","[1.8518518518518519, 1.6075334143377886, 2.2264728385615915, 1.9958677685950412, 1.9454545454545455]",-0.024891314660608344,0.06747402289428761,-0.03442876287768171,,0.014088269069126413,-0.33043950362158203,0.3211991382215098,0.482890253999862,0.4603174603174603,1.0468247663495551,0.465676828857584,-0.4932175801448633,4.0,0.0,2.0,4.0,7.0,15.0,0.0,0.0,0.0
BESTAGRO.NS,EQ,17.65,625.994496,32.0,avoid,False,True,,True,32.38095238095238,6259944960.0,17.65,1.17,-0.6413109169538198,,0.07044312361070842,0.1715,0.02328,0.32682,57.549,1.2025159826768406,,,,10.985343855693348,12475100000.0,-0.10595379176186315,88700000.0,-0.6412729793154786,6.05238348389432,15.08547,,0.8142646,7.317,0.047,0.56,551337,,,"[3962000000.0, 1556900000.0, 2029100000.0, 5168300000.0, 3812400000.0]","[406500000.0, -372400000.0, -127400000.0, 389300000.0, 199200000.0]","[1.15, -1.05, -0.024, 1.097333, 0.56]","[-0.6070418980312973, 0.30329500931337905, 1.5470898427874427, -0.2623493218272933]","[-1.9161131611316113, -0.6578947368421053, -4.055729984301413, -0.4883123555098895]","[-1.9130434782608696, -0.9771428571428571, -46.72220833333333, -0.48967177693553365]","[0.5754777111489783, 0.5382486657442183, 0.6307598896529877]","[1.5277703371571654, 1.4295096756732375, 1.3650332919932098]","[4.6376329787234045, -2.947840260798696, -0.3663230240549828, 5.0984375, 2.868995633187773]",-0.1158089206603855,0.16671370539041086,0.0275456973131325,,0.06072194996503244,-0.41063717246459097,0.4427411024344634,0.6778446738064658,0.38095238095238093,0.32804241602137657,0.8573805802281093,-0.5914978601906291,4.0,0.0,2.0,6.0,9.0,11.0,0.0,0.0,0.0
BOHRAIND.NS,EQ,14.78,31.2924416,31.0,avoid,False,True,,True,21.904761904761905,312924416.0,14.78,-1.34,-0.12080150006106927,,-0.042363998648565965,-1528.2,0.0,1.0,1.6,,,,,2.425007574992425,0.0,,-29703000.0,0.003548814227786856,,,,0.42280513,-8.631,-1.453,0.0,21008,,,"[0.0, 0.0, 0.0, 0.0, 0.0]","[-5655000.0, -10343000.0, -6031000.0, -6398000.0, -6931000.0]","[-0.27, -0.49, -0.28, -0.3, -0.33]",[],"[0.8290008841732979, -0.4169003190563666, 0.06085226330625093, 0.08330728352610195]","[0.8148148148148147, -0.4285714285714285, 0.0714285714285714, 0.10000000000000009]","[0.01600139861466675, 0.015620877510948004, 0.01928577880822619]","[11.975463287795616, 12.20960483324086, 7.491341410555429]","[-2080.5, -3198.0, -6930.0]",0.19676107501563322,-0.014009342318442752,-0.14861755683591094,,-0.0654026930677375,-0.3284870704555166,0.19676107501563322,0.6093265425058931,0.42857142857142855,1.0624192485648918,0.02616197604314327,-0.438891401497403,13.0,0.0,2.0,3.0,5.0,10.0,-2.0,0.0,0.0
ANTGRAPHIC.NS,EQ,0.69,10.6956624,30.0,avoid,False,True,,True,24.761904761904763,106956624.0,0.69,-0.02,-1.3080082135523614,0.12187,-0.02228589954089583,0.01454,0.051220004,0.10086001,,-121.77142857142857,,,,-0.09355364207586689,8393000.0,-0.09818228349713065,-4297000.0,,,,,0.6699029,,0.693,0.0,199674,,,[],[],[],[],[],[],[],[],[],-0.05479454851034116,-0.11538458599376378,-0.17857140576352803,,-0.06241804630048631,-0.3727272884904842,0.014705868173635617,0.2675482875479045,0.23809523809523808,1.0303238867363584,0.014647678195833564,-0.38181818871458684,15.0,0.0,0.0,2.0,5.0,10.0,-2.0,0.0,0.0
CCHHL.NS,EQ,12.71,207.7636864,30.0,avoid,False,True,,True,20.0,2077636864.0,12.71,-1.07,,,-0.03851792034836849,0.02219,-0.16382,0.75206,7.896,-33.4137864452597,,,,1.4816236723167047,783152000.0,0.06869616557063751,-176341000.0,,,,,0.696782,10.135,0.33,0.0,34328,,,"[153642000.0, 183260000.0, 158824000.0, 200810000.0, 240258000.0]","[4189000.0, -168406000.0, -13112000.0, 1339000.0, 2583000.0]","[0.03, -1.03, -0.08, 0.01, 0.02]","[0.19277280951823061, -0.13334060897086109, 0.26435551302070226, 0.196444400179274]","[-41.201957507758415, -0.9221405413108796, -1.1021201952410007, 0.9290515309932785]","[-35.333333333333336, -0.9223300970873787, -1.125, 1.0]","[0.07895770094423732, 0.0749893653399204, 0.10890116635972989]","[0.7386554980982093, 0.5760954825414359, 0.6339175404363472]","[-23.807539682539684, 2.3300117233294255, 2.3287302121926574]",0.005537950389471025,0.014365547407166446,0.08725410559255353,,0.00023397375276301702,-0.26104654218777756,0.2013232636862632,0.2510887430132103,0.49206349206349204,1.1182904302302281,0.0342805833608532,-0.3848837526506046,7.0,0.0,2.0,4.0,6.0,15.0,-4.0,0.0,0.0
ACCURACY.NS,EQ,4.17,62.78352,29.0,avoid,False,True,,True,30.476190476190478,627835200.0,4.17,0.26,-0.22100102513134035,,0.10317169954690006,0.02614,0.00614,0.07595,124.622,1.350475208133795,,,,6.302231237322515,6705750000.0,-0.0856906886627683,39440000.0,-0.21710057287934126,2.533537497098785,16.038462,,0.49035752,6.826,0.323,0.0,68256,,,"[1408050000.0, 1608490000.0, 1575360000.0, 1905010000.0, 1616890000.0]","[3430000.0, 20770000.0, 6860000.0, 5970000.0, 4090000.0]","[0.03, 0.14, 0.05, 0.04, 0.03]","[0.14235289939987927, -0.0205969573948237, 0.2092537578712168, -0.15124330056010205]","[5.055393586005831, -0.6697159364467983, -0.1297376093294461, -0.3149078726968174]","[3.666666666666667, -0.6428571428571428, -0.20000000000000007, -0.25]","[1.260969625044103, 1.0791493903690628, 1.1223455778257954]","[1.584770791130391, 1.4209293653545472, 1.3685571827351488]","[1.1257094211123724, 1.4454483849107749, 1.341164791528789, 1.3422053231939164, 1.2037037037037037]",-0.011848274024543137,-0.21763599700120417,-0.14723922491824293,,-0.12882446483600285,-0.40086206128755075,0.20172911870668564,0.27608853400555766,0.3968253968253968,0.6744810994397474,0.024553479219610694,-0.5014367802310988,10.0,0.0,2.0,4.0,9.0,4.0,0.0,0.0,0.0
AKG.NS,EQ,9.34,29.6793216,29.0,avoid,False,True,,True,20.0,296793216.0,9.34,0.12,-0.501885276413045,,0.022717663813437376,0.01272,0.0047299997,0.092259996,10.82,1.6382722653115807,,,,12.048972188633616,845743000.0,-0.27413860841651905,3308000.0,-0.4951657120566473,1.8062603984051215,77.833336,,0.60496145,69.131,0.525,0.0,21393,,,"[207184000.0, 163943000.0, 181871000.0, 232316000.0, 285554000.0]","[885000.0, 693000.0, 1025000.0, 1120000.0, 777000.0]","[0.03, 0.02, 0.03, 0.04, 0.02]","[-0.20870820140551394, 0.1093550807292778, 0.27736692490831416, 0.2291620034780213]","[-0.2169491525423729, 0.479076479076479, 0.09268292682926838, -0.30625]","[-0.33333333333333326, 0.5, 0.3333333333333335, -0.5]","[0.1082016244357002, 0.15715714028938618, 0.20637468599686842, 0.2142133495631925]","[7.615593960068225, -2.115549477465709, -4.195728936119887, 3.0000825085749985]","[1.903971119133574, 1.5226683937823835, 1.8166472642607683, 1.6543488057683642, 1.5060352831940576]",0.0,-0.13035378476404902,-0.13438367139865315,,-0.015551178517917541,-0.36202186246205736,0.10794778344828715,0.5456200240097249,0.4603174603174603,0.8137628640740127,0.024544708643155097,-0.424180320527064,13.0,0.0,2.0,6.0,5.0,9.0,-6.0,0.0,0.0
BASML.NS,EQ,23.0,183.8191616,29.0,avoid,False,True,,True,32.38095238095238,1838191616.0,23.0,2.97,,,0.10696949161918459,0.05156,0.02632,0.29614002,83.809,1.5425729492564848,,,,8.497774351216107,8577989000.0,-0.060979586431883503,137488000.0,,,7.7441077,,0.3881136,7.131,0.713,1.09,49205,,,"[2165093000.0, 2207106000.0, 2038975000.0, 2283232000.0, 2173927000.0]","[136942000.0, 13777000.0, 22600000.0, 55537000.0, 45573000.0]","[1.71, 0.16, 0.28, 0.69, 0.63]","[0.0194047091741556, -0.07617712968928547, 0.11979401414926616, -0.047872927499264195]","[-0.8993953644608667, 0.64041518472817, 1.4573893805309734, -0.1794119235824766]","[-0.9064327485380117, 0.7500000000000002, 1.464285714285714, -0.08695652173913038]","[0.8380915461911495, 0.9585486034444926, 1.1259737211558527]","[1.0610112665308018, 1.1371937155726806, 1.1286051930504213]","[1.2272153128643606, 1.282910603656186, 1.4428268202675685, 1.693375426447375, 1.6328586379606789]",-0.09484454395451547,-0.09099445096584191,0.05431440410274768,,-0.057865713721426126,-0.2570878883991572,0.3442965834359972,0.3198942740150761,0.4444444444444444,0.4080652617756866,0.10526669597455977,-0.44735996449386695,7.0,0.0,0.0,5.0,10.0,7.0,0.0,0.0,0.0
AKSHOPTFBR.NS,BE,7.73,125.7655296,28.0,avoid,False,True,,True,27.61904761904762,1257655296.0,7.73,-0.12,-0.012196338711157662,,-0.5495204935556777,0.15334,-0.01269,0.35575,,-0.40663731614489634,,,,-0.016859046438870658,1269233000.0,-0.23534229666366446,-130731000.0,-0.012522851535715862,0.053211223453014427,,,-9.602485,14.032,0.393,0.0,330803,,,"[498700000.0, 408301000.0, 264041000.0, 311898000.0, 268950000.0]","[47084000.0, 22426000.0, -58054000.0, -30519000.0, -64583000.0]","[0.29, 0.14, -0.36, -0.19, -0.4]","[-0.18126930018046927, -0.35331777291752897, 0.18124836673092437, -0.13769886308985635]","[-0.5237023192591963, -3.5886916971372513, -0.47429978985082855, 1.11615714800616]","[-0.5172413793103448, -3.571428571428571, -0.4722222222222222, 1.1052631578947367]","[-7.925296890018914, -64.92234774704583, 8.535129219341107]","[0.6331741906243356, 0.633915144146162, 0.656352633768186]","[3.429017857142857, 2.146772767462423, -1.3791510738006136, -0.19196910122133687, -1.5357154662347536]",0.09180792406381655,0.21732285593172285,0.5711381908953568,,0.12548703186190346,-0.12059157535605736,0.9471032653315907,0.5665124588228679,0.49206349206349204,1.6366998012427567,0.3333820203339291,-0.5383721101728878,7.0,0.0,0.0,2.0,1.0,22.0,-4.0,0.0,0.0
ARCHIES.NS,EQ,12.29,41.5156192,28.0,avoid,False,True,,True,17.142857142857142,415156192.0,12.29,-1.76,,,-0.00866280423070154,-0.17459999,-0.120629996,0.64542,34.565,-0.3368842279563958,,,,-0.8544333255759833,555096000.0,-0.12615638625671366,-42970000.0,,,,,0.33277375,143.39,0.833,0.0,33951,,,"[78543000.0, 100632000.0, 135233000.0, 181306000.0, 135216000.0]","[-13825000.0, -42703000.0, -746000.0, -2521000.0, 3001000.0]","[-0.41, -1.26, -0.02, -0.07, 0.09]","[0.2812344830220388, 0.34383695047301055, 0.3406934697891786, -0.2542111127044886]","[2.0888245931283906, -0.9825305013699271, 2.3793565683646114, -2.1904006346687823]","[2.073170731707317, -0.9841269841269842, 2.5000000000000004, -2.2857142857142856]","[0.34565169108447674, 0.33451309908420396, 0.36988214042692413]","[1.6611169638063834, 1.688656704582684, 1.6470538284520604]","[-1.1930255951715658, -4.784266103484688, 1.1053602541764886, 1.3254857612830266, 1.2092455043002346]",-0.04559499366661479,-0.1121494955467317,-0.09057434087972027,,-0.0883939781973555,-0.4053923876129051,0.11462098073181948,0.26766971183379645,0.38095238095238093,1.4959419799074387,0.03337694521621704,-0.4665382917907239,13.0,0.0,0.0,3.0,5.0,13.0,-6.0,0.0,0.0
ASHIMASYN.NS,EQ,14.72,282.123648,28.0,avoid,False,True,,True,39.04761904761905,2821236480.0,14.72,-0.08,0.38382750364445894,,0.005853392926015836,0.38849,-0.90102,0.71388,59.301,0.2951945080091533,,,,1.9847290640394089,120100000.0,-0.6128568836851768,-203000000.0,0.4506349306453876,-0.7353020625886905,,,1.0188261,-52.772,0.238,0.0,76110,,,"[83300000.0, 68600000.0, 7800000.0, 40100000.0, 27700000.0]","[19300000.0, -69400000.0, -27400000.0, -80800000.0, -25300000.0]","[0.1, -0.36, -0.14, -0.42, -0.13]","[-0.17647058823529416, -0.8862973760932945, 4.141025641025641, -0.3092269326683291]","[-4.595854922279793, -0.6051873198847262, 1.948905109489051, -0.6868811881188119]","[-4.6, -0.611111111111111, 1.9999999999999996, -0.6904761904761905]","[0.5583041421400455, 0.5817184135583802, 0.37761254019292606]","[3.174189665548964, 3.866995507795296, 4.478662613981763]","[2.0284552845528454, -0.9772727272727273, 1.9959677419354838, -0.3286384976525822, 0.6627906976744186]",-0.17719392011012935,-0.032215632471350064,-0.006747599855237096,,-0.02742605903312878,-0.34809564584742414,0.2495756027760181,0.568753463801177,0.3968253968253968,0.5299861359000423,0.12851354358705996,-0.47829939004544775,7.0,0.0,11.0,4.0,3.0,8.0,-5.0,0.0,0.0
ASMS.NS,EQ,5.93,180.6140032,28.0,avoid,False,True,,True,29.523809523809526,1806140032.0,5.93,0.21,-0.6255892208093325,,0.13040534802751386,0.052610002,0.0653,0.097200006,25.615,70.69437340153452,,,,0.23176074136478517,1039578000.0,0.2547269139461692,59350000.0,-0.6223866000098227,-2.4433484093532027,28.238096,,5.165505,25.054,0.302,0.0,282744,,,"[119683000.0, 343876000.0, 483404000.0, 123967000.0, 88331000.0]","[9244000.0, 20843000.0, 24450000.0, 10043000.0, 4471000.0]","[0.03, 0.07, 0.08, 0.03, 0.01]","[1.8732234318992673, 0.40575091021182064, -0.7435540458912214, -0.2874635991836537]","[1.2547598442232801, 0.17305570215420052, -0.5892433537832311, -0.5548142985163795]","[1.3333333333333335, 0.1428571428571428, -0.625, -0.6666666666666666]","[0.2561520860033826, 0.005624732656793633, 0.006495644201531344]","[1.0664740560520283, 0.8198151709902894, 1.255177325167355]","[3.358862144420131, 40.50451807228916, 706.8157894736842, 258.5128205128205, -195.29268292682926]",-0.16124474054360105,-0.16830298272672473,-0.2948870468572745,,-0.08133911006177241,-0.5968728883099562,0.015410902979317687,0.2154252718975402,0.38095238095238093,0.4384918797988078,0.13183769240225077,-0.6029911531309854,7.0,0.0,7.0,9.0,0.0,5.0,0.0,0.0,0.0
BALAXI.NS,EQ,22.9,126.4251776,28.0,avoid,False,False,compound_fragility,True,24.761904761904763,1264251776.0,22.9,0.45,-0.6949804423975212,0.0058899997,0.03345740324856779,-0.0074199997,0.00524,0.44155997,23.145,2.355721201875048,4.045,2.424,-634658752.0,-3.175876914390571,2701735000.0,-0.07050259280671867,14169000.0,-0.6864463559069978,9.73646966131977,50.88889,,0.50758046,20.665,0.699,,26474,,,"[806818000.0, 707137000.0, 725424000.0, 561753000.0, 707421000.0]","[12974000.0, 6128000.0, 3050000.0, 2090000.0, 2901000.0]","[0.24, 0.11, 0.06, 0.04, 0.05]","[-0.12354830953201346, 0.025860618239464284, -0.22562115397340043, 0.259309696610432]","[-0.5276707260675196, -0.502284595300261, -0.3147540983606557, 0.38803827751196174]","[-0.5416666666666666, -0.4545454545454546, -0.33333333333333326, 0.25]","[0.23145076428387606, 0.23745412504873165, 0.23054394154044922]","[4.0450210432835245, 3.9565755773517757, 4.451796281456243]","[3.8517608517608517, 2.416809778765532, 2.5849168061435464, 2.54326384218785, 1.897922671702614]",-0.11240308931345055,-0.03983231646728014,-0.0017437190320879203,,-0.02991998163951337,-0.4759725579238201,0.461391161903955,0.3321012109349921,0.5555555555555556,0.9000657683131148,0.07624967972875595,-0.6414187688165177,7.0,0.0,2.0,11.0,5.0,9.0,-6.0,0.0,0.0
COMPUSOFT.NS,EQ,13.1,103.6539968,28.0,avoid,False,True,,True,22.857142857142858,1036539968.0,13.1,0.37,-0.17017346663375654,,0.04050207169825871,-0.06102,0.08683,0.50839,34.173,2.626620503943066,,,,3.5491552527289163,341401000.0,-0.14500440912462298,28766000.0,-0.1691461559967362,1.1664897434350758,35.405407,,0.7149485,92.105,0.603,1.94,20193,,,"[80657000.0, 79305000.0, 89573000.0, 84729000.0, 87794000.0]","[13664000.0, 10861000.0, -2371000.0, 6872000.0, 13405000.0]","[0.17, 0.14, -0.03, 0.09, 0.17]","[-0.016762339288592387, 0.12947481243301184, -0.0540787960657787, 0.03617415524790801]","[-0.20513758782201408, -1.2183040235705735, -3.898355124420076, 0.9506693830034925]","[-0.17647058823529405, -1.2142857142857142, -4.0, 0.8888888888888891]","[0.3417332894340653, 0.32820762623533867, 0.21070518508609076]","[2.2621726420250003, 2.202110157609148, 3.996184684737565]","[3.2451620562744865, 2.5554740701938186, 0.8169738534076296, 2.9811659192825113, 4.4086629001883235]",0.006144387165389897,-0.008354847554280287,-0.027146986342156287,,0.0020653848758587223,-0.31269086158054704,0.09675785911487744,0.29384002482294896,0.42857142857142855,1.2123368103005039,0.04464022263187409,-0.37332645240934414,7.0,0.0,1.0,6.0,5.0,13.0,-4.0,0.0,0.0
AKASH.NS,EQ,24.6,41.4818336,27.0,avoid,False,True,,True,17.142857142857142,414818336.0,24.6,0.38,-0.22232841157922734,,0.05176605076052388,0.029760001,0.0068800002,0.26543,108.169,1.2168933597808633,,,,-2.3640567200986435,817602000.0,0.09790360663739239,6488000.0,-0.2223281499006453,-2.2708882495420895,64.73685,,0.49106696,19.087,0.613,0.0,3430,,,"[391372000.0, 376006000.0, 108849000.0, 120620000.0, 212126000.0]","[2113000.0, 6468000.0, 9145000.0, -10873000.0, 1747000.0]","[0.11, 0.38, 0.54, -0.65, 0.1]","[-0.03926187872407838, -0.7105125982032201, 0.10814063519187123, 0.7586304095506549]","[2.061050638902035, 0.4138837353123068, -2.1889557135046473, -1.1606732272601858]","[2.4545454545454546, 0.42105263157894735, -2.2037037037037037, -1.1538461538461537]","[1.0827264133904717, 1.0298270717822906, 1.018478710210831]","[1.727148145807486, 1.7685555210855481, 1.7708887596938137]","[1.3790835808230801, 1.2612002327321088, 2.022544814692621, 0.17053546656802, 1.257876781055589]",-0.012841079207244088,-0.07761528642304616,-0.042428965742638325,,-0.05052403991244925,-0.2783807488600948,0.06401381870734402,0.25565118921769214,0.4126984126984127,0.469842180987739,0.00788354149090767,-0.3217952262907726,13.0,0.0,2.0,4.0,5.0,5.0,-2.0,0.0,0.0
ASIANTNE.NS,EQ,9.15,22.8217456,27.0,avoid,False,True,,True,24.761904761904763,228217456.0,9.15,0.13,-0.3132112659998273,,0.02425854630030964,0.0032,0.0050999997,0.053829998,20.35,1.6064159084513647,,,,22.64741907261592,667001000.0,0.25671429160802695,5715000.0,-0.2622371772130778,-1.0215137442113418,70.38461,,0.33195472,82.388,0.348,0.0,8245,,,"[107004000.0, 250400000.0, 166416000.0, 131297000.0, 137133000.0]","[443000.0, -3580000.0, -629000.0, 7105000.0, 2820000.0]","[0.02, -0.14, -0.03, 0.28, 0.14]","[1.3400994355351203, -0.33539936102236423, -0.21103139121238346, 0.044448844985033986]","[-9.081264108352144, -0.8243016759776536, -12.29570747217806, -0.6030964109781844]","[-8.0, -0.7857142857142858, -10.333333333333334, -0.5]","[0.19142256000930696, 0.16040148633929063, 0.273785620244297]","[2.0571592763717446, 2.349863254296826, 1.9168166683150365]","[1.5186230248306998, -0.06275720164609054, 0.8851820961912705, 5.39114160948222, 1.9551219512195122]",-0.06057496575486654,,,,,,,0.5439129070674801,0.38235294117647056,,0.008534011227779388,,15.0,0.0,7.0,6.0,5.0,0.0,-6.0,0.0,0.0
CCCL.NS,EQ,12.95,578.5534976,27.0,avoid,False,True,,True,43.80952380952381,5785534976.0,12.95,-0.08,,,0.22822257690322603,-0.088649996,-0.01212,0.13324,0.108,18.661541032926625,,,,-1.2382684271935087,2947078000.0,0.28544100382720283,790218000.0,,,,,2.0753205,-58.34,6.401,0.0,216342,,,"[1202673000.0, 1031984000.0, 741414000.0, 513072000.0, 449628000.0]","[-54916000.0, -20020000.0, 35151000.0, 779380000.0, 559240000.0]","[-0.12, -0.03, 0.08, 1.74, 1.25]","[-0.1419246960728311, -0.28156444285957927, -0.3079817753643713, -0.12365515950977646]","[-0.6354432223759925, -2.7557942057942055, 21.17234218087679, -0.2824552849701044]","[-0.75, -3.666666666666667, 20.75, -0.2816091954022989]","[0.0010760814708455453, 0.001501956298078247]","[1.6243462591419588, 1.014909702892052]","[-1.9872078041597645, -2.6063459866705303, 2.71503442149678, 64.46753378721675, 14.672650501259321]",-0.08738546918862344,-0.18193304664063847,-0.16666667689483394,,-0.10088629516063297,-0.4805455414865537,0.007782056406754112,0.3344849867597014,0.3492063492063492,0.5756376483700991,0.24914139597127913,-0.4845567499330553,4.0,0.0,7.0,7.0,3.0,6.0,0.0,0.0,0.0
CIFL.NS,EQ,20.81,813.7881088,27.0,avoid,False,True,,True,35.23809523809524,8137881088.0,20.81,0.99,,,0.03350336952267821,0.13289,0.073249996,0.584,145.741,7.736176331404026,,,,-6.5330458661812125,4996371000.0,-0.07435457038936366,388914000.0,,,21.0202,,1.2088996,69.115,0.57,0.0,203474,,,"[1226787000.0, 1212706000.0, 1421191000.0, 1275871000.0, 1218033000.0]","[-32704000.0, -1567000.0, -29247000.0, 448214000.0, -28487000.0]","[-0.08, 0.0, -0.08, 1.15, -0.07]","[-0.011477950125001302, 0.1719171835547939, -0.10225226588122216, -0.04533216916130234]","[-0.9520853718199609, 17.664326738991704, -16.325127363490274, -1.0635566939006813]","[-1.0, -inf, -15.374999999999998, -1.0608695652173914]","[1.428196845899732, 1.0421467732651866, 1.5866073676501338]","[1.4279312499404204, 65.667202169831, 1.1837576483181815]",[],0.03173026213324803,-0.07838797447937107,-0.1519967934159634,,-0.07034609657216173,-0.45990137230100014,0.0655401297641598,0.26925391227704504,0.42857142857142855,1.30790676480264,0.5079611801924611,-0.493122208528606,4.0,0.0,0.0,8.0,5.0,14.0,-4.0,0.0,0.0
COUNCODOS.NS,BE,6.65,51.6022016,27.0,avoid,False,True,,True,20.0,516022016.0,6.65,0.08,-0.07168223327744427,,0.03448316124186084,0.05094,0.03403,0.71575,,76.37931034482759,,,,0.8303315940077428,174835000.0,-0.060678584308387684,5941000.0,-0.0963063637830448,1.5871557466401245,83.125,,2.318689,48.932,0.628,0.0,34067,,,"[41048000.0, 36759000.0, 44289000.0, 58347000.0, 35440000.0]","[1581000.0, 1792000.0, 703000.0, 2064000.0, 1382000.0]","[0.02, 0.02, 0.01, 0.03, 0.02]","[-0.10448742935100375, 0.20484779237737705, 0.31741515952042265, -0.39259944812929537]","[0.13345983554712215, -0.6077008928571428, 1.9359886201991463, -0.3304263565891473]","[0.0, -0.5, 2.0, -0.33333333333333326]","[0.0, 0.0004598297450892541, 0.0018287144018231366]","[2.3006104132985117, 2.5790117245463984, 3.019220263223243]","[992.0, 589.2, 226.5]",0.01993866791736476,0.31422928272099493,0.5429234764858981,,0.09724385373230837,-0.09646739473738941,0.6878172585760796,0.5889166688398497,0.4603174603174603,0.3229454402862479,0.02128041468688488,-0.4339080408583672,10.0,0.0,2.0,6.0,3.0,12.0,-6.0,0.0,0.0
AXITA.NS,EQ,7.57,289.6838656,26.0,avoid,False,True,,True,20.0,2896838656.0,7.57,0.09,-0.5174150708430043,,0.07016192493946731,0.02668,0.01427,0.05901,,2.577870447595218,,,,0.5183237814816762,3687323000.0,-0.12115321261295764,19019000.0,-0.5184818843487222,4.2795553924359515,84.11111,,4.460813,,-0.106,0.67,814488,,,"[582806000.0, 610314000.0, 893985000.0, 632702000.0, 1566973000.0]","[35904000.0, -23418000.0, 25958000.0, 362000.0, 16118000.0]","[0.09, -0.06, 0.063636, 0.0, 0.05]","[0.04719923954111649, 0.4647951710103324, -0.2922677673562756, 1.4766367104892981]","[-1.6522393048128343, -2.1084635750277565, -0.9860543955620618, 43.52486187845304]","[-1.6666666666666665, -2.0606, -1.0, inf]","[0.2786165227277629, 0.3406574465715981, 0.016152078718908322]","[3.3753790268422232, 2.58837191641247, 5.33900785327545]","[10.36913946587537, -7.604201883602994, 7.237540075779656, 1.4122875816993463, 7.217928413050364]",-0.04898749484745257,0.028017640098399355,-0.16656345465207423,,0.033735126975786844,-0.3690232361519651,0.05070491571959135,0.16556118591734265,0.3492063492063492,1.1350318319236155,0.5001446801452661,-0.3994729115587121,7.0,0.0,2.0,4.0,0.0,15.0,-2.0,0.0,0.0
BALAJEE.NS,EQ,24.35,198.625024,26.0,avoid,False,True,,True,25.71428571428571,1986250240.0,24.35,1.14,-0.12270196758023322,,0.09810797415877973,0.06283,0.01574,0.33675998,66.475,1.9080282892587244,,,,-0.6098633122928114,5594554000.0,0.06484256530640309,110105000.0,-0.12274355106422974,-1.8929471788203456,21.35965,,0.65032184,13.14,1.156,0.0,26806,,,"[1395562000.0, 1295561000.0, 1709436000.0, 1426455000.0, 1275107000.0]","[33489000.0, 36638000.0, 1228000.0, 20857000.0, 51382000.0]","[0.41, 0.45, 0.02, 0.26, 0.63]","[-0.07165643661836596, 0.3194562046866183, -0.16554056425628105, -0.10610078831789294]","[0.0940308758099675, -0.9664828866204487, 15.984527687296417, 1.463537421489188]","[0.09756097560975618, -0.9555555555555556, 12.0, 1.423076923076923]","[0.7605197235582842, 0.7222885631747806, 0.6897577762113407]","[2.003271899923281, 2.0556509637817677, 2.0652545888099665]","[1.979454714929315, 2.0078610268211716, 1.193091151414729, 1.5469022853238175, 2.5066123925825416]",-0.06883362383627112,-0.15097628583095357,-0.13066761219224088,,-0.08875380521301779,-0.5494078466147245,0.14426689829718042,0.17607181314386372,0.42857142857142855,0.7837283749118402,0.06872472750274658,-0.6062176105453929,7.0,0.0,2.0,5.0,8.0,4.0,0.0,0.0,0.0
DCMFINSERV.NS,EQ,5.11,11.3059032,26.0,avoid,False,True,,True,21.904761904761905,113059032.0,5.11,-0.43,-0.40556472658211884,,,36.42222,0.0,0.0,,-12.353970390309556,,,,1.6191638991990622,29000.0,,-10238000.0,-0.40452126649015663,,,,-0.21033135,,-0.302,0.0,9619,,,"[0.0, 0.0, 0.0, 0.0, 0.0]","[-1878000.0, -1259000.0, -2592000.0, -3832000.0, -2555000.0]","[-0.08, -0.06, -0.12, -0.17, -0.12]",[],"[-0.3296059637912673, 1.0587768069896741, 0.47839506172839497, -0.3332463465553236]","[-0.25, 1.0, 0.41666666666666674, -0.2941176470588236]","[-1.3601590544659488, -1.370731726601214, -1.3892163064628493]","[0.21799353168899843, 0.07447799357395372, 0.08557716380609089]",[],-0.017307630586903988,-0.041275758600514245,-0.050185868993159244,,-0.04535258409961096,-0.3730060892400491,0.3069053763022547,0.4191845175922217,0.42857142857142855,1.0772035853464645,0.005591120282688141,-0.4355828073692466,15.0,0.0,0.0,2.0,0.0,11.0,-2.0,0.0,0.0
BURNPUR.NS,BE,14.0,24.1148208,25.0,avoid,False,True,,True,21.904761904761905,241148208.0,14.0,-47.5,0.0381828791215264,,,0.0,0.0,0.0,,-0.028689306712952445,,,,0.02796043912770195,0.0,-1.0,-792298000.0,0.03804214012078888,-0.03804214012078888,,,-0.04207502,-325.511,0.138,0.0,34583,,,"[0.0, 0.0, 0.0, 0.0, 0.0]","[-215661000.0, -207391000.0, -201314000.0, -193988000.0, -189604000.0]","[-12.52, -12.03, -11.69, -11.26, -11.01]",[],"[-0.03834722086979103, -0.029302139437101915, -0.03639091171006492, -0.022599336041404627]","[-0.03913738019169333, -0.02826267664172899, -0.03678357570573132, -0.022202486678507993]","[-0.9814336763102559, -0.9800335117913492, -0.9785838994644913]","[0.002346632889427743, 0.00255921588962355, 0.002572381096153199]","[-0.019721972670102606, -0.018462868029776286, -0.026480814919803, -0.027823838863312477, -0.04363858511698047]",-0.318403146252218,-0.5757575757575757,-0.5757575757575757,,-0.3953846735930724,-0.5757575757575757,0.15226341066284843,0.9875155558940963,0.20634920634920634,1.8074550294371297,0.09409588051470756,-0.6318181933778705,15.0,0.0,3.0,0.0,0.0,9.0,-2.0,0.0,0.0
BILVYAPAR.NS,BE,4.29,13.4560896,24.0,avoid,False,True,,True,17.142857142857142,134560896.0,4.29,0.13,-0.9407390145156701,,,0.0,0.0,0.0,,,,,,-186.82335329341316,0.0,-1.0,-334000.0,-0.9394860567571568,0.9394860567571568,33.0,,-0.072064504,,-0.158,0.0,6383,,,"[0.0, 0.0, 0.0, 0.0, 0.0]","[-2444000.0, 14081000.0, 609000.0, -8057000.0, -6968000.0]","[-0.08, 0.45, 0.02, -0.26, -0.22]",[],"[-6.761456628477905, -0.956750230807471, -14.229885057471265, -0.13516197095693183]","[-6.625, -0.9555555555555556, -14.0, -0.15384615384615385]","[-0.9381146766532387, -0.9301343304251489, -0.9313559936319925]","[0.11933482823944784, 0.07518750326338926, 0.07592926307934435]",[],0.07788943248590896,0.07518795779429466,-0.2716468490494628,,-0.004458353363394618,-0.6656274366824919,0.09999996332021954,0.3549081185358113,0.4444444444444444,0.8381110501158168,0.0026384599047899245,-0.6960249323025028,15.0,0.0,1.0,0.0,0.0,8.0,0.0,0.0,0.0
DELPHIFX.NS,BE,7.17,175.8569984,24.0,avoid,False,True,,True,32.38095238095238,1758569984.0,7.17,0.24,-0.37194855046827047,0.01635,0.12144189441245641,0.01883,0.00306,0.06816,134.635,1.8489080947603982,1.168,0.406,-28330000.0,14.495740271701589,13976310000.0,-0.18849237187326606,43430000.0,-0.3390609452372624,1.7988045981257639,29.875002,,0.5385309,3.43,0.884,0.0,229909,,,"[2784570000.0, 3578100000.0, 4199710000.0, 3428660000.0, 3083430000.0]","[-20760000.0, 2100000.0, -1660000.0, 45140000.0, 28740000.0]","[-0.08, 0.001333, -0.009311, 0.252025, 2.58]","[0.2849739816201424, 0.17372627931024853, -0.18359601020070437, -0.10068948218837681]","[-1.1011560693641618, -1.7904761904761903, -28.19277108433735, -0.36331413380593713]","[-1.0166625, -7.984996249062266, -28.067447105574054, 9.237079654796151]","[0.5329813687421144, 0.8100722054656796, 0.12356861692610485]","[1.1675085749922045, 0.9293752719249176, 3.623689596867491]","[1.5747352868751539, 1.053486274004382, 4.791887125220459, 11.667832167832168, 10.592857142857143]",0.15435140125916336,-0.16903071180740104,-0.29770229280068317,,-0.2194641478371946,-0.58328394427467,0.4173387410768483,0.4381696723176575,0.4444444444444444,0.6893863361654461,0.1019145996142912,-0.7059869714640534,7.0,0.0,2.0,6.0,7.0,4.0,-2.0,0.0,0.0
DGCONTENT.NS,EQ,24.25,140.7043712,24.0,avoid,False,True,,True,22.857142857142858,1407043712.0,24.25,0.13,,,0.11230410136712238,-8.0000005e-05,0.00241,0.54382,265.556,1.42832909245123,,,,46.01234567901235,4876700000.0,0.11769056601987526,8100000.0,,,186.53847,,3.939886,5.091,0.06,0.0,39180,,,"[1233000000.0, 1183500000.0, 1281400000.0, 1317900000.0, 1104500000.0]","[-19300000.0, 9000000.0, -72800000.0, 95200000.0, -23300000.0]","[-0.33, 0.15, -1.25, 1.64, -0.4]","[-0.04014598540145986, 0.08272074355724546, 0.02848447011081623, -0.16192427346536153]","[-1.466321243523316, -9.088888888888889, -2.3076923076923075, -1.2447478991596639]","[-1.4545454545454546, -9.333333333333334, -2.312, -1.2439024390243902]","[2.6562838569880824, 2.755277560594214, 4.061836809366996]","[1.4970316301703164, 1.407458427629637, 1.5201905626134302]","[0.24390243902439024, 1.6470588235294117, -2.364341085271318, 5.709342560553633, 0.2876712328767123]",-0.007368002575818489,-0.01262212836658494,-0.11528638690271487,,-0.04378147282709299,-0.3655154572087196,0.10428055605642284,0.4167479385835582,0.4444444444444444,0.9907428052962277,0.055957484596681595,-0.425431753451193,7.0,0.0,5.0,2.0,3.0,9.0,-2.0,0.0,0.0
ALLCARGO.NS,EQ,10.33,1547.20512,23.0,avoid,False,True,,True,21.904761904761905,15472051200.0,10.33,0.18,-0.8016781074047632,,0.05970149253731343,0.03663,0.01467,0.19498,120.732,1.032258064516129,,,,39.375,20550000000.0,-0.5150199830992606,80000000.0,-0.766648432850199,1.488579973609377,57.388885,,2.7686946,8.276,0.815,0.0,6219923,,,"[5460000000.0, 5140000000.0, 5160000000.0, 5370000000.0, 4910000000.0]","[140000000.0, 200000000.0, 0.0, -40000000.0, -90000000.0]","[0.09, 0.13, 0.0, -0.03, -0.06]","[-0.05860805860805862, 0.0038910505836575737, 0.04069767441860472, -0.08566108007448792]","[0.4285714285714286, -1.0, -inf, 1.25]","[0.44444444444444464, -1.0, -inf, 1.0]","[1.2073170731707317, 0.774712643678161, 1.3896797153024911]","[1.0602409638554218, 0.9927641099855282, 1.0028328611898016]","[2.2666666666666666, 2.066666666666667, 0.8125, -0.2, 0.6470588235294118]",-0.2066052564885742,0.2944862028841717,0.20818709862721096,-0.6718551437764024,0.13099479650448398,-0.7097499331436525,0.43871868672402314,0.7105754309851766,0.4444444444444444,0.507014015845109,7.181761625655965,-0.7982579433111765,4.0,0.0,2.0,4.0,3.0,12.0,-2.0,0.0,0.0
CAPTRUST.NS,BE,21.2,71.8160384,22.0,avoid,False,True,,True,17.142857142857142,718160384.0,21.2,-13.12,-0.12366018616220253,,-0.4382433030289813,0.02733,-1.7384,0.92999,65.243,-27.69139302307268,,,,-0.5934859166209286,319118000.0,-0.21019235824625726,-468247000.0,0.008569117517296387,-0.040767978383195916,,,1.1720479,,0.389,0.0,24010,,,"[120182000.0, 50087000.0, 97359000.0, 81434000.0, 116387000.0]","[2018000.0, -181867000.0, -24311000.0, -178835000.0, -83234000.0]","[0.06, -5.35, -0.95, -6.881575, -4.89]","[-0.5832404186983076, 0.9437977918421945, -0.16356988054519872, 0.42921875383746344]","[-91.12239841427156, -0.8663253916323467, 6.356135082884291, -0.5345765649900747]","[-90.16666666666666, -0.822429906542056, 6.243763157894737, -0.28940685816836986]","[0.6524250812372127, 1.34273754008188, 1.1812239245419156]","[1.657139761922969, 137.25894988066827, 1.1224730665004863]",[],0.07287452011022078,0.6825396921509124,0.727791358762782,,0.16108998086610904,-0.34668720294294775,0.9272727966308594,0.5277076714320391,0.5396825396825397,0.7370882350924619,0.04908475289492607,-0.6610169571224511,10.0,0.0,2.0,3.0,3.0,11.0,-7.0,0.0,0.0
AQYLON.NS,EQ,15.62,396.3271424,20.0,avoid,False,False,extreme_valuation_missing_core_risk_data,True,40.95238095238095,3963271424.0,15.62,1.12,,,,0.55356,0.5486,0.38141,,3.6551132095718426,,,,1.1456582146578673,132044000.0,,57580000.0,,,13.946428,,-68.81057,66.333,0.108,0.0,767456,,,"[84650000.0, 38812000.0, 49457000.0, 347000.0, 13854000.0]","[42557000.0, -79931000.0, 14806000.0, -18357000.0, 1227000.0]","[0.17, -0.32, 0.058, -0.72, 0.0]","[-0.5415002953337271, 0.2742708440688446, -0.9929838041126635, 38.92507204610951]","[-2.878210400169185, -1.1852347649847994, -2.2398352019451573, -1.0668409870893938]","[-2.8823529411764706, -1.18125, -13.413793103448274, -1.0]","[-3.178854485892423, -5.587715769775617]","[0.41885041954525, 0.6580179326071062]","[10.894675656823994, -14.255785920925748, 5.347034644744569, -0.2623435565946912, 112.54545454545455]",-0.3045413836923214,-0.6075376837943702,-0.6371660821746947,,-0.4520498662424245,-0.9908058157271813,0.01034927859102952,0.5994861785823635,0.3333333333333333,0.8035882515621277,5.031681476583848,-0.9908999942221561,7.0,0.0,0.0,7.0,3.0,5.0,-2.0,0.0,0.0
BAJAJHIND.NS,EQ,21.25,5076.3829248,19.0,avoid,False,True,,True,24.761904761904763,50763829248.0,21.25,1.31,,,0.017495903389329468,-0.15623,0.0217,0.16738,92.996,7.795121951219512,,,,1.8129195293374398,53979500000.0,-0.04383677016613807,1266300000.0,,,16.221375,,5.041518,41.745,0.152,0.0,16450666,,,"[11259700000.0, 16687100000.0, 13804400000.0, 11571900000.0, 12484200000.0]","[-1846500000.0, 3907200000.0, 147500000.0, -1050900000.0, -1737500000.0]","[-0.23, 2.3, 0.12, -0.83, -1.4]","[0.482019947245486, -0.172750208244692, -0.16172379820926663, 0.07883752884141759]","[-3.1160032493907392, -0.962249180999181, -8.124745762711864, 0.6533447521172329]","[-10.999999999999998, -0.9478260869565217, -7.916666666666667, 0.6867469879518071]","[0.9297770500062981, 0.8715642915211963, 23.54363347877826]","[0.5612961447042695, 0.4388333717243103, 0.34557592901445466]","[-15.228070175438596, 17.516574585635357, 3.108853410740203, -40.55511811023622, -13.956521739130435]",-0.062224177268612735,0.2247838347424811,0.17793785596262102,-0.010707613926344783,0.054417515161687025,-0.12298801479718424,0.4233087451869151,0.5469045529278144,0.4444444444444444,0.7578857154775226,30.347477867669326,-0.3411297261380668,0.0,0.0,0.0,7.0,2.0,14.0,-4.0,0.0,0.0
ACEINTEG.NS,EQ,17.35,17.697,18.0,avoid,False,True,,True,26.666666666666668,176970000.0,17.35,-0.93,,,-0.07100238663484487,-2.38462,-1.7,-1.2,0.479,-119.0,,,,0.16842105263157894,8100000.0,-0.5105943368220396,-9500000.0,,,,,1.4727104,-9.869,0.194,0.0,2574,,,"[900000.0, 1100000.0, 1700000.0, 4400000.0, 14400000.0]","[-3400000.0, -2700000.0, -400000.0, -3000000.0, -13800000.0]","[-0.24, -0.26, -0.04, -0.29, -1.32]","[0.22222222222222232, 0.5454545454545454, 1.5882352941176472, 2.272727272727273]","[-0.20588235294117652, -0.8518518518518519, 6.5, 3.5999999999999996]","[0.08333333333333348, -0.8461538461538461, 6.249999999999999, 3.5517241379310347]","[0.004793289394847214, 0.006395348837209302, 0.00798175598631699]","[39.130434782608695, 26.513513513513512, 19.6]",[-37.0],0.01938894916747924,-0.19038730124145875,-0.050875288306482136,,-0.09308509831464129,-0.32647514645527476,0.13770494304719527,0.3589395898028547,0.3968253968253968,0.15159843212560695,0.003975444947147369,-0.40799689966998276,15.0,0.0,0.0,3.0,3.0,4.0,-7.0,0.0,0.0
DHRUV.NS,EQ,19.5,36.9848064,18.0,avoid,False,True,,True,21.904761904761905,369848064.0,19.5,-18.63,,,-0.44505214334394017,-0.27934,-0.93101996,-0.70944,38.855,-24.33389183030628,,,,0.12089115758505563,429040000.0,-0.19149362746867338,-284843000.0,,,,,0.550024,-1.522,0.19,0.0,7876,,,"[155543000.0, 83222000.0, -56854000.0, 192310000.0, 210363000.0]","[-47597000.0, -740000.0, -310145000.0, 10074000.0, 15967000.0]","[-2.51, -0.26, -16.37, 0.51, 0.84]","[-0.46495824305818967, -1.6831607026988056, -4.382523657086573, 0.09387447350631795]","[-0.9844528016471626, 418.11486486486484, -1.0324815811958923, 0.5849712130236251]","[-0.896414342629482, 61.96153846153846, -1.0311545510079414, 0.6470588235294117]","[0.32152749310318085, 0.22270984641253383, 0.17187051645596527]","[2.279452535059331, 3.0591428550239907, 3.1799018553850256]","[-7.434823441021788, -40.378794356562636, -67.3967656180771, 2.6641240783117213, 6.07279322853688]",-0.16623929286596983,-0.2581748747205517,-0.4469954392308324,,-0.15917622924172736,-0.6363466975956955,0.0,0.3923730967307074,0.3333333333333333,0.8123709021930533,0.01582908078587532,-0.6363466975956955,13.0,0.0,0.0,3.0,5.0,4.0,-7.0,0.0,0.0
DPSCLTD.NS,BE,6.54,636.8584192,18.0,avoid,False,True,,True,27.61904761904762,6368584192.0,6.54,0.08,-0.2631937002719227,0.014479999,0.028024073274641216,-0.07063,0.018760001,0.16323,14.229,1.8770357965250157,0.838,0.262,429153760.0,5.870067740525691,6830128000.0,0.03716667472490309,128136000.0,-0.0681588394888969,-1.8338697231697154,81.75,,1.0122272,293.483,0.483,0.0,95377,,,"[1660779000.0, 1553243000.0, 1979380000.0, 1636726000.0, 1367224000.0]","[41351000.0, 18490000.0, 37807000.0, 30488000.0, -18661000.0]","[0.03, 0.01, 0.02, 0.02, -0.01]","[-0.06475033704062971, 0.2743530793314375, -0.17311178247734138, -0.16465920380075838]","[-0.5528524098570773, 1.044726879394267, -0.19358848890417113, -1.6120768827079508]","[-0.6666666666666666, 1.0, 0.0, -1.5]","[0.14228910011625379, 0.10676856665647275, 0.17774938866482579]","[0.8383589013849251, 0.8820777162017175, 0.9219250124676973]","[1.5748190802272197, 1.819782747603834, 2.238303925842645, 2.011084162567718, 0.3141292684466326]",-0.10041265763255924,-0.12096775382333347,-0.24393060690513158,,-0.06295118183832138,-0.4599504420095517,0.0,0.21665134109981024,0.38095238095238093,0.5997574278665171,0.05320122865074873,-0.4599504420095517,4.0,0.0,2.0,10.0,3.0,5.0,-6.0,0.0,0.0
A2ZINFRA.NS,EQ,14.15,251.194112,16.0,avoid,False,True,,True,24.761904761904763,2511941120.0,14.15,0.2,,,0.18718951622895166,-0.0074400003,0.01005,0.12979001,301.806,2.1434096950509245,,,,-3.7994237233872257,3864379000.0,0.034113884928933746,43729000.0,,,70.75,,5.049964,48.018,0.034,0.0,211452,,,"[684507000.0, 922429000.0, 1089682000.0, 947155000.0, 905113000.0]","[386000.0, 60023000.0, -6449000.0, -17333000.0, 7488000.0]","[0.0, 0.34, -0.04, -0.1, 0.04]","[0.3475815440893957, 0.18131802014030352, -0.13079687468454104, -0.04438766622147383]","[154.5, -1.1074421471769156, 1.6877035199255697, -1.432008307852074]","[inf, -1.1176470588235294, 1.5, -1.4]","[1.9535469422075613, 2.0663286669759966, 2.0285723774520656]","[0.8347986347696239, 0.7932623080575456, 0.7742299357176576]","[1.1444137121783589, 4.022995677169214, 1.0866915172274834, 0.4855211200191456, 2.0761806273698724]",-0.09352979309787823,0.043510264060172554,-0.17875798058821613,,0.010154891219626538,-0.24774056245187903,0.1733000933825839,0.5456397420460745,0.42857142857142855,0.6058114063561129,0.253849735456233,-0.35885163412935317,7.0,0.0,2.0,3.0,0.0,11.0,-7.0,0.0,0.0
BRNL.NS,EQ,15.97,134.0681472,16.0,avoid,False,True,,True,21.904761904761905,1340681472.0,15.97,-19.23,-0.4789671046557612,,-0.06322233402736635,-1.9691701,-0.86336,0.96983004,81.271,,,,,4.239690191302823,1543011000.0,-0.2209478182385729,-296441000.0,-0.4789670849345804,2.167783727184877,,,0.19043191,-2.78,-0.106,0.0,25382,,,"[473946000.0, 489029000.0, 420484000.0, 171040000.0, 462458000.0]","[-943364000.0, -630382000.0, 184117000.0, 47530000.0, 102294000.0]","[-10.4, -13.13, 2.193175, 1.44, 1.59]","[0.03182430065872488, -0.14016551165677293, -0.593230658003634, 1.7038002806361083]","[-0.33177225334017413, -1.292072108657925, -0.7418489330154195, 1.1521986114033242]","[0.26249999999999996, -1.1670354150799696, -0.34341764793051177, 0.10416666666666674]","[1.0786877379529287, 1.051040128939204, 1.313122893202586]","[1.583596768809133, 1.4438419864128444, 0.7968229550298866]","[-218365.25, -4915.522321428572, 83147.33333333333, 40955.666666666664, 45903.0]",-0.06717292732656688,-0.14690166384588954,-0.19989974952192058,,-0.08273902747321604,-0.37665887026151,0.008207077852816713,0.19602661232459886,0.3492063492063492,0.745390410864272,0.03848069665853977,-0.38173303537402015,7.0,0.0,2.0,2.0,5.0,5.0,-5.0,0.0,0.0
COMFINTE.NS,EQ,6.35,203.1606784,16.0,avoid,False,True,,True,24.761904761904763,2031606784.0,6.35,0.07,-1.0,,0.028357071821553722,0.039049998,-0.02306,0.15512,10.439,2.9472108239991126,,,,-0.8742954739538855,1450418000.0,0.010938354465184874,-29275000.0,,,90.71429,,1.1132538,20.691,0.079,0.8,872286,,,"[317172000.0, 252086000.0, 613661000.0, 381680000.0, 202990000.0]","[46697000.0, -57520000.0, -4086000.0, -21166000.0, 51032000.0]","[0.15, 0.0, -0.01, -0.07, 0.16]","[-0.20520726924192556, 1.434331934339868, -0.3780279339896132, -0.4681670509327185]","[-2.2317707775660107, -0.9289638386648122, 4.180127263827704, -3.4110365680808843]","[-1.0, -inf, 6.000000000000001, -3.2857142857142856]","[0.11087105778994254, 0.12291864683527266, 0.07971618294844467]","[2.5311646056227133, 2.2938748112989793, 2.3513748714099036]","[7.035619093772716, 0.8958299264104661, 2.900995285489785, 1.039834831187758, 8.28242924528302]",0.03434020526312187,,,,,,,0.6200013079275276,0.3939393939393939,,0.32643464589520454,,7.0,0.0,2.0,6.0,3.0,2.0,-4.0,0.0,0.0
ABAN.NS,BE,17.76,103.6568192,15.0,avoid,False,False,extreme_valuation_missing_core_risk_data,True,21.904761904761905,1036568192.0,17.76,-90.63,-0.2579898349763766,,,0.47147998,-0.41777,0.91315,,0.10624596765028316,,,,-0.029909528356290002,4096170000.0,0.010715062831465616,-5288950000.0,-0.21437527188947725,-20.00690758993476,,,-0.0036576416,76.749,-0.541,0.0,31661,,,"[991150000.0, 913080000.0, 1047740000.0, 1144200000.0, 1157130000.0]","[18030000.0, 295570000.0, -3074410000.0, -2528120000.0, -2598690000.0]","[5.06, -52.66, -43.32]","[-0.07876708873530747, 0.1474788627502519, 0.09206482524290371, 0.01130047194546413]","[15.393233499722683, -11.40163074736949, -0.1776893777993176, 0.027914023068525307]","[-11.40711462450593, -0.1773642233194075]","[-0.6049462825386488, -0.605689090930604, -0.6179512428865827]","[0.019521426324885988, 0.02254034309646612, 0.02109913273963566]","[7.777257107154014, -0.014290164047899219, 0.11932264935881856, -0.02833779954351413]",0.1847898932660923,0.24456900204368326,-0.15549217075585697,,-0.0576456759341355,-0.5807365445471262,0.3474961925385913,0.4590018662602288,0.3968253968253968,0.4242809665799663,0.029822895721707342,-0.6888574099322612,7.0,0.0,2.0,2.0,0.0,6.0,-2.0,0.0,0.0
CENTRUM.NS,EQ,19.9,944.269824,15.0,avoid,False,True,,True,24.761904761904763,9442698240.0,19.9,-4.8,-0.04556297375204932,,0.10204553394286897,-0.41333,-0.20095,0.82601,1218.677,0.8060941824010786,,,,13.124650711958074,31425641000.0,0.37309693667422383,-1382455000.0,-0.026372623538093554,-0.07068571447725736,,,3.1084037,,-0.019,0.0,380782,,,"[8886636000.0, 9950090000.0, 8665687000.0, 8328859000.0, 8093669000.0]","[-924272000.0, 135791000.0, -972448000.0, -406508000.0, -139290000.0]","[-1.9, 0.29, -2.23, -0.96, -0.33]","[0.11966890508399364, -0.12908456104417143, -0.03886916294114939, -0.028237961526302757]","[-1.1469167085013936, -8.161358263802462, -0.5819745631643028, -0.6573499168528049]","[-1.1526315789473685, -8.689655172413794, -0.5695067264573992, -0.65625]","[51.5235892116116, 11.043820950745522, 59.43260324810699]","[0.63824981721936, 74.57962891215722, 1.0974275886019558]","[0.6040481289218173, 1.055237220453576, 0.6270997507216461, 0.9307745584846483, 0.8205763963860572]",-0.11751661677110137,-0.1742738878198855,-0.299048959268868,,-0.07215036247915674,-0.4283252274215902,0.014788322241337859,0.3411096756268376,0.4126984126984127,0.4481367404639345,0.5487219145700549,-0.4366561379857369,4.0,0.0,7.0,0.0,1.0,6.0,-3.0,0.0,0.0
DHATRE.NS,EQ,4.03,43.9086656,15.0,avoid,False,True,,True,21.904761904761905,439086656.0,4.03,-0.2,,,-0.04545035918216983,-48.34837,0.0,-0.35992,,-142.85526315789474,,,,-4.903344499972541,91218000.0,-0.5517683548685126,-18209000.0,,,,,0.6664462,-7.853,1.343,0.0,39145,,,"[0.0, 0.0, 0.0, 953000.0, 90264000.0]","[-2928000.0, 790000.0, -3235000.0, -16808000.0, 1044000.0]","[-0.03, 0.01, -0.03, -0.15, 0.01]","[inf, 93.71563483735572]","[-1.269808743169399, -5.094936708860759, 4.195672333848532, -1.0621132793907664]","[-1.3333333333333335, -4.0, 4.0, -1.0666666666666667]",[0.0],"[28.653331101439573, 19.991124122868165, 27.98351060836288]",[],-0.0692839998114676,,,,,,,0.45660566428600147,0.5294117647058824,,0.019590220522713662,,13.0,0.0,0.0,0.0,5.0,1.0,-4.0,0.0,0.0
AGL.NS,EQ,12.82,1259.9266304,14.0,avoid,False,True,,True,21.904761904761905,12599266304.0,12.82,,,,,-0.00653,-0.01864,0.83700997,,,,,,,,,,,,,,0.9725383,,,0.0,1351955,,,[],[],[],[],[],[],[],[],[],-0.1997503540262795,-0.20815322594611385,,,,-0.38660287421929895,0.051681717483792466,0.6191510306473444,0.3968253968253968,0.39506490150757606,2.131850198164034,-0.4167464209149816,4.0,0.0,0.0,0.0,5.0,5.0,0.0,0.0,0.0
DNAMEDIA.NS,EQ,2.45,28.838464,14.0,avoid,False,True,,True,26.666666666666668,288384640.0,2.45,-0.56,,,-0.011835144758453407,0.22313,-0.88564,0.54239,,-14.271668822768435,,,,0.21418752957613177,65088000.0,-0.116698736919984,-88754000.0,,,,,-0.11456093,-990.354,-0.559,0.0,34127,,,"[17183000.0, 16249000.0, 14076000.0, 26896000.0, 7867000.0]","[3999000.0, -60237000.0, -2978000.0, -6679000.0, -18860000.0]","[0.03, -0.51, -0.02, -0.06, -0.16]","[-0.054356049583891064, -0.1337313065419411, 0.9107701051435066, -0.7075029744199881]","[-16.063015753938487, -0.9505619469761111, 1.24278038952317, 1.8237760143734092]","[-18.0, -0.9607843137254902, 2.0, 1.666666666666667]","[-1.7271347413844296, -1.7711823808062255, -1.789731227877867]","[42.15940460081191, 33.742839207245986, 5.728502383373098]","[11.333333333333334, 11.835858585858587, -5.721354166666667, -15.31266149870801, -46.636591478696744]",-0.06844108704362784,-0.1493055728022692,-0.20967737965975664,,-0.09616999063462162,-0.4673912829397302,0.06060610752038276,0.38696227336590644,0.36507936507936506,0.8613337905323968,0.009632579311256408,-0.4978260889846572,13.0,0.0,0.0,2.0,0.0,6.0,-7.0,0.0,0.0
CELEBRITY.NS,EQ,6.5,41.9564224,12.0,avoid,False,True,,True,17.142857142857142,419564224.0,6.5,-1.91,,,-0.43130990415335463,-0.06889,-0.07199,0.50181,605.198,-2.1951219512195124,,,,-1.955470737913486,1680000000.0,-0.22122403057405327,-157200000.0,,,,,3.53069,-41.714,0.096,0.0,24774,,,"[264200000.0, 434900000.0, 453800000.0, 425200000.0, 406700000.0]","[-23700000.0, -16200000.0, -34200000.0, -39500000.0, -67300000.0]","[-0.37, -0.31, -0.57, -0.66, -1.13]","[0.6461014383043149, 0.04345826626810756, -0.06302335830762451, -0.04350893697083724]","[-0.31645569620253167, 1.1111111111111112, 0.1549707602339181, 0.7037974683544304]","[-0.16216216216216217, 0.8387096774193548, 0.1578947368421053, 0.7121212121212119]","[6.051975051975052, 5.651469098277609, 3.3046228710462286]","[0.9729667282809612, 0.856223866194918, 0.9795411744564287]","[-0.8809523809523809, 0.7534246575342466, -0.976878612716763, -1.7816901408450705, -3.773049645390071]",-0.03560827585582371,-0.1514360144281216,-0.1083676222204285,,-0.07347820400818428,-0.42426926289084277,0.11876076833321947,0.28025797774571515,0.5238095238095238,0.7249733890830831,0.012413481347193717,-0.48538530005221137,13.0,0.0,0.0,0.0,1.0,5.0,-7.0,0.0,0.0
BLUECOAST.NS,EQ,22.25,43.7870112,11.0,avoid,False,False,extreme_valuation_missing_core_risk_data,True,17.142857142857142,437870112.0,22.25,-0.74,-0.3715429665084191,,,0.08371,-0.47149,0.65954,,-0.03128401993926545,,,,-1.776742630547991,20382000.0,,-20931000.0,-0.33585859675578233,,,,-1.4112648,46.658,0.606,0.0,2095,,,"[3500000.0, 12337000.0, 1000000.0, 5700000.0, 1345000.0]","[-2783000.0, -1403000.0, -3772000.0, -2667000.0, -13088000.0]","[-0.15, -0.14, -0.15, -0.3, -0.88]","[2.524857142857143, -0.9189430169409094, 4.7, -0.7640350877192983]","[-0.49586776859504134, 1.6885245901639343, -0.292948038176034, 3.907386576677915]","[-0.06666666666666654, 0.0714285714285714, 1.0, 1.9333333333333336]","[-0.47079464603138693, -0.8340468265268597, -0.3220907655267041]","[0.11491764753042807, 0.14853662662832007, 0.18146004784988665]","[0.3970970537261698, 1.338799025038777, 0.14486510995239174, 0.381636911662416, -2.1043643263757117]",-0.03929187622657915,-0.231433526299471,0.051512294917204215,,-0.1783318753095321,-0.6102644956992278,0.1504653476966349,0.5213637412452384,0.3492063492063492,0.6813462854196483,0.003704824576702118,-0.6612366421282763,13.0,0.0,0.0,1.0,0.0,1.0,-4.0,0.0,0.0
DISHTV.NS,EQ,2.15,395.8701056,11.0,avoid,False,True,,True,26.666666666666668,3958701056.0,2.15,-5.2,-0.21702647176622725,,,-0.84389,-0.90906,0.35067,,-1.9871180903589858,,,,-0.08818866428854538,11432200000.0,-0.20046385280363888,-8073600000.0,-0.21726528345237062,1.0838127693035478,,,-0.10231275,-1.393,1.118,0.0,2880903,,,"[2658300000.0, 2430700000.0, 2990500000.0, 2911300000.0, 3293600000.0]","[-2863000000.0, -3039500000.0, -2762300000.0, -1326500000.0, -945300000.0]","[-1.49, -1.58, -1.44, -0.69, -0.49]","[-0.08561862844675172, 0.23030402764635705, -0.0264838655743187, 0.13131590698313467]","[0.06164862032832685, -0.09119921039644674, -0.5197842377728704, -0.2873727855258198]","[0.06040268456375841, -0.08860759493670889, -0.5208333333333334, -0.28985507246376807]","[-0.007599088703034441, -0.004710318306822179, -0.010703217749271497]","[0.08215817138114669, 0.13385590230475272, 0.12210972067645702]","[-3.235207100591716, -3.452175186758459, -3.038450292397661, -0.9221851905520939, -0.43184653774173426]",-0.163424065675136,-0.26369861671503625,-0.2809364252475227,,-0.16039090448543925,-0.5621180932417702,0.1684782915028591,0.340521756153437,0.31746031746031744,1.1546632018177685,0.5165942238803387,-0.625254564040689,7.0,0.0,1.0,0.0,0.0,8.0,-5.0,0.0,0.0
BALKRISHNA.NS,EQ,16.17,52.0989824,10.0,avoid,False,True,,True,21.904761904761905,520989824.0,16.17,-2.16,-0.6528892375235356,,,-0.09233,-1.21859,0.07006,,-0.24892081111473863,,,,0.6582876785906112,47322000.0,-0.6428881316585391,-65163000.0,-0.49918657319834947,0.7764750173728286,,,-0.2955152,-220.844,0.305,0.0,6172,,,"[17590000.0, 8896000.0, 17108000.0, 10158000.0, 11159000.0]","[-17966000.0, -27574000.0, -2130000.0, -17828000.0, -17633000.0]","[-0.56, -0.86, -0.07, -0.56, -0.54]","[-0.49425810119386016, 0.923111510791367, -0.406242693476736, 0.0985430202795825]","[0.5347879327618836, -0.9227533183433669, 7.369953051643192, -0.0109378505721337]","[0.5357142857142856, -0.9186046511627907, 7.0, -0.0357142857142857]","[-0.13443276851100308, -0.9699421536335021, -0.29624639566017064]","[0.5247854713014289, 0.657423030676334, 0.30414346530791764]","[-0.10426467185933523, -0.11146281978101812, -0.157465855618042, -0.14544517901605564, -0.11887550200803212]",-0.07494276317210857,-0.11105004939288332,-0.03462686111677937,,-0.07506854276162134,-0.32484344212148764,0.2554347773773942,0.2844280319158108,0.38095238095238093,0.651450779203548,0.01599206015388012,-0.46221295598572176,10.0,0.0,0.0,0.0,0.0,5.0,-5.0,0.0,0.0
ALOKINDS.NS,EQ,8.32,4131.0797824,6.0,avoid,False,True,,True,21.904761904761905,41310797824.0,8.32,-1.58,-0.053677140924364264,,-0.10936928070511406,-0.0095,-0.18827,0.48192,,-1.534886885524749,,,,-0.5634650790877693,36440700000.0,-0.19172163386308327,-7441100000.0,-0.054541428429235594,0.2844823890254659,,,-0.1918952,405.965,0.236,0.0,18279267,,,"[9931100000.0, 9829700000.0, 8582400000.0, 9324900000.0, 9529600000.0]","[-1382500000.0, -1925400000.0, -2176300000.0, -1715600000.0, -744700000.0]","[-0.28, -0.39, -0.44, -0.35, -0.15]","[-0.010210349306723376, -0.12689095292837016, 0.08651426174496635, 0.021951978037298092]","[0.3926943942133816, 0.1303105848135453, -0.21168956485778612, -0.565924457915598]","[0.3928571428571428, 0.1282051282051282, -0.20454545454545459, -0.5714285714285714]","[-1.0480407399372995, -1.086771671711071]","[0.6126950614235972, 0.9262898504181128]","[0.08389106089722351, -0.30343434343434345, -0.4229763305871584, -0.10066080708282543, 0.5226995440827072]",0.11662196797725288,-0.33783783988672356,-0.39550071951199006,-0.5234553694593321,-0.3259571151017907,-0.5346368658531842,0.18156024089947853,0.4976572069912961,0.3492063492063492,1.4711517564158139,13.37361545718952,-0.606145232347568,2.0,0.0,0.0,0.0,0.0,12.0,-8.0,0.0,0.0
