Symbol,NSE Series,Price,Market Cap (Cr),V2 Potential Score,V2 Band,Candidate,Hard Gate Eligible,Hard Gate Reasons,Market Data Available,Penny_stock,Old Score (%),market_cap,stock_price,eps,eps_growth_5y,roe,roce,operating_margin,net_margin,gross_margin,de_ratio,interest_coverage,current_ratio,quick_ratio,free_cash_flow,cash_conversion_ratio,revenue,revenue_growth_5y,profit,profit_growth_5y,operating_leverage,pe_ratio,peg_ratio,pb_ratio,ev_ebitda,beta,dividend_yield,liquidity,promoter_holding,promoter_holding_growth,quarterly_revenue,quarterly_profit,quarterly_eps,quarterly_revenue_growth,quarterly_profit_growth,quarterly_eps_growth,quarterly_de_ratio,quarterly_current_ratio,quarterly_interest_coverage,return_1m,return_3m,return_6m,return_12m,sma_20_100,near_52w_high,above_52w_low,volatility_3m,positive_days_3m,volume_ratio_20_120,turnover_20_cr,max_drawdown_1y,size_runway (v2),ownership_alignment (v2),fundamental_growth (v2),financial_quality (v2),valuation_sanity (v2),market_confirmation (v2),risk_penalty (v2),compound_fragility_gate (v2),extreme_valuation_data_gate (v2)
BLBLIMITED.NS,EQ,16.72,88.3907072,73.0,high-potential,True,True,,True,True,58.0952380952381,883907072.0,16.72,5.18,0.7679849593018035,,0.3433296256120804,0.08136,0.03507,0.05691,1.655,147.23291721419184,,,,0.4542928224380962,7427159000.0,0.5082829649807288,333219000.0,0.766139337970011,1.507308705494505,3.2277992,0.0420294585317723,0.6782411,,0.221,0.0,92352.0,47.74,1.9699999999999989,"[932200000.0, 716100000.0, 2772800000.0, 3387000000.0, 564200000.0]","[55400000.0, 43100000.0, 85700000.0, 89500000.0, 114900000.0]","[1.05, 0.82, 1.62, 1.69, 2.17]","[-0.23181720660802407, 2.872084904342969, 0.2215089440276976, -0.8334219072925892]","[-0.22202166064981954, 0.988399071925754, 0.04434072345390905, 0.2837988826815643]","[-0.21904761904761916, 0.9756097560975612, 0.043209876543209846, 0.28402366863905315]","[0.0020625739511028786, 0.0017006802721088435, 0.0030813665655293684]","[20.10248361503967, 16.868173258003768, 70.58370798544209]","[19.94871794871795, 17.4390243902439, 34.705882352941174, 36.84375, 47.375]",-0.010669845656270938,0.040523664677665217,-0.027389237618517415,,0.0192187515710458,-0.18505854945760702,0.3162460672217031,0.298566758519499,0.49206349206349204,1.5432180555224375,0.2571967829682159,-0.3101196472172789,10.0,7.0,20.0,9.0,8.0,19.0,0.0,0.0,0.0
ALMONDZ.NS,BE,19.2,367.1391232,72.0,high-potential,True,True,,True,True,65.71428571428571,3671391232.0,19.2,1.9,0.1754839257478764,,0.1151906091567698,0.18429,0.1667,0.56842,16.822,18.02962085308057,,,,-0.1475575758012347,1864130000.0,0.3550490983192664,277634000.0,0.2072947781731429,0.5838482034018285,10.105264,0.5758512614151662,1.2738855,,0.52,0.0,282964.0,55.01,4.189999999999998,"[367800000.0, 721900000.0, 548600000.0, 334100000.0, 295300000.0]","[125300000.0, 48500000.0, 127700000.0, 36400000.0, 69000000.0]","[0.69, 0.29, 0.73, 0.22, 0.41]","[0.9627514953779228, -0.24006095027012053, -0.3909952606635071, -0.1161328943430111]","[-0.6129289704708699, 1.6329896907216495, -0.7149569303054033, 0.8956043956043955]","[-0.5797101449275363, 1.5172413793103448, -0.6986301369863014, 0.8636363636363635]","[0.18313186297269082, 0.19671111456673016, 0.22000725771173296]","[2.638039109493041, 3.0292275574112737, 1.9920458850725615]","[12.65137614678899, 6.821782178217822, 15.115384615384615, 4.981981981981982, 7.725]",-0.01927087627765034,0.4189901487674388,0.4189901487674388,,0.27033647648209413,-0.11927031511488206,0.6619594042809793,0.6980742110241029,0.4444444444444444,1.6276797002650054,0.6316432601018047,-0.40742680824273847,7.0,10.0,17.0,10.0,6.0,22.0,0.0,0.0,0.0
MGEL.NS,EQ,15.81,521.0273792,69.0,high-potential,True,True,,True,True,56.19047619047619,5210273792.0,15.81,1.44,0.4148809997670568,,0.3161680440196578,0.018509999,0.01358,0.03142,86.568,2.899608607163359,,,,1.0094090331140473,33781648000.0,0.3393478558103777,452225000.0,0.5271838533008752,1.5535205078633452,10.979167,0.2646341241504062,2.0945947,11.001,0.131,0.06,1131577.0,68.77,-3.620000000000005,"[9520650000.0, 10639579000.0, 7561596000.0, 8585436000.0, 5367268000.0]","[84281000.0, 124834000.0, 85112000.0, 64322000.0, 51874000.0]","[0.26, 0.38, 0.26, 0.2, 0.16]","[0.11752653442779648, -0.28929556329249495, 0.13539998698687428, -0.3748403692019835]","[0.48116420070953114, -0.3181985676979028, -0.24426637841902432, -0.19352632069898323]","[0.46153846153846145, -0.3157894736842105, -0.23076923076923073, -0.20000000000000007]","[0.8658347296406298, 1.1138931423462082]","[1.3690584219428001, 1.4559428602497897]","[2.10197983943985, 3.167299121354896, 2.2423805549232365, 2.107795945062132, 2.225780998389694]",0.011450340231799805,-0.058585423971902695,0.432034820924335,,0.018945884072296915,-0.058585423971902695,0.6267798987323938,0.338141681869769,0.42857142857142855,3.023352773954995,2.821425774060168,-0.4209591613736495,4.0,10.0,20.0,6.0,7.0,22.0,0.0,0.0,0.0
ASHOKAMET.NS,EQ,14.44,36.094224,68.0,high-potential,True,True,,True,True,53.333333333333336,360942240.0,14.44,6.89,0.6738706257063367,,0.0862697619020865,-0.22431,0.49041998,0.35627997,43.157,10.120946480358556,,,,-1.5912146521231874,277025000.0,-0.1810645260555439,107998000.0,0.496770264004599,-2.7436090040752004,2.0957909,0.0311007902711776,0.21133356,20.888,0.994,0.0,67614.0,53.64,0.0,"[40711000.0, 103469000.0, 66898000.0, 52119000.0, 54539000.0]","[32340000.0, 22229000.0, 44901000.0, 29608000.0, 11259000.0]","[1.29, 2.62, 1.8, 1.18, 0.45]","[1.5415489671096263, -0.3534488590785646, -0.22091841310652038, 0.04643220322722996]","[-0.3126468769325912, 1.019928921678888, -0.34059375069597564, -0.6197311537422319]","[1.0310077519379846, -0.3129770992366412, -0.34444444444444444, -0.6186440677966101]","[0.4766260587531657, 0.28010836362580993, 0.14028937432069913]","[4.22708425202551, 3.1976936227863617, 6.479001030745091]","[11.162210874136377, 15.043054682589567, 16.247174301011302, 9.276612689142553, 3.9228971962616823]",0.020979034037302835,-0.002732237767417156,0.00898411278796818,,0.02012383540636331,-0.15116280617102662,0.1937858485643107,0.5621841526687067,0.47619047619047616,3.8283316890252537,0.27999885418398857,-0.28437686172961363,13.0,8.0,11.0,8.0,8.0,20.0,0.0,0.0,0.0
AGROPHOS.NS,EQ,22.91,46.448,67.0,high-potential,True,True,,True,True,56.19047619047619,464480000.0,22.91,4.04,-0.0347590047504836,0.10389,0.2076210393210612,0.039219998,0.04772,0.33311,42.354,4.287340289014116,1.583,0.356,6479375.0,0.5079076020532877,781341000.0,0.0284803194446745,81820000.0,0.1781275098746921,6.254407020283605,5.670792,,0.6652535,4.597,0.136,0.0,19264.0,54.27,0.0,"[322312000.0, 301063000.0]",[-2868000.0],"[-0.14, 1.15]",[-0.06592680384223981],[],[-9.214285714285714],[0.4856192761657451],[1.5834913684041756],"[1.2728958101594363, 3.2933567402753394]",-0.11804997345696111,-0.26691229262534466,-0.3135779301157974,,-0.16677972895955395,-0.4931697132282029,0.007826891421189863,0.39697008554784996,0.4603174603174603,1.1090775171006175,0.0629530962208271,-0.4971058114384218,13.0,8.0,9.0,19.0,10.0,8.0,0.0,0.0,0.0
HMAAGRO.NS,EQ,23.28,1165.7920512,66.0,high-potential,True,True,,True,True,59.04761904761905,11657920512.0,23.28,4.28,0.1101664138655451,,0.2598413905306825,0.00118,0.02716,0.11737,88.318,7.381495266844465,,,,-0.5131555787544231,69164950000.0,0.2917017189513817,1647590000.0,0.1101793011101586,0.3777122106315812,5.4392524,0.4937305490072906,1.2318764,11.053,0.4,0.0,1756270.0,75.0,0.0,"[21103190000.0, 15790980000.0, 20594480000.0, 21553390000.0, 11226100000.0]","[506930000.0, 79650000.0, 662330000.0, 897560000.0, 8050000.0]","[1.01, 0.16, 1.32, 1.79, 0.02]","[-0.25172545003859603, 0.3041926466881726, 0.04656150580155449, -0.4791492196819155]","[-0.8428777148718758, 7.315505335844319, 0.35515528512976924, -0.9910312402513481]","[-0.8415841584158416, 7.25, 0.35606060606060597, -0.9888268156424581]","[0.903533340915686, 0.7254512727255901, 0.6775386705910836]","[1.2621883678577193, 1.5108134592028266, 1.2911818742044912]","[6.320905686074226, 2.025967048710602, 10.469224964967124, 19.218278063210338, 1.1843503044435808]",0.14327207229829964,0.08747705275988182,-0.06714055592734958,,0.03806964512158717,-0.2616442323154229,0.18218225127094523,0.506447439651011,0.42857142857142855,2.678586447380803,10.50911282385439,-0.3754298316602346,4.0,10.0,15.0,8.0,7.0,22.0,0.0,0.0,0.0
ADROITINFO.NS,BE,11.25,61.457088,65.0,high-potential,True,True,,True,True,43.80952380952381,614570880.0,11.25,0.57,-0.3606822597147441,,0.0758351859909284,0.03716,0.057290003,0.45721,34.111,3.850674898613885,,,,2.1833449540728167,486582000.0,0.2941878236561368,32987000.0,-0.0446613535328942,-0.151812379512678,19.736843,,0.78588897,9.89,-0.203,0.0,410300.0,42.99,4.710000000000001,"[150099000.0, 130675000.0, 143267000.0, 114371000.0, 98269000.0]","[6284000.0, 6751000.0, 15241000.0, 7681000.0, 8423000.0]","[0.12, 0.03, 0.28, 0.14, 0.16]","[-0.12940792410342505, 0.09636120145398896, -0.20169334180236898, -0.140787437374859]","[0.07431572246976459, 1.257591467930677, -0.49603044419657505, 0.09660200494727245]","[-0.75, 8.333333333333334, -0.5, 0.1428571428571428]","[0.3411072213733568, 0.29362967682301117, 0.2172265936761815]","[1.960131882879744, 2.842962962962963, 2.6529478440761016]","[2.730703986429177, 3.8075278015397775, 5.527251184834123, 3.5414230019493176, 4.203150912106136]",0.058325482491463854,0.2486126208895949,0.20064035617955,,0.22465620131965336,-0.23312883834407816,0.36695025829163663,0.48460917695570954,0.5396825396825397,3.3165247341070203,0.33176713186400414,-0.30313300170878077,10.0,7.0,7.0,9.0,9.0,23.0,0.0,0.0,0.0
ANMOL.NS,BE,12.19,69.3783488,64.0,watchlist,True,True,,True,True,50.47619047619048,693783488.0,12.19,2.02,0.44760390401459,,0.1063318814180921,0.021389998,0.00894,0.01704,165.862,9.887757477016176,,,,1.377735919136179,14155360000.0,0.0013544164872771,113079000.0,-0.1537246023657207,-113.49876777914638,6.034653,0.1348212771576562,0.5845401,7.384,0.525,0.0,38983.0,50.21,0.009999999999998,"[4557200000.0, 3085100000.0, 3031600000.0, 2282900000.0, 5773600000.0]","[60000000.0, 25100000.0, 29400000.0, 700000.0, 57200000.0]","[1.05, 0.44, 0.52, 0.01, 1.01]","[-0.3230272974633547, -0.0173414151891349, -0.2469652988520913, 1.5290639099391123]","[-0.5816666666666667, 0.17131474103585664, -0.9761904761904762, 80.71428571428571]","[-0.5809523809523809, 0.18181818181818188, -0.9807692307692307, 100.0]","[1.65855602095033, 1.8509674045668467, 2.04348287297753]","[1.8387741997066964, 1.5652690166975882, 1.6795755529682364]","[2.847926267281106, 3.221518987341772, 2.1945288753799392, 1.0275229357798166, 2.5644171779141103]",0.255698700167446,0.16025640913675887,0.1688191787773332,,0.2278557575229927,-0.24896268844111735,0.4870891309341039,0.6688231871865902,0.42857142857142855,3.009932662337133,0.5630308026885414,-0.4779411386591058,10.0,8.0,6.0,7.0,10.0,23.0,0.0,0.0,0.0
AJOONI.NS,EQ,3.03,52.1898112,63.0,watchlist,True,True,,True,True,58.0952380952381,521898112.0,3.03,0.25,0.0700296592300668,0.04402,0.0697098934600353,0.017819999,0.01854,0.17616,29.371,9.085810906016627,2.359,0.536,,-1.326693042733856,1823782000.0,0.3478124183628861,43221000.0,0.5663399993843454,1.628291485537072,12.12,1.7306952701543832,0.56965595,9.976,0.37,0.0,313682.0,30.53,3.640000000000001,[292744000.0],[15438000.0],[],[],[],[],[0.02202119011612329],[11.312103189082682],[89.92093023255813],-0.13753582170826428,-0.19086022384043488,-0.26405870949449206,,-0.1407021731852478,-0.4222648813004969,0.0,0.4120880560626794,0.3492063492063492,0.9761914047019135,0.11112746607505201,-0.4222648813004969,10.0,4.0,17.0,14.0,10.0,8.0,0.0,0.0,0.0
AMBICAAGAR.NS,EQ,22.94,39.4049568,63.0,watchlist,True,True,,True,True,40.95238095238095,394049568.0,22.94,1.98,0.1099231445246435,,0.0798744609148425,0.10104,0.0252,0.14812,84.996,1.4388645526099932,,,,-2.0071648198642453,1410825000.0,0.0636623930745301,34474000.0,0.1089172591806124,1.710857131196781,11.585858,1.0539962307394306,0.5323865,13.126,-0.033,0.0,13364.0,46.08,2.6700000000000017,"[246496000.0, 222700000.0, 540402000.0, 346288000.0, 301435000.0]","[11053000.0, 8159000.0, 5628000.0, 9334000.0, 11353000.0]","[0.64, 0.15, 0.65, 0.54, 0.66]","[-0.09653706348176039, 1.4265918275707228, -0.35920296371960136, -0.12952513514762276]","[-0.26182936759250885, -0.31020958450790537, 0.6584932480454868, 0.21630597814441832]","[-0.765625, 3.333333333333334, -0.16923076923076918, 0.2222222222222221]","[0.8499596369991218, 0.7472372411503359, 0.7523673219887335]","[2.624726326065734, 2.938863089884547, 2.6934152706456773]","[1.4929412942629243, 1.432103449366088, 1.2922901756668836, 1.5380798274002156, 1.5586404978458592]",-0.1311964393504721,-0.05551056816421873,0.013919082123099003,,-0.0012952122021181456,-0.15543481363165468,0.13430658546713525,0.31616875650438336,0.4126984126984127,1.6925102551570146,0.05761750245407105,-0.255434820542338,13.0,7.0,12.0,6.0,9.0,16.0,0.0,0.0,0.0
MITTAL.NS,EQ,0.7,31.0730528,63.0,watchlist,True,True,,True,True,53.333333333333336,310730528.0,0.7,0.05,0.7060684565636344,,0.0660568768079297,0.0792,0.03304,0.16166,29.486,6.041751069097456,,,,10.954339095512484,914541000.0,0.1288866129320616,22908000.0,0.6333643252284198,4.914120332747647,14.0,0.1982810571674115,0.48309177,4.869,0.438,0.0,1291396.0,34.04,-0.009999999999998,"[240715000.0, 208273000.0, 250794000.0, 211806000.0, 212721000.0]","[4574000.0, 8321000.0, 9670000.0, 701000.0, 5801000.0]","[0.01, 0.02, 0.02, 0.002, 0.01]","[-0.13477348731902872, 0.2041599247141972, -0.15545826455178358, 0.004319990935101048]","[0.8191954525579361, 0.16211993750751108, -0.9275077559462255, 7.275320970042795]","[1.0, 0.0, -0.9, 4.0]","[0.29485730102773117, 0.14044891029937795, 0.07430273978779565]","[1.305559701104027, 2.727718848139027, 5.609312675819792]","[3.5011167836630506, 3.8979677351770374, 81.36158192090396, 5.66, 273.2631578947368]",-0.25000001619691403,-0.2659574474830766,-0.2417582662306227,,-0.16750139704397848,-0.5490196009683223,0.0,0.44658204359494813,0.25396825396825395,1.7421304445042811,0.13368760926185666,-0.5490196009683223,13.0,2.0,18.0,9.0,10.0,11.0,0.0,0.0,0.0
MEDICO.NS,EQ,22.8,189.20352,62.0,watchlist,True,True,,True,True,59.04761904761905,1892035200.0,22.8,1.67,0.2200546320655201,,0.2514575498906425,0.037130002,0.05816,0.24325001,25.444,19.22361251261352,,,,0.4478925216542637,2040752000.0,0.1379298024102297,131152000.0,0.2189394351484668,1.5873250836487012,13.652695,0.6204229773238756,2.4918034,11.698,0.709,0.0,1134192.0,61.38,0.0,"[694006000.0, 568077000.0, 586829000.0, 526352000.0, 382515000.0]","[25180000.0, 58566000.0, 28723000.0, 25682000.0, 18183000.0]","[0.3, 0.71, 0.35, 0.31, 0.22]","[-0.18145232173785242, 0.03300960961278143, -0.10305727903699369, -0.2732714989208742]","[1.325893566322478, -0.5095618618310965, -0.10587334192110853, -0.2919943929600498]","[1.3666666666666667, -0.5070422535211268, -0.11428571428571421, -0.29032258064516125]","[0.25543230552346224, 0.18737136840089982, 0.23531069059964238]","[1.6603977713265656, 1.6163152721673968, 1.6972007408512768]","[9.221319547021173, 10.204691303385705, 10.920528086979031, 15.77711612079966, 9.659551760939168]",-0.46455728038754407,-0.44154515634452274,-0.44818000086206755,,-0.2737517531035647,-0.5975295123861964,0.01393400963738145,0.6722030282432268,0.4126984126984127,2.214319012877395,2.368605469303303,-0.6030604716003745,7.0,8.0,18.0,9.0,7.0,13.0,0.0,0.0,0.0
MOTISONS.NS,EQ,18.06,2054.3367168,62.0,watchlist,True,True,,True,True,51.42857142857142,20543367168.0,18.06,0.63,0.423243989478486,,0.1795340643163672,0.14821,0.13088,0.2236,7.795,15.089167439395949,,,,0.4309997064719021,4895445000.0,0.1016057475926932,637077000.0,0.4211493549065797,4.144936333669235,28.666666,0.677308283463696,3.7554584,20.234,0.508,0.0,37307260.0,57.12,-7.740000000000002,"[1073257000.0, 1374677000.0, 1745613000.0, 904690000.0, 870465000.0]","[110482000.0, 83019000.0, 259411000.0, 214343000.0, 80304000.0]","[0.11, 0.08, 0.26, 0.22, 0.08]","[0.2808460601701177, 0.26983502306359974, -0.48173506957154877, -0.037830638119134785]","[-0.24857442841367827, 2.12471843794794, -0.17373203140961635, -0.6253481569260484]","[-0.2727272727272727, 2.25, -0.15384615384615385, -0.6363636363636364]","[0.0779541113315865, 0.1239497283164017, 0.17506977940952423]","[8.672393181042882, 5.6056868623534735, 5.769681257939132]","[14.686750322937812, 6.762686787986389, 29.696051191378295, 23.179741578218735, 8.078235757416644]",0.11965284597597314,0.2718309653890767,0.3437500022174347,,0.1819616615189592,-0.04393858922837701,0.667589990135679,0.5204030156672457,0.3968253968253968,1.5751993581615464,114.53897865743751,-0.3919146407378623,2.0,8.0,18.0,10.0,1.0,23.0,0.0,0.0,0.0
UYFINCORP.NS,BE,24.76,471.0301184,61.0,watchlist,True,True,,True,True,72.38095238095238,4710301184.0,24.76,3.26,0.8366086269726991,,0.1772439138448268,0.35522997,0.29058,0.76403,0.862,14.252426026089724,,,,-0.0948137837899415,1390217000.0,0.3701941848150503,482799000.0,0.8403799939301386,2.270105875244891,7.5950923,0.0907842933377717,1.2099888,5.45,0.46,0.0,274313.0,,,"[595659000.0, 576910000.0, 355140000.0, 244680000.0, 212242000.0]","[196161000.0, 174381000.0, 167812000.0, 80932000.0, 59675000.0]","[1.03, 0.92, 0.88, 0.43, 0.31]","[-0.031476062646581315, -0.3844100466277236, -0.3110322689643521, -0.13257315677619752]","[-0.11103124474283876, -0.03767038840240622, -0.5177222129525898, -0.2626525972421292]","[-0.10679611650485432, -0.0434782608695653, -0.5113636363636364, -0.2790697674418604]","[0.008616695982851447, 0.011490356567674243, 0.01670021695448324]","[21.899704596850782, 130.39788355431114, 35.29844135082928]",[],0.245472901112892,0.5097561466346403,0.807299311941374,,0.16360374346181805,0.0,1.1381692911926775,0.45669869987387945,0.5555555555555556,0.8498565512213896,0.48039220240014074,-0.2956204654789052,7.0,0.0,20.0,10.0,8.0,16.0,0.0,0.0,0.0
DUCON.NS,EQ,1.39,79.9067008,60.0,watchlist,True,True,,True,True,56.19047619047619,799067008.0,1.39,0.22,0.3199116632021823,,0.1416146656972605,0.04421,0.024349999,0.07354,63.005,3.0424652574011413,,,,0.4569124046392221,4193967000.0,0.0196670005002936,109846000.0,0.3890673435579448,19.782749461573204,6.318182,0.1974977072344794,0.25783715,4.956,0.717,0.0,2423477.0,38.08,0.0,"[1044214000.0, 1002428000.0, 937844000.0, 1130869000.0, 1122827000.0]","[21676000.0, 18480000.0, 23124000.0, 36927000.0, 31314000.0]","[0.049479, 0.04241, 0.049479, 0.077752, 0.070684]","[-0.040016701557343604, -0.06442756986037901, 0.2058178119175471, -0.00711134534592428]","[-0.14744417789260011, 0.25129870129870135, 0.5969122989102231, -0.15200259972377939]","[-0.14286869176822492, 0.1666823862296627, 0.5714141352897188, -0.09090441403436578]","[0.5613266972715313, 0.5795952056063456, 0.5792036079388339]","[2.1740428233895446, 2.3250265688629175, 2.275560789242056]","[2.784956762930331, 2.290748334187596, 2.6161572883937922, 3.542877594846099, 3.0129178668063195]",-0.19553067714607364,-0.526315764707211,-0.5739644945371111,,-0.4479580605238994,-0.711422820987869,0.1707317356833522,0.9523484805784767,0.38095238095238093,3.527601868733633,0.578758034717,-0.7535069988995478,10.0,5.0,15.0,8.0,10.0,12.0,0.0,0.0,0.0
MANUGRAPH.NS,BE,15.59,48.8548512,60.0,watchlist,True,True,,True,True,40.95238095238095,488548512.0,15.59,1.93,,,0.0950435270637918,-0.11179,0.06761,0.36655,5.169,9.972141536836546,,,,0.2400791247830123,848815000.0,0.0304343881427939,49542000.0,,,8.077721,,0.81700027,-37.102,0.26,0.0,276832.0,57.67,0.0,"[257079000.0, 250863000.0, 176852000.0, 142010000.0, 316645000.0]","[74644000.0, -12320000.0, 4357000.0, -10784000.0, 68289000.0]","[2.45, -0.3, 0.14, -0.36, 2.25]","[-0.02417933786890414, -0.2950255717264004, -0.19701219098455203, 1.2297373424406732]","[-1.1650501044960078, -1.3536525974025975, -3.4750975441817764, -7.332436943620178]","[-1.1224489795918366, -1.4666666666666668, -3.571428571428571, -7.25]","[0.05169036095379054, 0.10149193139145438, 0.13139395850578792]","[0.9076648529488951, 0.9079533655799458, 0.7239605968419528]","[94.50921985815603, 1.2280701754385965, 3.240766713417485, -5.6056096164854035, 42.0885445489762]",0.06321456229266653,0.06036221203320813,0.13496052212880372,,0.10901536428381164,-0.3278061176908691,0.6198770541860927,0.7324810413601988,0.49206349206349204,4.294578250821927,0.44593268022760396,-0.5713658308006726,13.0,8.0,2.0,8.0,8.0,21.0,0.0,0.0,0.0
VCL.NS,BE,1.5,27.5628352,60.0,watchlist,True,True,,True,True,58.0952380952381,275628352.0,1.5,0.29,0.4226433934113622,,0.2113882724918587,-3.61181,0.47087002,0.22083001,23.444,70.24076607387141,,,,-0.3955298163062166,111664000.0,-0.4497868996453376,55255000.0,0.6963223549539475,-1.5481161312234883,5.172414,0.1223824642862841,1.2427506,14.711,0.658,0.0,538780.0,,,"[0.0, 0.0, 88799000.0, 0.0, 52533000.0]","[-516000.0, 7885000.0, 39461000.0, 2160000.0, 13161000.0]","[-0.003, 0.04, 0.215, 0.012, 0.07]","[inf, -1.0, inf]","[-16.281007751937985, 4.004565630944832, -0.9452624109880642, 5.093055555555556]","[-14.333333333333334, 4.375, -0.9441860465116279, 4.833333333333334]","[0.2344432363059482, 0.6068308960643831]","[2.8425756004149045, 1.7769412776941278]","[-8.71830985915493, 22.231182795698924, 208.10752688172042, 13.203389830508474, 15.419093851132686]",-0.05063293717874329,0.12781951248062962,-0.006622510282393357,,0.05093777886591444,-0.4094488100284488,0.7045454637817115,0.6937063775018875,0.5079365079365079,2.103685695583389,0.20701087478697897,-0.6141732150426732,13.0,0.0,11.0,8.0,7.0,21.0,0.0,0.0,0.0
VIJIFIN.NS,BE,13.46,310.9260032,60.0,watchlist,True,True,,True,True,53.333333333333336,3109260032.0,13.46,0.28,0.5615950586282807,,0.1089270148189238,0.80674005,0.56130004,1.0,31.027,25.45462962962963,,,,1.1084776663628078,50817000.0,0.3459322840102379,19746000.0,0.6583024617266808,1.90298070505382,48.07143,0.855980287957242,8.242498,,-0.163,0.0,598237.0,,,"[8880000.0, 23483000.0, 15926000.0, 5758000.0, 5652000.0]","[11371000.0, 21461000.0, 9422000.0, -969000.0, -3300000.0]","[0.07, 0.15, 0.07, -0.01, -0.02]","[1.6444819819819818, -0.321807264829877, -0.6384528444053749, -0.01840916985064256]","[0.887345000439715, -0.560971063790131, -1.1028444067077054, 2.4055727554179565]","[1.1428571428571428, -0.5333333333333332, -1.1428571428571428, 1.0]","[0.3102739813978573, 0.5509651072924519, 0.5889762159685435]","[0.05483928465331828, 37.64564634572794, 5.147056070392212]",[12.713235294117647],-0.24068596874925974,0.712000020345052,2.9875776517088135,,0.5392646814461712,-0.24068596874925974,5.388059807716008,0.31957510923260063,0.7619047619047619,2.1944536456394186,0.8529520323350335,-0.4305948989365248,7.0,0.0,20.0,10.0,0.0,23.0,0.0,0.0,0.0
SYNCOMF.NS,EQ,23.28,2188.3201536,59.0,watchlist,True,True,,True,True,60.95238095238096,21883201536.0,23.28,0.94,0.5532256478494038,,0.2365836091094705,0.19650999,0.17181998,0.43558,0.355,159.07331561669534,,,,0.7598223396739842,4816895000.0,0.2936638191794229,764380000.0,0.561644820937129,1.912543474053148,24.765959,0.447664693353871,5.230285,24.518,0.828,0.42,62341611.0,,,"[1255264000.0, 1354118000.0, 1151406000.0, 1217174000.0, 1169017000.0]","[248468000.0, 251744000.0, 189081000.0, 166011000.0, 157544000.0]","[0.26, 0.27, 0.23, 0.18, 0.17]","[0.0787515614245291, -0.14970039538651725, 0.05711973013863059, -0.03956459799502787]","[0.01318479643253867, -0.24891556501843137, -0.12201120154854272, -0.051002644403081776]","[0.03846153846153855, -0.14814814814814814, -0.21739130434782616, -0.05555555555555547]","[0.0036005834381354846, 0.0018415004450512912, 0.013396165977315716]","[3.1849877272578277, 4.683659777914867, 4.551037165300696]","[132.91083844580777, 90.65841979249801, 96.24677296886864, 84.18799546998868, 81.91068580542264]",0.11562622110201382,0.6498363535574194,0.7844912567724787,,0.31988773150073824,-0.11077156549753531,1.2713282015447471,0.6834314237039182,0.5396825396825397,3.3939086269297323,79.28489609186363,-0.39376102494723597,2.0,0.0,20.0,10.0,2.0,25.0,0.0,0.0,0.0
CENTEXT.NS,EQ,17.87,142.9600128,58.0,watchlist,True,True,,True,True,56.19047619047619,1429600128.0,17.87,1.41,0.2224180630618939,,0.2803947958725886,0.062080003,0.02414,0.20101,82.304,2.527805864509605,,,,0.3691886964448496,4785600000.0,0.0875784504783911,109700000.0,0.2248345605869768,2.567236110696566,12.673759,0.5698169845348028,1.7244042,6.008,0.122,0.0,148344.0,52.04,0.0,"[1383600000.0, 1422200000.0, 1225300000.0, 1096600000.0, 1041500000.0]","[37700000.0, 29500000.0, 29000000.0, 27600000.0, 23600000.0]","[0.427693, 0.336694, 0.327594, 0.318494, 0.272995]","[0.027898236484533045, -0.1384474757418085, -0.10503550150983432, -0.050246215575414865]","[-0.2175066312997348, -0.016949152542372836, -0.0482758620689655, -0.14492753623188404]","[-0.21276710163598656, -0.027027508657712973, -0.027778286537604502, -0.14285669431763237]","[0.8230398069963811, 0.5790131878126421, 0.6257683500060263]","[1.3579857578840284, 1.3108278792054198, 1.3632972322503008]","[2.3567567567567567, 3.9935064935064934, 2.0828571428571427, 2.1821192052980134, 2.1760299625468167]",-0.0231238516886344,-0.011689655521885833,-0.08599508438307024,,-0.052121231593311945,-0.4521354944482392,0.12590798220762434,0.5775016180782383,0.4444444444444444,1.2553756982958224,0.5935769643614769,-0.5134020593072488,7.0,8.0,15.0,6.0,8.0,14.0,0.0,0.0,0.0
GLOBE.NS,EQ,2.07,93.2366848,58.0,watchlist,True,True,,True,True,49.523809523809526,932366848.0,2.07,0.23,-0.0548273915250585,,0.1784534612623263,0.045250002,0.01572,0.10742,114.163,1.8732706621749375,,,,-1.842447656241776,5468264000.0,0.1310097417975586,94997000.0,0.2275590308621002,1.736962669644318,9.0,,0.6225564,7.233,0.51,0.0,466037.0,34.35,0.0,"[1594603000.0, 1565599000.0, 1482779000.0, 1228485000.0]","[20185000.0, 44638000.0, 13952000.0, 662000.0]","[0.04, 0.1, 0.03]","[-0.01818885327570563, -0.05289988049302541, -0.1714982475473419]","[1.2114441416893733, -0.6874411936018638, -0.9525516055045872]","[1.5, -0.7]","[1.0762413659140444, 1.014436630095881]","[1.3130907870015431, 1.3347664511570332]","[1.9636862917398945, 2.0271031500926497, 1.5717328394490102, 1.3121686746987953]",0.11290318135623134,-0.0416667356535213,-0.1446281537259897,,-0.040361480655241255,-0.34285718394515075,0.17613633207915225,0.4363627044439424,0.4603174603174603,2.0922834841125115,0.2101561319230908,-0.4412698612131434,10.0,2.0,14.0,4.0,10.0,18.0,0.0,0.0,0.0
KSHITIJPOL.NS,BE,3.5,53.9857088,58.0,watchlist,True,True,,True,True,51.42857142857142,539857088.0,3.5,0.29,0.500520611172389,,0.0827372612639185,0.03554,0.07407,0.29436,29.786,3.799097065462754,,,,-0.256675304191077,447505000.0,0.0961201778815563,35504000.0,1.1444944570492317,11.90691155877312,12.068966,0.2411282518761892,1.167445,14.072,-0.205,0.0,5662159.0,0.0,0.0,"[143470000.0, 131445000.0, 105406000.0, 119654000.0, 91042000.0]","[4694000.0, 22386000.0, 6095000.0, 5148000.0, 4485000.0]","[0.03, 0.14, 0.068483, 0.03, 0.05]","[-0.08381543179758832, -0.19809806382897788, 0.13517257082139533, -0.2391228040851121]","[3.769066893907115, -0.7277316179755204, -0.15537325676784253, -0.12878787878787878]","[3.666666666666667, -0.5108357142857143, -0.561935078778675, 0.6666666666666667]","[0.28280954223936317, 0.18781332429032727, 0.41007590013970857]","[2.790917247335631, 4.175048994022237, 1.9668539418949602]","[1.835826210826211, 13.246196403872752, 2.820381231671554, 1.7539013074652046, 1.9752120026092628]",0.06358382259673379,0.09523814930126684,0.5462184410951867,,0.052312696273065784,-0.48817801982329434,0.8492462558399074,0.6468151253019415,0.4603174603174603,2.0984628643680714,2.3583362834760213,-0.6703755400976608,10.0,0.0,15.0,9.0,7.0,21.0,-4.0,0.0,0.0
AIRAN.NS,EQ,14.75,184.4045056,56.0,watchlist,True,True,,True,True,42.85714285714285,1844045056.0,14.75,1.2,0.0539422077582858,,0.0927379494814374,0.083850004,0.13878,0.32463002,0.621,131.08171521035598,,,,0.3057604030293488,1122374000.0,0.0484508200605828,120686000.0,0.0522492142339465,1.0783969016131034,12.291666,2.27867314127719,1.3746506,12.527,0.613,0.0,69554.0,72.21,0.0,"[265533000.0, 309707000.0, 292980000.0, 262698000.0, 256989000.0]","[67301000.0, 4709000.0, 77414000.0, 7523000.0, 31507000.0]","[0.52, 0.0, 0.62, 0.0, 0.25]","[0.16635973683120375, -0.054009111837962975, -0.10335859103010447, -0.021732179156293552]","[-0.9300307573438731, 15.439583775748567, -0.9028211951326633, 3.1880898577695067]","[-1.0, inf, -1.0, inf]","[0.006568932466786945, 0.007200779600805516, 0.01579480953440203]","[5.325785055731388, 4.976629031225322, 4.997187895830934]","[219.265625, 61.16019417475728, 289.4114114114114, 42.422641509433966, 98.42824074074075]",-0.09063264454923514,-0.0453384447678844,-0.04350609726147814,,0.031048283689390388,-0.3850267323037312,0.16523771614697735,0.31380556897611844,0.38095238095238093,1.4067691926232688,0.1820672427699995,-0.4722336402483053,7.0,10.0,6.0,9.0,7.0,17.0,0.0,0.0,0.0
BEARDSELL.NS,EQ,21.5,84.7895488,56.0,watchlist,True,True,,True,True,48.57142857142857,847895488.0,21.5,2.73,0.0887978494298806,,0.1829136276239055,0.03269,0.03839,0.33205003,24.168,6.464095184613225,,,,2.303390141744126,2735655000.0,0.0574903030146858,114361000.0,0.1042320347480318,1.8130367954645488,7.875458,0.8868973798986951,0.92235094,4.106,0.194,0.46,42223.0,52.68,0.0,"[722000000.0, 717800000.0, 665900000.0, 710100000.0, 656600000.0]","[22600000.0, 43800000.0, 21000000.0, 20500000.0, 29000000.0]","[0.57, 1.11, 0.53, 0.52, 0.73]","[-0.005817174515235446, -0.07230426302591253, 0.06637633278270005, -0.07534150119701455]","[0.9380530973451326, -0.5205479452054795, -0.023809523809523836, 0.41463414634146334]","[0.9473684210526319, -0.5225225225225225, -0.018867924528301883, 0.40384615384615374]","[0.24180314055750712, 0.3602188081936685, 0.3543180978193914]","[1.3548134387993849, 1.2200088534749889, 1.22903495168794]","[4.88135593220339, 9.385964912280702, 4.705263157894737, 5.363636363636363, 5.454545454545454]",-0.1251865936469404,-0.21474184881227276,-0.12237709838472788,,-0.10650097980701811,-0.40154427400497605,0.07692553011013481,0.3032121060192451,0.4126984126984127,1.1529768501799433,0.07170032237886428,-0.4442923774554578,10.0,8.0,10.0,9.0,10.0,9.0,0.0,0.0,0.0
CREATIVEYE.NS,EQ,6.09,12.2154744,56.0,watchlist,True,True,,True,True,39.04761904761905,122154744.0,6.09,-2.28,1.3857340829728506,,-0.3016193026331863,0.120129995,0.0,-0.15857,45.361,-6.464213701977055,,,,0.3623008187134322,4215768.0,-0.4010268921562495,-51788939.0,1.4050159687661092,-3.503545513398343,,,0.80769235,-9.107,0.204,0.0,20215.0,56.26,0.0,"[3005000.0, 4216000.0, 0.0, 0.0, 0.0]","[-1029000.0, -1368000.0, -36811000.0, -6487000.0, -7123000.0]","[-0.05, -0.07, -1.84, -0.32, -0.36]","[0.40299500831946755, -1.0]","[0.3294460641399417, 25.908625730994153, -0.8237755018880226, 0.09804223832279946]","[0.40000000000000013, 25.285714285714285, -0.8260869565217391, 0.125]","[0.45360835397256916, 0.33058161753655235, 0.2876256147788565]","[2.714106831529455, 2.9535986168818495, 3.154535933966423]","[0.25971223021582734, 0.024251069900142655, -24.923239436619717, -2.149029126213592, -2.4510658914728682]",-0.02912618662434696,-0.08814588608374652,-0.05362778302917037,,-0.04999440734185745,-0.2518703668910932,0.0810810439279559,0.5493212384334044,0.4444444444444444,1.4416129201189056,0.01756654856340647,-0.30798006559186075,15.0,8.0,11.0,5.0,5.0,16.0,-4.0,0.0,0.0
HYBRIDFIN.NS,EQ,17.62,51.86672,56.0,watchlist,True,True,,True,True,56.19047619047619,518667200.0,17.62,0.87,0.7556838005900193,,0.0510291392704888,0.40492,0.44055998,1.0,1.585,771.8857142857142,,,,0.2729158179326691,36573000.0,0.1404426491906389,27001000.0,0.746780041694401,5.31733092474431,20.252874,0.2680072536183395,1.1724781,,-2.556,0.0,15811.0,64.01,0.0,"[10716000.0, 11612000.0, 12322000.0, 15193000.0, 9713000.0]","[5822000.0, 4408000.0, 4368000.0, 10854000.0, 7371000.0]","[0.2, 0.15, 0.15, 0.37, 0.25]","[0.0836132885405001, 0.06114364450568388, 0.2329978899529297, -0.3606924241426973]","[-0.24287186533837168, -0.00907441016333943, 1.48489010989011, -0.32089552238805974]","[-0.2500000000000001, 0.0, 1.4666666666666668, -0.32432432432432434]","[0.0, 0.016040219705180762, 1.5308778053335782e-05]","[16.194924445087125, 8.697005516154451, 12.660175501863204]","[307.42105263157896, 52.25581395348837, 190.91304347826087, 678.1875, 388.94736842105266]",0.036067417837270854,-0.044015015124159396,-0.026775944893256187,,-0.0539106747425967,-0.4702557991739966,0.14829137350866173,0.3431291376480254,0.5238095238095238,0.32784106883969755,0.018023274140415192,-0.5386674383807801,10.0,8.0,18.0,10.0,5.0,5.0,0.0,0.0,0.0
SARVESHWAR.NS,EQ,3.66,450.775296,56.0,watchlist,True,True,,True,True,44.761904761904766,4507752960.0,3.66,0.28,-0.5371444514956709,,0.1443280671525248,0.04176,0.02352,0.08053,52.774,2.607217686313984,,,,-1.922957384495846,13456014000.0,0.2497726325504174,317889000.0,0.5980026278838286,2.394187953170249,13.071429,,0.939184,10.802,0.383,0.0,1627869.0,,,"[3580255000.0, 3826182000.0, 3267751000.0, 3348592000.0, 3013489000.0]","[82140000.0, 73484000.0, 92171000.0, 82007000.0, 70178000.0]","[0.07, 0.06, 0.08, 0.07, 0.07]","[0.06868980002821035, -0.14594993128920686, 0.02473903305362013, -0.10007280671995866]","[-0.10538105673240805, 0.25430025583800564, -0.11027329637304573, -0.14424378406721372]","[-0.14285714285714302, 0.3333333333333335, -0.12499999999999989, 0.0]","[0.5280705224729719, 0.5727716991160725, 0.9978431395740028]","[1.780041128222679, 1.6943922286175808, 1.5115028278008076]","[2.779138582936051, 2.836859393211599, 3.129260636664506, 2.4547070696269366, 2.245763954619989]",-0.027247994815338017,0.005633797519761785,0.02586204415977944,,0.018152458236593283,-0.4069767533963756,0.42231073577968536,0.3727279273450418,0.4444444444444444,1.608242489940004,0.8948835960874284,-0.5830564786684679,7.0,0.0,16.0,6.0,9.0,18.0,0.0,0.0,0.0
SBGLP.NS,EQ,22.2,384.9845248,56.0,watchlist,True,True,,True,True,62.85714285714285,3849845248.0,22.2,2.37,0.2078867290797859,,0.2775497088718326,0.30819,0.24777001,0.41408002,75.186,112.31354642313546,,,,-0.1662413552779713,1429934000.0,0.3192422601779308,373060000.0,0.2079929930053838,0.6515208634641863,9.367089,0.4505861938115807,3.7161033,7.855,0.355,0.53,61161.0,,,"[421206000.0, 589740000.0, 420890000.0, 259785000.0, 159519000.0]","[93397000.0, 132793000.0, 111310000.0, 81626000.0, 53285000.0]","[0.53, 0.76, 0.62, 0.46, 0.31]","[0.4001225053774162, -0.28631261233764027, -0.3827722207702725, -0.38595761880016166]","[0.42181226377720904, -0.1617781057736477, -0.26667864522504714, -0.34720554725210107]","[0.4339622641509433, -0.1842105263157895, -0.25806451612903225, -0.32608695652173914]","[0.7952493401861369, 0.7935555233411582, 1.0580414167954213]","[2.8440241833920306, 2.542661733861069, 3.0834153193245823]","[19.243406830955468, 66.43554260742899, 141.61080074487896, 1191.304347826087, 280.07003891050584]",-0.049938304073574136,-0.08969946102616078,-0.09079705321094889,,-0.06834814438391867,-0.4271722573855644,0.22011683518956748,0.6105447544261731,0.49206349206349204,2.9214764196832514,0.5252710535167885,-0.5305140244823879,7.0,0.0,18.0,9.0,6.0,16.0,0.0,0.0,0.0
NDL.NS,EQ,2.58,371.8996992,55.0,watchlist,True,True,,True,True,53.333333333333336,3718996992.0,2.58,0.26,2.8597213146808205,,0.0744291999991092,0.020480001,0.01501,0.14565,18.05,3.900981738294659,,,,4.360385650982239,28286274000.0,0.1248278137310971,331284000.0,2.9646528231885245,23.749937891045256,9.923077,0.0346994546253802,0.5711755,5.848,0.995,0.0,985945.0,,,"[6223891000.0, 5399795000.0, 4995272000.0, 7846897000.0, 10476774000.0]","[147961000.0, 95095000.0, 29729000.0, 94470000.0, 111990000.0]","[0.1, 0.07, 0.02, 0.07, 0.78]","[-0.1324084885162674, -0.07491451064345966, 0.5708648097641129, 0.335148658125626]","[-0.3572968552523976, -0.6873757821126243, 2.1777052709475595, 0.18545570022229274]","[-0.29999999999999993, -0.7142857142857143, 2.5000000000000004, 10.142857142857142]","[0.180504014768192, 0.34571802925996403, 0.40210204056567245]","[2.2467618956706947, 1.6130388411862844, 1.4890228665637955]","[3.1220555864140387, 1.6082201943764374, 2.2049238527191317, 2.971621297996328]",-0.13422821906282933,0.07949782864528276,-0.015267161679471508,,0.060274830095580656,-0.2366864389491864,0.4021738461431812,0.5593077056892034,0.38095238095238093,0.7138668526152753,0.26085008796213033,-0.4556213103315373,7.0,0.0,18.0,9.0,10.0,11.0,0.0,0.0,0.0
RKEC.NS,BE,19.87,47.6693248,55.0,watchlist,True,True,,True,True,58.0952380952381,476693248.0,19.87,7.4,0.6737224385622609,-0.32252,0.2151244773759097,-1.20002,-0.45594,-0.09632,171.855,2.7513524566220715,1.182,0.358,-527703872.0,0.2181598594642073,4219225000.0,0.2608462565057072,200376000.0,0.4119208078546734,1.5791708624565242,2.6851351,0.0398552125669161,0.24187462,-5.557,1.011,0.0,164274.0,,,[1414253000.0],[27167000.0],[],[],[],[],[1.12344672725625],[1.3023658785011727],[3.729174527313126],0.008374388309512204,-0.25128020486068336,-0.4214245705096308,,-0.19552229199020088,-0.7075296479763027,0.12906785774439866,0.6202947858456143,0.42857142857142855,1.9121116373139624,0.22879162466888428,-0.7409629987979807,13.0,0.0,20.0,5.0,8.0,11.0,-2.0,0.0,0.0
SAGARDEEP.NS,EQ,23.23,39.6243392,55.0,watchlist,True,True,,True,True,49.523809523809526,396243392.0,23.23,1.3,0.5740609166314434,,0.1182105586930533,0.02243,0.01543,0.04798,26.418,3.232656954561221,,,,2.0317633603659804,1248122000.0,0.1123741902526989,19236000.0,0.5516625993236712,4.9091575038995385,17.86923,0.3112775923652078,1.1507405,9.454,0.211,0.0,7456.0,,,"[391988000.0, 335832000.0, 353474000.0, 322623000.0]","[3197000.0, 4039000.0, 3410000.0, 10723000.0]","[0.19, 0.25, 0.21, 0.65]","[-0.14325948753533269, 0.05253221849019751, -0.08727940385997268]","[0.26337191116671876, -0.15573161673681601, 2.144574780058651]","[0.3157894736842106, -0.16000000000000003, 2.0952380952380953]","[0.3966590420287827, 0.19214777520297419]","[1.790443764023653, 2.4966553998156336]","[3.093361884368308, 2.9995777027027026, 3.7303233679072605, 6.082371054657429]",-0.05245346036942533,-0.08571430128447866,-0.019264471590109133,,-0.040085293356064366,-0.2621871156717712,0.017257000584331328,0.2633708131888479,0.4444444444444444,0.48851160807566,0.015175505583381653,-0.2747035568156174,13.0,0.0,18.0,9.0,7.0,8.0,0.0,0.0,0.0
AKI.NS,BE,6.03,62.2331904,54.0,watchlist,True,True,,True,True,38.095238095238095,622331904.0,6.03,0.29,0.091776096885807,,0.0442471455302249,0.044260003,0.02578,0.14878,21.381,2.409440632148056,,,,-8.223480148883375,1067319000.0,0.149539660418472,19344000.0,0.1873865118390731,1.2530890555367753,20.793104,2.265633940161124,0.781797,17.514,0.08,0.0,116908.0,53.92,0.0,"[290421000.0, 365787000.0, 255610000.0, 275244000.0, 176634000.0]","[5107000.0, 7645000.0, 24465000.0, 7737000.0, 2077000.0]","[0.05, 0.07, 0.11, 0.06, 0.02]","[0.25950602745669227, -0.301205346280759, 0.07681233128594345, -0.35826394035837295]","[0.49696495006853336, 2.200130804447351, -0.683752299202943, -0.7315496962647021]","[0.40000000000000013, 0.5714285714285714, -0.4545454545454546, -0.6666666666666666]","[0.26761276585988736, 0.26026379379580866, 0.3442211711027083]","[2.2393034951603528, 2.5698593615764316, 1.766591903839035]","[2.4646178730287103, 3.0877806404122192, 3.4332727639814253, 2.450835879920906, 1.6415239561285357]",-0.22795968888357465,0.32112075233395876,0.27178421081425097,,0.24245143139372893,-0.31200895404938045,0.5637755089628353,0.8058512420651797,0.36507936507936506,0.6606417472757898,0.08217586138121129,-0.5600448772810585,10.0,8.0,13.0,7.0,7.0,11.0,-2.0,0.0,0.0
BTML.NS,EQ,7.02,127.5518336,54.0,watchlist,True,True,,True,True,54.285714285714285,1275518336.0,7.02,0.45,0.1084909665194964,,0.1682818876428827,0.05554,0.05163,0.16174,41.589,4.013477524009361,,,,-5.756359817551999,1155019000.0,0.3942870577570392,63799000.0,0.2513227306940133,0.6374105508907653,15.6,1.4379077355898195,1.3657588,9.457,0.044,0.0,396767.0,24.27,0.0,"[301038000.0, 349619000.0, 390152000.0, 234018000.0, 181230000.0]","[6315000.0, 18710000.0, 14459000.0, 26339000.0, 4289000.0]","[0.04, 0.11, 0.13, 0.17, 0.03]","[0.1613782977564293, 0.11593477471190061, -0.4001876191843179, -0.22557239186729228]","[1.962787015043547, -0.22720470336718335, 0.8216335846185767, -0.8371616234481187]","[1.75, 0.18181818181818188, 0.3076923076923077, -0.8235294117647058]","[0.4382560544624389, 0.3229095539750497, 0.6592231972529569]","[1.5496531753147251, 1.680946890332973, 1.4638347763347763]","[2.346719414794357, 3.7124244230605465, 4.953785156733986, 7.8145030754289415, 1.7113163972286374]",-0.1896348292204021,0.14666668574015307,0.10433388336716232,,0.031743771705449175,-0.24644030359223934,0.2600732722294756,0.750388708926697,0.38095238095238093,0.7347760373494662,0.3187101598284292,-0.40197152577129847,7.0,2.0,17.0,9.0,7.0,12.0,0.0,0.0,0.0
AFIL.NS,EQ,7.59,323.903232,53.0,watchlist,True,True,,True,True,60.0,3239032320.0,7.59,1.02,0.4276708645770533,,0.0748572718010056,0.62251,0.48816,1.0,118.754,629.4912689173458,,,,-3.9366608855094585,1407380000.0,0.2942696897939367,423214000.0,0.4284940261240384,1.4561269508391863,7.441177,0.1739930777692555,0.7641196,,0.893,0.0,735814.0,39.02,-0.509999999999998,"[410701000.0, 405369000.0, 372639000.0, 341609000.0, 306108000.0]","[115741000.0, 122737000.0, 103910000.0, 100431000.0, 96135000.0]","[0.27, 0.29, 0.24, 0.24, 0.23]","[-0.012982680831066906, -0.0807412505643007, -0.08327094050810568, -0.10392290601242937]","[0.060445304602517735, -0.15339302736746052, -0.03348089693003564, -0.04277563700451059]","[0.07407407407407396, -0.1724137931034483, 0.0, -0.04166666666666663]","[1.1875430997772671, 0.9575020003741993, 0.7372278567518945]","[1.761430035443726, 237.68747154101345, 85.43391176048155]",[],-0.17067837647909512,-0.22653063508382842,-0.1405895480751348,,-0.12528595490831373,-0.30522456189547453,0.5532786364646356,0.34801933617428277,0.30158730158730157,0.5639046978784946,0.44187612424264194,-0.44608400885260857,7.0,5.0,20.0,8.0,8.0,5.0,0.0,0.0,0.0
BAIDFIN.NS,EQ,10.12,164.037312,53.0,watchlist,True,True,,True,True,49.523809523809526,1640373120.0,10.12,1.08,0.0632877914380871,,0.0442132751284061,0.49748,0.28607,0.70817,122.59,,,,,-2.221684285036962,956579000.0,0.2150327175356323,149749000.0,0.1299730306999122,0.604433744731775,9.37037,1.480596776578433,0.67332006,,0.102,0.98,63950.0,49.73,2.3399999999999963,"[216365000.0, 250079000.0, 246225000.0, 238319000.0, 237766000.0]","[43442000.0, 16570000.0, 47506000.0, 45512000.0, 40161000.0]","[0.28, 0.07, 0.37, 0.374764, 0.33]","[0.15582002634437186, -0.015411130082893854, -0.032108843537414944, -0.0023204192699700643]","[-0.6185718889553888, 1.8669885334942666, -0.041973645434260964, -0.1175733872385305]","[-0.75, 4.285714285714286, 0.012875675675675602, -0.11944583791399377]","[1.22590272945179, 1.4261225169603777, 1.4263650281990112]","[36.15676496859637, 44.745557709393424, 32.15053416294905]",[],-0.05675813874211688,0.006063066953176488,0.023098049641086416,,0.05185241026312881,-0.17627073580820918,0.1287805855994557,0.4612304358568017,0.3968253968253968,1.1635817883564368,0.12313313447685242,-0.2702485543243667,7.0,7.0,13.0,4.0,8.0,16.0,-2.0,0.0,0.0
DBEIL.NS,EQ,6.38,297.1858944,53.0,watchlist,True,True,,True,True,53.333333333333336,2971858944.0,6.38,0.59,0.2282163325722599,,0.1122331520720945,0.11359,0.05124,0.20491,39.766,3.562997417005824,,,,-0.5663710118757896,5542811000.0,0.0854138303416012,396521000.0,0.2283382259257684,2.673316780345293,10.81356,0.4738293652394976,0.6683428,48.317,,0.0,397278.0,71.84,-0.1899999999999977,"[898556000.0, 2362466000.0, 1663781000.0, 450521000.0, 1066043000.0]","[28783000.0, 145131000.0, 51665000.0, 49826000.0, 149899000.0]","[0.06, 0.31, 0.111, 0.107, 3.22]","[1.6291805964235953, -0.29574393874874816, -0.7292185690304193, 1.3662448587302256]","[4.042247159781816, -0.6440112725744327, -0.035594696603116205, 2.0084494039256615]","[4.166666666666667, -0.6419354838709677, -0.03603603603603611, 29.093457943925237]","[0.3976593218226645, 0.3545412787820446, 0.32718707937520636]","[2.5009108847455006, 2.5246971267074896, 2.7483647345360356]","[1.5207611988747025, 3.837021300864011, 1.9629485179407176, 2.1918698897340434, 4.563509570910126]",-0.14800001780192062,-0.1972362015248006,0.03097772082607464,,-0.0925679970256581,-0.621333341245298,0.19105314801417084,0.46160703756816324,0.31746031746031744,0.7700011027477565,0.24734742240423438,-0.6820740876374422,7.0,10.0,15.0,10.0,8.0,5.0,-2.0,0.0,0.0
LATTEYS.NS,EQ,20.65,118.7288704,53.0,watchlist,True,True,,True,True,41.90476190476191,1187288704.0,20.65,0.62,0.198661058024635,,0.2038628664668428,0.05467,0.03159,0.22775999,91.364,5.826439578264396,,,,-3.1475898531975925,1168448000.0,0.305790514503971,35558000.0,0.3884688883613036,1.2703758616955367,33.30645,1.676546492361367,5.007274,18.313,1.638,0.0,61189.0,70.42,-3.950000000000003,"[389079000.0, 339221000.0, 204901000.0, 235565000.0, 244384000.0]","[13881000.0, 9360000.0, 5790000.0, 6557000.0, 4919000.0]","[0.24, 0.16, 0.1, 0.11, 0.09]","[-0.12814364177968995, -0.39596605163005827, 0.14965275913733955, 0.03743764990554621]","[-0.32569699589366763, -0.3814102564102564, 0.13246977547495686, -0.24980936403843224]","[-0.33333333333333326, -0.375, 0.09999999999999987, -0.18181818181818188]","[0.9136344958867579, 0.3675561250069634, 0.4350117067159581]","[1.3190334725572093, 1.6310891964394587, 1.521622433901305]","[3.912021951637798, 5.870620881026708, 5.188950276243094, 5.326765977895243, 4.899523809523809]",0.013572501116626556,0.0014368145522667408,0.07011253161181297,,-0.02489897712581246,-0.3944396007349672,0.32341769588545666,0.435908879013927,0.38095238095238093,0.6391148281031371,0.10563253970649719,-0.5424268534811516,7.0,10.0,19.0,8.0,0.0,9.0,0.0,0.0,0.0
LIBAS.NS,EQ,11.24,29.6113088,53.0,watchlist,True,True,,True,True,34.285714285714285,296113088.0,11.24,1.3,-0.3661507313542906,,0.0167189193060603,0.05244,0.02619,0.17274,16.922,1.205279813457695,,,,-34.0271186440678,780803000.0,-0.0135946183820987,2065000.0,-0.6997492181102514,51.47251643574446,8.646154,,0.3624053,5.222,0.315,0.0,78614.0,31.93,0.379999999999999,"[171435000.0, 218839000.0, 313350000.0]","[-6292000.0, 13920000.0, 15094000.0]","[0.3, 0.69, 0.52]","[0.27651296409717974, 0.4318745744588488]","[-3.2123331214240305, 0.08433908045977012]","[1.2999999999999998, -0.24637681159420277]",[0.15528759463634387],[3.58488761883827],"[-0.5833121343169677, 8.912290502793295, 6.103172334952844]",0.1401402006286423,0.07351561846230847,0.10905548545642096,,0.04868762590252573,-0.11154441384883917,0.2040169447561473,0.41134334991735266,0.4603174603174603,2.8250043311714057,0.17675476507669924,-0.25741024302776283,13.0,2.0,2.0,6.0,10.0,22.0,-2.0,0.0,0.0
DRCSYSTEMS.NS,EQ,12.85,185.144512,52.0,watchlist,True,True,,True,True,70.47619047619048,1851445120.0,12.85,1.48,0.3653849621910632,,0.1879718161499016,0.20155,0.2035,0.35539,0.371,40.85250569476082,,,,2.4712322651314182,955047000.0,0.5504311799769712,192629000.0,0.4223609639084156,0.7673274684876794,8.682432,0.2376242291947383,1.645116,6.07,0.602,0.0,57141.0,20.63,0.0,"[233840000.0, 271990000.0, 271830000.0, 228320000.0, 182920000.0]","[55550000.0, 58180000.0, 54550000.0, 43010000.0, 43470000.0]","[0.39, 0.42, 0.37, 0.31, 0.33]","[0.1631457406773862, -0.0005882569212103395, -0.16006327484089322, -0.198843728100911]","[0.04734473447344745, -0.06239257476796145, -0.2115490375802016, 0.010695187165775444]","[0.07692307692307687, -0.11904761904761907, -0.16216216216216217, 0.06451612903225823]","[0.003702476225340149, 0.043469646536693614, 0.00789114340299173]","[0.48543846593871653, 1.2616920786488013, 0.9221619197129401]","[44.52985074626866, 18.720588235294116, 33.70987654320987, 319.53333333333336, 445.72727272727275]",-0.05132077774911559,-0.08846992533746689,-0.21731008014783737,,-0.06544560163890101,-0.373379858949378,0.022782728546809183,0.3604452443424473,0.3968253968253968,0.9530229551891484,0.07082030985525607,-0.38733797163260963,7.0,2.0,18.0,10.0,8.0,7.0,0.0,0.0,0.0
GOYALALUM.NS,EQ,5.72,81.6431488,52.0,watchlist,True,True,,True,True,36.19047619047619,816431488.0,5.72,0.33,0.1361712805724899,,0.0924747370714456,0.028870001,0.04541,0.05605,42.441,7.529209508799846,,,,-0.2246819617348709,755519140.0,0.0461377211033815,30834340.0,0.1242034124106712,2.6920144610603245,17.333332,1.2729065869930412,3.2518477,30.844,0.426,0.0,60505.0,69.94,0.0,"[194995000.0, 285114000.0, 170316000.0, 121418000.0, 178671000.0]","[9240000.0, 20192000.0, 4384000.0, 5375000.0, 5026000.0]","[0.06, 0.14, 0.03, 0.1, 0.04]","[0.46216056821969786, -0.40263894442223114, -0.28710162286573193, 0.4715363455171391]","[1.1852813852813853, -0.7828843106180665, 0.2260492700729928, -0.06493023255813957]","[1.3333333333333335, -0.7857142857142858, 2.3333333333333335, -0.6000000000000001]","[0.4368447671591339, 0.05731490385607508, 0.004106152596006005]","[1.8687334692311435, 2.1420238581212865, 8.333057963756241]","[3.978052126200274, 10.555502620295378, 10.11605415860735, 18.223039215686274, 10.440613026819923]",-0.09090908387194263,-0.15279882125279765,-0.14503820739518358,,-0.08550684855018065,-0.4584139437144009,0.029411736347271455,0.2299951686119859,0.3968253968253968,1.0269963864325766,0.0471651500108862,-0.47388781654331613,10.0,10.0,12.0,9.0,3.0,10.0,-2.0,0.0,0.0
MMWL.NS,EQ,21.04,2383.2897536,51.0,watchlist,True,True,,True,True,37.142857142857146,23832897536.0,21.04,0.06,0.6271831275367219,,0.097540741992505,0.014630001,0.0049,0.049450003,115.612,1.966339872443795,,,,2.454737992758079,12569535000.0,0.1062370906500504,58548000.0,0.6272021965841821,5.903796807183029,350.6667,5.591137334597195,35.600677,113.062,0.596,0.0,102185.0,59.41,0.0,"[4284514000.0, 3006698000.0, 3364177000.0, 3862151000.0, 2336509000.0]","[27345000.0, 14085000.0, 15304000.0, 14336000.0, 14823000.0]","[0.0241, 0.0124, 0.0135, 0.0127, 0.0131]","[-0.29824059391566926, 0.11889421551482715, 0.1480225327026492, -0.39502391284027993]","[-0.48491497531541417, 0.08654597089101879, -0.06325143753267115, 0.033970424107142794]","[-0.48547717842323657, 0.08870967741935476, -0.059259259259259234, 0.03149606299212615]","[1.6056774201240223, 1.0451997544355445, 1.5745589391008898]","[6.770955878668844, 2.398453728616618, 4.209831846286732]","[2.0935221467189127, 1.744086318992945, 1.9195037507212926, 1.5797967452072157, 1.610623427453173]",0.5039314696032837,0.584337450195112,,,0.06108656563937531,0.0,1.0627452263690955,0.5291909028093558,0.5396825396825397,2.7444881711460396,0.7706856842911005,-0.21410891527335396,2.0,8.0,18.0,4.0,0.0,23.0,-4.0,0.0,0.0
UMESLTD.NS,EQ,4.4,11.7616016,51.0,watchlist,True,True,,True,True,48.57142857142857,117616016.0,4.4,0.14,0.9574338205844316,,0.1821364331599877,0.2375,0.44922,0.73060995,9.177,9.30803543512246,,,,1.1303420483336335,8800000.0,0.1031721369822034,3943010.0,0.8401330574402703,8.143022738641038,31.428572,0.3282584271027269,5.0113897,20.062,-0.514,0.0,20903.0,,,"[1200000.0, 3225000.0, 2025000.0, 2225000.0, 1325000.0]","[198000.0, 1955000.0, 833000.0, 911000.0, 244000.0]","[0.01, 0.07, 0.03, 0.03, 0.01]","[1.6875, -0.37209302325581395, 0.09876543209876543, -0.4044943820224719]","[8.873737373737374, -0.5739130434782609, 0.09363745498199272, -0.7321624588364435]","[6.000000000000001, -0.5714285714285715, 0.0, -0.6666666666666666]","[0.09177118384827164, 0.02888955353744086, 0.3920454794688798]","[0.2991479466989867, 0.27884528642309425, 0.2208322695940771]","[3.433734939759036, 21.925531914893618, 9.4, 7.917293233082707, 2.5792682926829267]",-0.10216109338663415,-0.21746574447669087,-0.33575580005164807,,-0.15188854181280598,-0.3386396132305408,0.15989850388107918,0.6240566611635469,0.4444444444444444,1.1923103122942607,0.023173683508636952,-0.40955137282179954,15.0,0.0,18.0,10.0,0.0,8.0,0.0,0.0,0.0
AEPL.NS,EQ,14.75,370.279424,50.0,watchlist,True,True,,True,True,39.04761904761905,3702794240.0,14.75,0.34,0.1186889420813968,,0.1244880637048403,0.11833999,0.11247,0.19166,1.803,58.12249877989263,,,,1.6775860287279116,805602000.0,0.1143511851702332,87093000.0,0.115383491316638,1.0090275071908352,43.38235,3.6551298915655024,3.9714594,28.756,1.428,0.0,22003.0,72.45,0.0,"[162748000.0, 407508000.0, 42581000.0, 157966000.0, 197547000.0]","[12712000.0, 30582000.0, 8005000.0, 35393000.0, 13114000.0]","[0.05, 0.12, 0.03, 0.14, 0.05]","[1.5039201710620098, -0.8955087998272426, 2.709776660952068, 0.2505665776179684]","[1.405758338577722, -0.7382447191158197, 3.421361648969394, -0.6294747548950357]","[1.4, -0.75, 3.666666666666667, -0.6428571428571428]","[0.018029373139878988, 0.023005150308170567, 0.028755435705693617]","[1.5276329286140402, 1.4929675053390434, 1.4901469536803418]","[53.95238095238095, 94.7471783295711, 21.070564516129032, 87.75506445672191, 32.5958904109589]",-0.17591564904362667,-0.13208650778858155,-0.1054216843243867,,-0.0023072099148525593,-0.24465918124488362,0.06147252497651934,0.5965538131207503,0.3968253968253968,0.7143667949726347,0.054532990445542336,-0.2838250237545431,7.0,10.0,14.0,10.0,1.0,8.0,0.0,0.0,0.0
ATALREAL.NS,EQ,11.34,140.4983424,50.0,watchlist,True,True,,True,True,59.04761904761905,1404983424.0,11.34,0.85,0.5486021041953766,,0.0998233536610345,0.14325,0.05673,0.14532,4.415,7.758790674799746,,,,-2.994565237316723,1200536330.0,0.4349700217117074,64915990.0,0.4615661384450125,1.061144712062324,13.341176,0.2431849221498563,0.75837624,11.624,0.75,0.0,3422546.0,30.15,0.0,"[109724000.0, 602039000.0, 295120000.0, 197370000.0, 106008000.0]","[10008000.0, 30775000.0, 17123000.0, 10418000.0, 6601000.0]","[0.08, 0.48, 0.21, 0.09, 0.06]","[4.486848820677336, -0.5097991990552107, -0.33122119815668205, -0.46289709682322544]","[2.0750399680255796, -0.4436068237205524, -0.3915785785201191, -0.36638510270685354]","[5.0, -0.5625, -0.5714285714285714, -0.33333333333333337]","[0.14208047584448028, 0.23861886042047428, 0.23525353862215312]","[5.69561272017185, 3.282127060715722, 3.6936499122544904]","[4.457622739018088, 18.59552931252636, 4.8782294832826745, 5.667234042553192, 3.175]",-0.4650943516751289,-0.6131013183482061,-0.53714285091478,,-0.5043003222381068,-0.6861334121964515,0.0,0.9076263899427678,0.6031746031746031,0.6895664893248846,7.850534366372928,-0.6861334121964515,7.0,2.0,19.0,10.0,9.0,3.0,0.0,0.0,0.0
CCAVENUE.NS,EQ,14.9,5186.7193344,50.0,watchlist,True,True,,True,True,53.333333333333336,51867193344.0,14.9,1.01,0.2726880199917458,,0.0645654040812752,0.0248,0.03089,0.05025,8.63,19.317496107800505,,,,1.922718557938684,81158510000.0,0.6051662139310998,2790450000.0,0.2596938709158476,0.4291281716289182,14.752475,0.5410019479567365,0.8899773,11.061,-0.012,0.0,10264262.0,27.29,0.0,"[26804000000.0, 24895400000.0, 23811900000.0, 19649100000.0, 12802100000.0]","[761500000.0, 793800000.0, 718800000.0, 665200000.0, 612500000.0]","[0.24, 0.28, 0.26, 0.23, 0.21]","[-0.07120579018057005, -0.04352209645155325, -0.17482015294873576, -0.3484637973240504]","[0.04241628365068939, -0.09448223733938022, -0.07456872565386752, -0.07922429344558024]","[0.16666666666666674, -0.07142857142857151, -0.11538461538461542, -0.08695652173913049]","[0.09049789295525851, 0.01886557141144022, 0.04617369748304091]","[2.008104174884982, 1.7304886637504926, 1.5925085082366521]","[9.546351084812624, 9.557575757575757, 29.361022364217252, 29.018927444794954, 33.465020576131685]",-0.02994791981958167,-0.1767956185357612,-0.04180067937181631,,-0.0001473524820738703,-0.2594433898096207,0.13307985176927262,0.40239883110222174,0.3968253968253968,0.9387050351919405,22.7318737392496,-0.34642151739436466,0.0,2.0,18.0,9.0,9.0,12.0,0.0,0.0,0.0
CRESTO.NS,BE,21.0,21.4437296,50.0,watchlist,True,True,,True,True,34.285714285714285,214437296.0,21.0,-1.85,,-0.20266001,-0.1412764722011645,-0.16763,-0.0857,0.07588,,-122.5034965034965,4.348,2.405,-27810624.0,1.649202274900599,230782000.0,0.0603923695263604,-19869000.0,-0.2436137478708958,-4.0338498022430125,,,1.8770112,-15.951,-0.117,0.0,109067.0,50.04,0.0,"[50718000.0, 56415000.0, 64846000.0, 58803000.0, 64664000.0]","[-11184000.0, -6695000.0, 1785000.0, -3775000.0, -66000.0]","[-1.04, -0.65, 0.17, -0.37, -0.01]","[0.11232698450254341, 0.14944606930780813, -0.09319001943065108, 0.09967178545312305]","[-0.40137696709585124, -1.2666168782673637, -3.11484593837535, -0.9825165562913907]","[-0.375, -1.2615384615384615, -3.176470588235294, -0.972972972972973]","[0.0, 0.020966472967190713, 0.038999592796437624]","[4.347720090293453, 1.570784563995329, 1.967407944565305]","[-222.7, 38.666666666666664, -54.93846153846154, -1.5679012345679013]",0.25470517732090614,0.23076923076923084,0.33333333333333326,,0.14882112219718446,-0.24242423147756742,0.33333333333333326,0.7705167436364629,0.4444444444444444,3.0161800836671904,0.19025575976997378,-0.43181817360817554,15.0,8.0,2.0,5.0,3.0,23.0,-6.0,0.0,0.0
FMNL.NS,EQ,8.15,54.411808,50.0,watchlist,True,True,,True,True,41.90476190476191,544118080.0,8.15,1.21,,,0.1088494008583329,0.106070004,0.08325,0.78440005,130.24,1.3855855152333247,,,,5.219208711250348,985360000.0,0.0216563351152878,79162000.0,,,6.7355366,,0.4404453,3.801,0.028,0.0,39643.0,69.95,1.4699999999999989,"[246400000.0, 254341000.0, 243202000.0, 243426000.0, 244391000.0]","[19451000.0, 17377000.0, 19454000.0, 26880000.0, 15451000.0]","[0.31, 0.29, 0.32, 0.44, 0.25]","[0.032228084415584446, -0.04379553434169092, 0.0009210450571952578, 0.0039642437537485975]","[-0.10662690864222923, 0.11952580997870754, 0.3817209828312944, -0.4251860119047619]","[-0.06451612903225812, 0.10344827586206917, 0.375, -0.43181818181818177]","[1.3128651647897716, 1.5780413071995558, 1.7858907124002654]","[0.9434266426738503, 0.8818558768638156, 0.8457754718252486]","[1.372210927246056, 1.3755397789650883, 1.432716712779823, 1.44952864706642, 1.2895579490165094]",-0.16581379358545212,-0.19783467116820974,0.003694548447536805,,-0.12439247169254708,-0.356240148755116,0.17774559662939526,0.4518267417348038,0.36507936507936506,1.283256527614127,0.058233577746784684,-0.4533965118721154,10.0,10.0,2.0,5.0,10.0,13.0,0.0,0.0,0.0
MCLOUD.NS,EQ,24.5,1443.2144384,50.0,watchlist,True,True,,True,True,68.57142857142857,14432144384.0,24.5,1.88,0.135807106411181,,0.1940544217656037,0.20004,0.15428,0.41391,42.501,7.0922578601145565,,,,0.8057801717383674,6978764000.0,0.1774922676462655,1142319000.0,0.1563324758579327,0.880784712095158,13.031915,0.9595900644951142,2.0925863,8.349,0.052,0.0,2053611.0,54.04,0.0,"[1802763000.0, 2055461000.0, 1639317000.0, 1644424000.0, 1639562000.0]","[237084000.0, 294899000.0, 291634000.0, 278254000.0, 277534000.0]","[0.4, 0.5, 0.5, 0.48, 0.47]","[0.14017261281710347, -0.20245774548872486, 0.0031153218078017186, -0.002956658380077193]","[0.24385871674174564, -0.01107158722138768, -0.04587942420979718, -0.0025875638804833123]","[0.25, 0.0, -0.040000000000000036, -0.02083333333333337]","[0.42529573168421797, 0.4681004654394031, 0.4959685390869958]","[1.9951120301423602, 1.657112321241436, 1.6629773474921807]","[5.673008876094518, 6.106154820508392, 5.834248883029371, 7.650542295511244, 7.357040890778162]",-0.0643049719079194,-0.17960842172314195,0.046511625996686234,,-0.08325092228039577,-0.6791232251432917,0.22789277983280098,0.35716556241680375,0.3968253968253968,0.26940183862864847,3.7782255129533673,-0.7386768778782125,4.0,8.0,14.0,10.0,8.0,6.0,0.0,0.0,0.0
MOKSH.NS,EQ,8.89,74.4528384,50.0,watchlist,True,True,,True,True,55.23809523809524,744528384.0,8.89,1.32,0.1039706962524613,,0.2327476113896509,0.01631,0.01324,0.03024,19.056,2.6143906187738373,,,,-2.9440579571079017,4492011000.0,0.1774180160067036,62529000.0,0.1036565839356187,0.5842506092036456,6.7348485,0.6477641049595801,0.576711,5.984,0.274,0.0,60517.0,40.09,0.0,[],[],[],[],[],[],[],[],[],-0.09476801848979599,-0.21757680312590344,-0.14218892083762402,,-0.10381708491584729,-0.4239949728424467,0.0625724165344359,0.3339747422300237,0.38095238095238093,0.7698932104392199,0.10256243378109454,-0.4579145682736758,10.0,5.0,13.0,7.0,10.0,5.0,0.0,0.0,0.0
PATINTLOG.NS,EQ,12.97,83.2489088,50.0,watchlist,True,True,,True,True,43.80952380952381,832489088.0,12.97,1.5,0.0753148860464383,,0.0807421915583791,0.01644,0.026619999,0.04777,5.065,54.164171399070725,,,,0.8331055207170358,3566966000.0,0.0868248848228103,95839000.0,0.2508636410315412,2.889305773840026,8.646667,1.1480687887741825,0.72869265,6.068,0.685,1.55,141459.0,,,"[1136851000.0, 965758000.0, 882306000.0, 939679000.0, 778234000.0]","[25139000.0, 29787000.0, 26880000.0, 22788000.0, 16395000.0]","[0.36, 0.43, 0.39, 0.32, 0.24]","[-0.15049729472024043, -0.08641088140093067, 0.06502619272678634, -0.17180867083333773]","[0.184892000477346, -0.09759290965857592, -0.15223214285714282, -0.2805423907319642]","[0.19444444444444442, -0.09302325581395343, -0.17948717948717952, -0.25]","[0.05065006886511425, 0.10698325530706786, 0.10743620957076314]","[3.33790435584512, 2.762144303031713, 2.8512712806701095]","[37.49640287769784, 64.71034482758621, 32.47010550996483, 21.641304347826086, 16.932944606413994]",-0.023863921739557092,-0.1736120707867328,0.2696396150409712,,-0.01944512424335265,-0.19097748048412289,0.5847438196873751,0.3037480211523683,0.3968253968253968,0.7555061134608382,0.1473516342805338,-0.42479103557387154,10.0,0.0,12.0,9.0,10.0,9.0,0.0,0.0,0.0
SIKKO.NS,BE,5.99,261.6431872,50.0,watchlist,True,True,,True,True,43.80952380952381,2616431872.0,5.99,0.14,1.395699690542278,,0.0810152437525088,0.24437,0.093669996,0.37737,13.589,8.986299632119751,,,,-1.43194373702151,650120000.0,0.0938704053455237,51046000.0,0.2084521243768677,2.220637309592783,42.785713,0.3065538617650352,2.7847512,36.603,-0.065,0.0,661683.0,,,"[176901000.0, 109937000.0, 167158000.0, 192007000.0, 181018000.0]","[31255000.0, -20054000.0, 20794000.0, 28514000.0, 21791000.0]","[0.07, -0.05, 0.05, 0.0655, 0.05]","[-0.37853940904799854, 0.5204890073405677, 0.14865576281123238, -0.05723228840615191]","[-1.6416253399456087, -2.03690036900369, 0.3712609406559584, -0.235778915620397]","[-1.7142857142857144, -2.0, 0.31000000000000005, -0.23664122137404575]","[0.13589093677963096, 0.1424594053576003, 0.05056952926286817]","[3.4438042453002637, 2.4258324861252314, 3.4343660839546652]","[18.52770780856423, -7.677393617021276, 10.655604470030477, 43.389655172413796, 48.54330708661417]",0.08093530408874994,0.46228711280911017,0.3296460739475271,,0.24230273646822376,-0.07963246006415903,0.6556473937763163,0.5592080532732787,0.4603174603174603,1.1521858836097716,0.431435175590508,-0.41550595722078365,7.0,0.0,15.0,10.0,1.0,19.0,-2.0,0.0,0.0
DANGEE.NS,EQ,3.2,49.2720032,49.0,speculative,False,True,,True,True,29.52380952380953,492720032.0,3.2,-0.09,-0.2788752148462958,,0.0204508106569361,-0.023810001,-0.04736,0.47005,157.724,0.3344619616971749,,,,-2.888139968449735,289245000.0,0.0424785929435034,-13946000.0,0.3038971174580076,7.154123910417446,,,3.3648791,13.453,0.2,0.0,980128.0,55.68,0.0,"[70493000.0, 87463000.0, 70042000.0, 61374000.0, 65063000.0]","[-10626000.0, 2310000.0, -776000.0, -4854000.0, -1663000.0]","[-0.07, 0.02, -0.01, -0.03, -0.01]","[0.24073312243768874, -0.199181368121377, -0.12375431883726906, 0.060106885651904696]","[-1.2173913043478262, -1.335930735930736, 5.255154639175258, -0.6573959620931191]","[-1.2857142857142856, -1.5, 2.0, -0.6666666666666666]","[1.5772354906227908, 1.2184574230940703, 1.1622550291402212]","[0.42835393252487236, 0.48815039305163666, 0.42733680147675784]","[-0.8728829331844408, 1.519319938176198, 0.8367523213128913, 0.06159038177599663, -0.12275731822474033]",0.08304498298442131,-0.006349200101906871,0.036423885499713426,,-0.05260906578413971,-0.32251078095813723,0.2038462420187086,0.46041544473108426,0.31746031746031744,2.6775272045584386,0.15184222547653436,-0.4372294439314832,13.0,8.0,11.0,1.0,2.0,16.0,-2.0,0.0,0.0
DIGISPICE.NS,EQ,15.62,325.8382848,49.0,speculative,False,True,,True,True,38.095238095238095,3258382848.0,15.62,0.93,,,0.1301150854875783,0.11174,0.04142,0.21031,35.372,16.295460146892097,,,,3.39417097080215,4646456000.0,0.0249455494288499,189740000.0,,,16.795698,,1.6349173,4.513,0.192,0.0,74066.0,72.64,-0.0600000000000022,"[1077513000.0, 1071723000.0, 1091319000.0, 1245848000.0, 1237566000.0]","[64844000.0, 27019000.0, 23565000.0, 70622000.0, 68534000.0]","[0.28, 0.11, 0.11, 0.3, 0.29]","[-0.005373485053080551, 0.018284575398680447, 0.1415983777428964, -0.0066476809370003]","[-0.5833230522484733, -0.12783596728228286, 1.9969021854445153, -0.029565857664750395]","[-0.6071428571428572, 0.0, 1.727272727272727, -0.033333333333333326]","[0.3564699124185636, 0.05541121960383851, 0.3715819354450148]","[1.1733727086130286, 1.1491092354810415, 1.239283898650272]","[27.913237221494104, 13.073461538461538, 10.286964448495898, 37.64226469527588, 14.906721335481036]",-0.11490859955758947,-0.2630028912523915,-0.08134555918502673,,-0.12422360037465463,-0.4447319452347661,0.01555108157565055,0.2908269951517379,0.4126984126984127,1.283499554341593,0.1864363612704706,-0.45323473645094936,7.0,10.0,2.0,10.0,7.0,13.0,0.0,0.0,0.0
EQUIPPP.NS,BE,21.9,225.7785344,49.0,speculative,False,True,,True,True,39.04761904761905,2257785344.0,21.9,0.17,0.8171205928321397,,0.0962399283795881,0.02757,0.041589998,0.27892,74.065,24.339622641509436,,,,1.077904589358606,447912000.0,2.1016612021474814,18060040.0,0.8830006913764163,0.4201441652318483,128.82353,1.5765546864202469,22.530863,40.774,0.47,0.0,3228.0,87.35,0.0,"[127216000.0, 123669000.0, 120476000.0, 108641000.0, 95125000.0]","[1729000.0, 9659000.0, 1326000.0, 1343000.0, 2594000.0]","[0.03, 0.1, 0.012862, 0.02, 0.03]","[-0.027881712992076424, -0.02581891985865492, -0.09823533317839239, -0.124409753223921]","[4.586466165413534, -0.8627187079407806, 0.012820512820512775, 0.9314966492926284]","[2.3333333333333335, -0.87138, 0.5549681231534753, 0.5]","[1.1889278220953639, 1.1254315041000058, 1.022657161673464]","[3.4651596054360665, 3.0239803146670643, 3.9331012355792203]","[14.94055944055944, 17.17462311557789, 22.562091503267975, 26.135135135135137]",-0.06739610021084341,-0.07388095376051473,0.49648875059420483,,0.06635015638912467,-0.14862169870765896,0.49648875059420483,0.45582384373248885,0.47619047619047616,0.7050121798542299,0.03423944997907638,-0.3875268915648101,7.0,10.0,18.0,8.0,0.0,10.0,-4.0,0.0,0.0
GICL.NS,BE,21.88,244.9566464,49.0,speculative,False,True,,True,True,40.95238095238095,2449566464.0,21.88,0.87,0.0335818572081052,,0.1487769508011011,0.088719994,0.05629,0.13096,46.429,4.395078501635578,,,,1.4296458973690265,1749278771.59,0.154482419854423,116241018.28,0.8211560605614383,5.315530798489934,25.149424,7.488991405135862,3.1132612,18.157,-0.21,0.0,135023.0,63.96,0.4699999999999988,"[371821000.0, 546493000.0, 473090000.0, 375693000.0, 481074000.0]","[18533000.0, 19537000.0, 69187000.0, 17157000.0, 17585000.0]","[0.15, 0.14, 0.42, 0.1575, 0.62]","[0.46977443447250145, -0.1343164505309309, -0.20587414656830627, 0.28049764036061364]","[0.05417363621647864, 2.541331831908686, -0.7520198881292728, 0.02494608614559657]","[-0.06666666666666654, 1.9999999999999996, -0.625, 2.9365079365079363]","[0.4894002568798143, 0.4304677995778761]","[2.3020115208221577, 2.7587043845248362]","[3.2061781609195403, 3.1553565560302332, 8.750553191489361, 3.023416339012669, 4.895345475570974]",-0.13800167193712964,0.22383711065970524,-0.4854558954882976,,-0.009611255690714748,-0.583580622062051,0.29698088914179177,0.33085026811038015,0.5079365079365079,0.22800655427568536,0.31494406310194967,-0.6789317549516922,7.0,8.0,15.0,9.0,1.0,9.0,0.0,0.0,0.0
PNC.NS,EQ,16.27,23.5378096,49.0,speculative,False,True,,True,True,36.19047619047619,235378096.0,16.27,-9.63,0.4753161993540564,,-0.2602810820401736,-0.56779,-0.77212,0.12821001,2.364,-128.4905109489051,,,,0.5076638435650829,376574000.0,0.2725005486268981,-125394000.0,0.475278856850861,1.74413908245595,,,0.3853168,-33.114,0.594,0.0,10501.0,,,"[15754000.0, 24862000.0, 97676000.0, 42094000.0, 211942000.0]","[-7711000.0, -20622000.0, -101808000.0, -9139000.0, 6175000.0]","[-0.53, -1.43, -7.04, -0.63, 0.43]","[0.5781388853624476, 2.928726570670099, -0.5690445964208198, 4.034969354302276]","[1.6743613020360524, 3.9368635437881876, -0.9102329875844727, -1.6756756756756757]","[1.6981132075471694, 3.9230769230769234, -0.9105113636363636, -1.6825396825396826]","[0.023625163607460337, 0.020095241864927983, 0.030751601603438504]","[18.862378227926396, 9.39612387497484, 4.740959840026663]","[-20.764204545454547, -58.022408963585434, -425.35555555555555, -23.704109589041096, 22.4375]",0.025076442681725153,-0.1840311839415738,-0.21755368024342114,,-0.11111111868552437,-0.4526453373767628,0.036487331465932415,0.39371531195493265,0.47619047619047616,1.6676535511899468,0.038994230717706684,-0.47191379382409004,15.0,0.0,20.0,3.0,5.0,13.0,-7.0,0.0,0.0
AURUS.NS,EQ,4.17,12.294828,48.0,speculative,False,True,,True,True,35.23809523809524,122948280.0,4.17,0.61,,,0.0926141501210129,0.031689998,0.10378,0.13687,78.961,5701.666666666667,,,,-0.9583477758521086,147238000.0,0.0372576090855312,17310000.0,,,6.836066,,0.6628517,12.339,0.405,0.0,25017.0,36.37,0.0,"[23669000.0, 17668000.0, 46390000.0, 11504000.0, 65774000.0]","[749000.0, 3466000.0, 12621000.0, 239000.0, -152781000.0]","[0.03, 0.12, 0.43, 0.01, -5.18]","[-0.25353838353965097, 1.6256508942721304, -0.7520155205863333, 4.717489568845619]","[3.627503337783712, 2.6413733410271205, -0.9810633071864353, -640.2510460251046]","[3.0, 2.5833333333333335, -0.9767441860465116, -519.0]","[0.7896124338187542, 0.7868556216534168]","[1.322399896125688, 1.288351131898356]","[750.0, 3259.0]",-0.12761508509198616,-0.09150328155373699,-0.20114937856331883,,-0.03064778169555238,-0.375748475530865,0.0,0.36284565109990247,0.38095238095238093,0.9355916984817002,0.012185332842235566,-0.375748475530865,15.0,5.0,2.0,8.0,9.0,9.0,0.0,0.0,0.0
AVONMORE.NS,EQ,12.3,347.087232,48.0,speculative,False,True,,True,True,41.90476190476191,3470872320.0,12.3,0.54,-0.6056927482696693,,0.0544086021505376,0.24475001,0.14456001,0.58206004,4.926,13.863013698630136,,,,1.855513307984791,1899000000.0,-0.0326410562379027,78900000.0,-0.5911523333154101,18.11069865530165,22.777777,,0.8413708,,0.375,0.0,170609.0,58.46,0.0,"[391800000.0, 615800000.0, 577000000.0, 367900000.0, 335100000.0]","[113900000.0, -95200000.0, 91700000.0, 44000000.0, 38400000.0]","[0.4, -0.34, 0.32, 0.16, 0.14]","[0.5717202654415519, -0.0630074699577785, -0.3623916811091854, -0.08915466159282415]","[-1.835820895522388, -1.9632352941176472, -0.520174482006543, -0.12727272727272732]","[-1.85, -1.9411764705882353, -0.5, -0.12499999999999989]","[0.010866059649758142, 0.0673312762085608, 0.0563930590195191]","[5.4416356152512995, 6.994318181818182, 4.2380472146287245]","[29.126984126984127, -19.870967741935484, 26.13888888888889, 20.44736842105263, 12.73076923076923]",-0.11843971851863677,0.24300003051757812,0.05877347082706952,,0.1310091373905029,-0.35894787537684647,0.35847003534327593,0.5853468608428956,0.47619047619047616,0.9436771151143349,0.2867509039821768,-0.5281072766090389,7.0,8.0,2.0,10.0,7.0,14.0,0.0,0.0,0.0
LAL.NS,EQ,8.41,145.2714368,48.0,speculative,False,True,,True,True,40.0,1452714368.0,8.41,0.32,-0.534596716894697,,0.1439051001275302,0.20927,0.06924,0.28000998,38.569,4.112803304078472,,,,-3.2164124241867302,727499000.0,0.184666962722199,43528000.0,0.1999653025028562,1.0828428623893651,26.28125,,2.8202548,17.609,-0.182,0.0,51396.0,56.17,0.0,"[166917000.0, 257598000.0, 207260000.0, 170734000.0, 91908000.0]","[21677000.0, 8726000.0, 10994000.0, 14167000.0, 9640000.0]","[0.13, 0.05, 0.06, 0.08, 0.06]","[0.5432700084473121, -0.19541300786496785, -0.17623275113384151, -0.4616889430341935]","[-0.5974535221663515, 0.25991290396516153, 0.28861197016554474, -0.319545422460648]","[-0.6153846153846154, 0.19999999999999996, 0.3333333333333335, -0.25]","[0.3856911687832478, 0.26272099676714444, 0.2010181378120752]","[2.4325346356160322, 2.523623996990973, 3.1166162350751327]","[7.055746313875985, 3.990578734858681, 4.891002194586687, 7.6411449016100175, 11.31217750257998]",-0.03724604249361951,-0.006984914848764401,0.17655168730637127,,0.0372755883101501,-0.1960414694638597,0.419301066242755,0.36166491116807137,0.4126984126984127,0.9252786890538652,0.07526738927307129,-0.4335532117477938,7.0,8.0,11.0,10.0,1.0,11.0,0.0,0.0,0.0
NAVKARURB.NS,EQ,0.87,97.6218624,48.0,speculative,False,True,,True,True,58.0952380952381,976218624.0,0.87,0.06,0.3572088082974531,,0.0266279008992283,0.63837004,0.13346,0.70567,3.591,30.92878686581821,,,,0.287474807481471,233634927.95,0.2517677876657433,29382364.02,0.3173626294764342,1.2605370703649237,14.5,0.4059250405697059,1.4169381,17.266,0.083,0.57,695537.0,,,"[5041000.0, 144146000.0, 52980000.0, 19428000.0, 17081000.0]","[2904000.0, -1295000.0, 26175000.0, 1790000.0, 2712000.0]","[0.0, 0.0, 0.06, 0.0, 0.002]","[27.59472326919262, -0.6324559821292302, -0.6332955832389581, -0.12080502367716695]","[-1.4459366391184574, -21.212355212355213, -0.9316141356255969, 0.5150837988826815]","[inf, -1.0, inf]","[0.035907082381130564, 0.038225545221854354, 0.039517279048824225]","[2.83451665823512, 2.986276034207619, 3.032971831271842]","[10.248407643312103, 33.177083333333336, 73.70833333333333, 3.925566343042071]",-0.048616560909437445,-0.048616560909437445,0.16703033978030568,,-0.09469622284259993,-0.6470674457589225,0.21565655938908757,0.3535176873243628,0.3333333333333333,0.5639080662820986,0.05468736406527251,-0.7096774154548722,10.0,0.0,20.0,10.0,6.0,4.0,-2.0,0.0,0.0
OSWALSEEDS.NS,EQ,11.88,108.6663552,48.0,speculative,False,True,,True,True,44.761904761904766,1086663552.0,11.88,1.33,0.0841227729762632,,0.2595206831693709,0.15505,0.045689996,0.11417,121.208,3.240374075887964,,,,-1.8983468557029324,2482292000.0,-0.0304161598369983,72226000.0,0.0817027006152131,-2.686160943822689,8.932331,1.0618207988127564,2.1351545,7.809,-0.829,0.0,110465.0,,,"[1170844000.0, 560841000.0, 547531000.0, 394421000.0, 979498000.0]","[122737000.0, 21093000.0, 10340000.0, -32011000.0, 72803000.0]","[1.34, 0.23, 0.11, -0.35, 0.8]","[-0.5209942571341699, -0.023732216439240394, -0.2796371347010489, 1.4833819700269508]","[-0.8281447322323342, -0.5097899777177263, -4.095841392649904, -3.2743119552653774]","[-0.8283582089552239, -0.5217391304347827, -4.181818181818182, -3.285714285714286]","[1.212082551888891, 0.9746064947968415, 0.9587614484832546]","[1.487499410918863, 1.5211463365288413, 1.562614581148822]","[14.349636536030342, 2.8702639052434717, 2.2324881822088525, -3.949625668449198, 10.654081437583637]",-0.012437857958993104,0.13320643083175465,0.09769579987782429,,0.1463177320256286,-0.39481709030869194,0.19219220423255745,0.6886825519363187,0.4444444444444444,2.2356038459797714,0.4815509837351846,-0.4923780682823047,7.0,0.0,3.0,8.0,8.0,22.0,0.0,0.0,0.0
RMDRIP.NS,BE,21.68,928.3995648,48.0,speculative,False,True,,True,True,60.0,9283995648.0,21.68,2.11,6.047635308544575,,0.3360685434062538,0.20025,0.16860001,0.42948002,47.645,16.247262247838616,,,,-0.3772767862253718,1973825000.0,1.6216657155748728,349396000.0,9.65303519906171,5.95254318220556,10.274882,0.0169899166794711,4.8861847,18.851,0.729,0.14,318934.0,,,"[403891000.0, 610830000.0, 746350000.0, 311839000.0, 304806000.0]","[53126000.0, 100051000.0, 140496000.0, 57295000.0, 53083000.0]","[0.21, 0.233333, 0.326667, 1.335833, 0.21]","[0.5123634842073728, 0.2218620565460112, -0.5821812822402358, -0.02255330475020767]","[0.8832774912472237, 0.4042438356438216, -0.5921947955813689, -0.07351426826075569]","[0.11110952380952388, 0.4000034285763263, 3.0892805211423253, -0.8427947205975598]","[0.4830167836364275, 0.4096678904648703, 0.34287914939713027]","[3.066633570804673, 4.329271463139861, 3.3560643098031036]","[7.001028189529603, 28.063255152807393, 24.595015224991542, 8.053020425901781, 12.011452682338758]",-0.008819629435829146,0.14718491474679896,-0.2161007038636915,,0.18136940664053425,-0.6968896924214849,0.39750679004967293,0.37538128341554095,0.5079365079365079,0.42299441064558885,0.916819317377243,-0.7831063793487963,4.0,0.0,20.0,10.0,3.0,11.0,0.0,0.0,0.0
SURANAT&P.NS,EQ,15.54,210.9709952,48.0,speculative,False,True,,True,True,58.0952380952381,2109709952.0,15.54,2.2,0.5975121593014006,,0.1159539463783278,0.042129997,0.54518,0.23121999,34.438,14.595524348353203,,,,-1.3341728048205688,607950000.0,0.2962404204514215,216406000.0,0.601278970228138,2.0296992871934494,7.0636363,0.1182174486333242,1.3105077,-107.565,0.415,0.0,30441.0,,,"[34964000.0, 238642000.0, 234204000.0, 93667000.0, 41436000.0]","[106635000.0, 173420000.0, 40275000.0, 7585000.0, 26780000.0]","[0.785467, 1.13, 0.27, 0.01, 0.19726]","[5.8253632307516305, -0.01859689409240617, -0.6000623388157333, -0.5576243500912808]","[0.6262953064190933, -0.7677603505939338, -0.8116697703289882, 2.5306526038233357]","[0.4386345957245814, -0.7610619469026548, -0.962962962962963, 18.726]","[0.3654724315555902, 0.04049979416313406, 0.041105122586428816]","[2.2770578045807404, 2.0094476069158604, 8.897290302133953]","[8.520590232759153, 13.431695783528175, 11.64922933208781, 3.753846153846154, 23.173945225758697]",-0.04990874213436369,-0.16524069412799802,-0.13277779685126412,,-0.08803393183847397,-0.29525959704224036,0.0,0.2379986914766129,0.38095238095238093,0.5840234957825808,0.06842320463773251,-0.29525959704224036,7.0,0.0,20.0,9.0,6.0,6.0,0.0,0.0,0.0
AAKASH.NS,EQ,8.14,82.417504,47.0,speculative,False,True,,True,True,39.04761904761905,824175040.0,8.14,0.35,-1.0,,0.0956132578984748,-0.01026,0.029930001,0.83101,41.927,3.535545421187818,,,,4.123227795635447,1124600000.0,0.0670016872012069,34999279.0,-0.0827980161833508,-1.2357601672732108,23.257145,,1.2608427,7.789,-0.16,0.0,122648.0,66.54,0.0,"[278945000.0, 326477000.0, 311501000.0, 238553000.0, 257745000.0]","[5248000.0, 18800000.0, 8047000.0, 5377000.0, 2750000.0]","[0.05, 0.19, 0.08, 0.05, 0.03]","[0.17039918263456943, -0.045871531532083454, -0.23418223376489966, 0.08045172351636753]","[2.582317073170732, -0.571968085106383, -0.33180067105753697, -0.4885623953877627]","[2.8, -0.5789473684210527, -0.375, -0.4]","[0.4192981307533346, 0.42884884466006723, 0.39310351797089205]","[0.8399761611595572, 0.7256617676984106, 0.9082866570167315]","[2.4575645756457565, 8.166711409395973, 3.415415639704235, 2.2309805941954317, 1.6362881806108898]",-0.04540166896333053,-0.07134769194612856,-0.008464406846896866,,-0.027528553043728587,-0.31092436368683773,0.06770833236320573,0.34958376763776233,0.42857142857142855,0.9341587204178022,0.1230962967194891,-0.33529410916157276,10.0,10.0,2.0,8.0,7.0,10.0,0.0,0.0,0.0
DEVIT.NS,EQ,19.39,110.499072,47.0,speculative,False,True,,True,True,59.04761904761905,1104990720.0,19.39,13.24,1.0184164971015437,,0.7550961268037857,0.06978,0.39727002,0.089650005,28.008,39.738531359882245,,,,-0.0282242526933654,1878418000.0,0.1480504761251131,757788000.0,1.0363190333261834,6.99976832530022,1.4645015,0.0143801824122844,1.0134323,34.316,-0.309,0.51,64910.0,41.58,0.0,"[441308000.0, 538650000.0, 441440000.0, 485064000.0, 429852000.0]","[20657000.0, 90865000.0, -72662000.0, 718512000.0, 21073000.0]","[0.37, 1.59, -1.3, 12.75, 0.38]","[0.2205761055770572, -0.18046969275039448, 0.09882203696991665, -0.11382415516303002]","[3.398751028706976, -1.799669839872338, -10.888414852329966, -0.9706713318636293]","[3.2972972972972974, -1.8176100628930818, -10.807692307692307, -0.9701960784313726]","[0.27996894182720095, 0.18265860337922413, 0.29121442811009945]","[1.792602057347182, 1.726852421516794, 1.905696589417666]","[4.777117590161669, 4.495353824160114, -12.568707991038089, 135.90678682061392, 6.179396423248882]",-0.18823546603294494,-0.29313134180138745,-0.29081457503367536,,-0.14856030600027859,-0.5440358156771451,0.0,0.3236944577833571,0.36507936507936506,0.7509570233384689,0.11305526057714461,-0.5440358156771451,7.0,5.0,18.0,9.0,6.0,4.0,-2.0,0.0,0.0
DIGIDRIVE.NS,EQ,18.1,69.7970304,47.0,speculative,False,True,,True,True,43.80952380952381,697970304.0,18.1,1.49,0.0511711252544127,,0.0253993392961912,0.011720001,0.12286,0.41004002,0.32,78.72307692307692,,,,-0.8143542270800803,461479000.0,0.0243861187417346,53796000.0,0.0499322806521334,2.047569815473699,12.147651,2.373926885446487,0.25977755,-46.677,0.776,0.0,19679.0,61.75,0.0,"[102400000.0, 96800000.0, 117300000.0, 151500000.0, 95900000.0]","[2700000.0, -19900000.0, 57200000.0, 17500000.0, -1000000.0]","[0.07, -0.51, 1.48, 0.45, -0.03]","[-0.0546875, 0.21177685950413228, 0.2915601023017902, -0.36699669966996695]","[-8.37037037037037, -3.8743718592964824, -0.6940559440559441, -1.0571428571428572]","[-8.285714285714285, -3.9019607843137254, -0.6959459459459459, -1.0666666666666667]","[0.0032110144046915384, 0.003912937148447053, 0.0030794803727267036]","[4.680009073037955, 4.502572898799314, 3.9926640974485434]","[13.0, -68.0, 425.0, 41.0, -0.5]",-0.012408309026202269,-0.04002190523007754,-0.09649117713433353,,-0.031627489774787354,-0.41202149680493494,0.03916912952345819,0.2576247077605111,0.42857142857142855,0.6236870602260286,0.03090993155623436,-0.43418401635477755,10.0,8.0,7.0,9.0,8.0,7.0,-2.0,0.0,0.0
JETFREIGHT.NS,EQ,19.63,99.9627264,47.0,speculative,False,True,,True,True,45.71428571428572,999627264.0,19.63,1.62,,,0.2099682328021234,0.03374,0.01501,0.055809997,104.6,2.722133935334393,,,,-1.19569368152043,4442987000.0,0.0136080185508413,68086000.0,,,12.117284,,1.2863696,7.446,0.183,0.0,156664.0,53.67,2.75,"[1789884000.0, 1275993000.0, 1131988000.0, 837777000.0, 1197228000.0]","[25288000.0, 30788000.0, 10809000.0, 8724000.0, 17764000.0]","[0.54, 0.66, 0.23, 0.19, 0.38]","[-0.2871085500512882, -0.11285720219468287, -0.259906465439563, 0.42905331609724295]","[0.21749446377728576, -0.6489216577887489, -0.192894809880655, 1.0362219165520403]","[0.2222222222222221, -0.6515151515151515, -0.17391304347826086, 1.0]","[1.042892583810027, 0.9550223300797205, 1.0009510540720008]","[1.2881836241171642, 1.1905593441744968, 1.1804166377197074]","[2.406715988806685, 3.9636546930545977, 2.162870389034469, 1.8717391304347826, 2.47108664728802]",-0.06302308286335956,-0.0864137899017473,0.10897440884974197,,-0.05820062592013142,-0.23266123902909186,0.5623973899704158,0.5307437380078882,0.3968253968253968,1.115042145136232,0.5764233908816052,-0.23266123902909186,10.0,10.0,2.0,5.0,8.0,12.0,0.0,0.0,0.0
PRITIKAUTO.NS,EQ,15.86,264.089088,47.0,speculative,False,True,,True,True,42.85714285714285,2640890880.0,15.86,1.3,-0.1071076688605884,,0.1249128537979603,0.09287,0.04247,0.46967998,70.81,2.821198633560093,,,,3.3779363451641693,4829455000.0,0.1008193504376651,210636000.0,0.1242213396250064,1.2321180317642535,12.2,,1.0573334,6.568,0.249,0.0,464442.0,,,"[1449684000.0, 1384614000.0, 1134284000.0, 1164453000.0, 1146104000.0]","[62412000.0, 43705000.0, 52400000.0, 59501000.0, 55030000.0]","[0.37, 0.26, 0.31, 0.36, 0.33]","[-0.04488564404380546, -0.18079406968295852, 0.02659739536130279, -0.01575761323127678]","[-0.29973402550791517, 0.19894748884566993, 0.1355152671755726, -0.07514159425891997]","[-0.29729729729729726, 0.1923076923076923, 0.16129032258064502, -0.08333333333333326]","[0.7698119193741882, 0.706598292032172, 0.7149515524047717]","[1.3155318710133612, 1.4034763340952483, 1.4492917630173032]","[2.376273787087843, 2.1213051955895295, 2.433669636148975, 2.5396930333946792, 2.5314513295068526]",-0.022208145709815108,-0.15283125920972018,0.2467637763312689,,-0.029630659590317077,-0.22911455608535347,0.4620493266778809,0.43218217803703046,0.3968253968253968,1.0794845556488872,0.4807803814068079,-0.37706856298303015,7.0,0.0,12.0,6.0,8.0,14.0,0.0,0.0,0.0
ALANKIT.NS,EQ,7.49,203.0974208,46.0,speculative,False,True,,True,True,43.80952380952381,2030974208.0,7.49,0.71,,,0.0699551894613814,0.0867,0.08191,0.43675,6.351,13.232870841592115,,,,-1.154739151607819,3434395000.0,0.0328642547001827,190973000.0,,,10.549295,,0.63142806,8.794,0.712,0.0,106587.0,54.14,0.0,"[776640000.0, 1009222000.0, 717021000.0, 800916000.0, 907785000.0]","[51984000.0, 21393000.0, 74801000.0, 43258000.0, 51524000.0]","[0.19, 0.08, 0.28, 0.16, 0.19]","[0.2994720848784507, -0.289530945619497, 0.11700494127787042, 0.13343346867836337]","[-0.5884695290858726, 2.496517552470434, -0.42169222336599776, 0.19108604188820566]","[-0.5789473684210527, 2.5000000000000004, -0.4285714285714286, 0.1875]","[0.060660427769554874, 0.06959418662370107, 0.038829964886005056]","[1.958079120643946, 1.7868876997343113, 1.666095786696965]","[15.332466084370935, 7.5110459095616156, 8.367042655257357, 6.802988643156008, 15.368722615436468]",-0.06862744525137965,-0.06056863272104851,-0.13340940616432428,,-0.04296562723646702,-0.3987342010914289,0.11436945943377896,0.23323224120010594,0.36507936507936506,0.9660256232748037,0.10087145380933285,-0.4604430390491143,7.0,8.0,2.0,9.0,10.0,10.0,0.0,0.0,0.0
CYBERMEDIA.NS,BE,17.52,36.4936704,46.0,speculative,False,True,,True,True,42.85714285714285,364936704.0,17.52,2.46,-0.0272396655840246,,0.3806602205081729,0.03274,0.03453,0.19354999,216.303,5.932628797886394,,,,-1.9487800555325807,1032699000.0,0.0960559620671599,16927000.0,-0.2516052655179704,-2.619361256743796,7.121951,,-3.7364044,9.575,0.222,0.0,11187.0,67.13,0.5600000000000023,"[504057000.0, 282034000.0, 250118000.0, 242094000.0, 258453000.0]","[7274000.0, 16554000.0, 2011000.0, 9309000.0, 2810000.0]","[0.78, 1.02, 0.12, 0.54, 0.71]","[-0.4404720101099677, -0.11316366111887222, -0.03208085783510184, 0.06757292621874145]","[1.2757767390706625, -0.8785187870001208, 3.6290402784684233, -0.6981415834139005]","[0.3076923076923077, -0.8823529411764706, 3.500000000000001, 0.31481481481481466]","[-1.3300132714873263, -0.8983344549125168, -0.7441580504020924]","[1.1683414725770098, 1.013082225139418, 0.9228200729782255]","[8.224155934563175, 8.977523659305994, 2.2760917838638046, 5.757429718875502, 6.895380434782608]",-0.33082420433339277,0.09685389826312418,0.2477193464312637,,0.13985743147911167,-0.33082420433339277,0.5596492352284628,0.6481723970320878,0.47619047619047616,0.4393540282597586,0.04607157366703033,-0.3811075151296133,13.0,10.0,2.0,6.0,5.0,10.0,0.0,0.0,0.0
NARMADA.NS,EQ,11.13,84.4464256,46.0,speculative,False,True,,True,True,48.57142857142857,844464256.0,11.13,0.48,0.4127479236727671,,0.0994285373438998,0.040149998,0.0401,0.11101,17.02,7.548301886792453,,,,-0.3364270344541518,783936000.0,0.1615242374325838,38573000.0,0.80842654941888,5.004986014908735,23.1875,0.5617835649824711,1.4230917,20.453,0.023,0.0,585240.0,,,"[222628000.0, 340047000.0, 213535000.0, 119534000.0, 110819000.0]","[7538000.0, 7983000.0, 10135000.0, 10265000.0, 10190000.0]","[0.1, 0.105, 0.135, 0.135, 0.135]","[0.5274224266489391, -0.3720426882166289, -0.4402135481302831, -0.07290812655813406]","[0.05903422658530122, 0.269572842289866, 0.012826837691169324, -0.007306380905991228]","[0.04999999999999982, 0.2857142857142858, 0.0, 0.0]","[0.17020240322227279, 0.1819393696599645, 0.1694336995064986]","[5.0877340414803855, 5.178388730476231, 6.211412802131574]","[6.953900709219858, 6.741444866920152, 8.0382894082546, 7.955882352941177, 6.7654530059271805]",-0.22515640357826017,-0.35604970981093176,-0.32218850447409475,,-0.18759409396003435,-0.4880624762621363,0.086744577952649,0.500556129234718,0.31746031746031744,0.23650192500550915,0.5976307938544321,-0.4880624762621363,10.0,0.0,18.0,9.0,5.0,4.0,0.0,0.0,0.0
SPCENET.NS,EQ,3.28,186.217408,46.0,speculative,False,True,,True,True,51.42857142857142,1862174080.0,3.28,0.45,0.7967017791430526,,0.0878230897022109,-0.051119998,0.13173,0.082040004,13.671,35.7427608092027,,,,1.4046493105679725,1947115000.0,0.1044275245350325,160712000.0,0.8140405687249139,7.7952682719374975,7.288889,0.0914882982668881,0.96046853,17.994,0.164,0.61,487507.0,,,"[488778000.0, 452624000.0, 476348000.0, 484247000.0, 533896000.0]","[127812000.0, 46646000.0, 27626000.0, 48472000.0, 37968000.0]","[0.23, 0.09, 0.05, 0.08, 0.07]","[-0.07396814095560766, 0.05241436600798899, 0.01658241453727105, 0.1025282552086022]","[-0.6350420930742027, -0.40775200445911763, 0.7545790197639903, -0.2167024261429279]","[-0.6086956521739131, -0.4444444444444444, 0.5999999999999999, -0.12499999999999989]","[0.1401670319041897, 0.006130055232392324, 0.01044439038262291]","[2.1889544036047925, 2.084564538032363, 2.1680254582402823]","[17.556600910470408, 13.010602534264288, 52.15930599369085, 191.0033222591362, 163.925]",-0.08146066475119218,-0.15938306099169985,-0.04678540183484814,,-0.061640125525506906,-0.7008158615142637,0.08578083879843956,0.449732271015043,0.38095238095238093,0.7224457363017134,0.1881961416357851,-0.7244525526746048,7.0,0.0,18.0,8.0,8.0,5.0,0.0,0.0,0.0
FCSSOFT.NS,EQ,1.42,242.7565312,45.0,speculative,False,True,,True,True,41.90476190476191,2427565312.0,1.42,0.02,0.2599210498948732,,0.0208784430998899,0.1784,0.04132,0.41961,,1.803736093759296,,,,12.28745078552043,492730000.0,0.2264884642744489,26161000.0,0.214657008866036,0.947761333247966,71.0,2.7315986923227813,0.5831622,17.313,0.681,0.0,2276980.0,19.65,0.0,"[161200000.0, 267719000.0, 148581000.0, 82140000.0, 88058000.0]","[6261000.0, 53978000.0, -19721000.0, -12364000.0, 100000.0]","[0.004, 0.032, -0.012, -0.007, 0.0]","[0.660787841191067, -0.44501137386588174, -0.44717023037938897, 0.07204772339907484]","[7.621306500559015, -1.3653525510393123, -0.37305410476142187, -1.0080879974118409]","[7.0, -1.375, -0.41666666666666663, -1.0]",[0.0],"[3.087239309602159, 1.961367684726502, 1.990103536857557]","[1.7170341867692762, 6.930825121926944, -0.20001477213974445, 0.2583468157081924, 1.5163789080727952]",-0.041958003482745365,-0.0805369154364508,-0.13836479496340015,,-0.0726875231517955,-0.45418326295869094,0.1709402179655335,0.36264245805595263,0.2698412698412698,1.3526970905112907,0.255542227150982,-0.5338645571593348,7.0,0.0,19.0,4.0,5.0,14.0,-4.0,0.0,0.0
GENUSPAPER.NS,EQ,10.25,263.5540736,45.0,speculative,False,True,,True,True,34.285714285714285,2635540736.0,10.25,0.55,,,0.0632572104511015,0.06437,0.01701,0.30367002,87.426,1.376672327276906,,,,4.17013219545994,9399678000.0,0.0921008926728366,145769000.0,,,18.636364,,0.5278335,8.922,0.342,0.0,164463.0,50.84,0.0,"[2187181000.0, 2260855000.0, 2375223000.0, 2444926000.0, 2505735000.0]","[35237000.0, 37977000.0, 28824000.0, 38204000.0, 41599000.0]","[0.14, 0.15, 0.11, 0.15, 0.16]","[0.0336844550130968, 0.0505861720455314, 0.029345876155628225, 0.024871509403556535]","[0.07775917359593598, -0.24101429812781416, 0.32542325839578123, 0.08886504030991516]","[0.0714285714285714, -0.2666666666666666, 0.36363636363636354, 0.06666666666666665]","[0.874260427440175, 0.8484434927655243, 0.7555640658698325]","[1.2592981078682746, 1.2483650370074717, 1.0712985226526703]","[1.3402516859917626, 1.3546634722531758, 1.1294374466362107, 1.328126408393575, 1.446725214263041]",-0.2216339066560623,-0.08776593923352827,-0.09098937815715069,,-0.07211425718014419,-0.395417174788662,0.15878376455413856,0.46347513409091995,0.3968253968253968,1.482328194798254,0.16089171891658305,-0.47826087687381313,7.0,8.0,2.0,5.0,9.0,14.0,0.0,0.0,0.0
LEENEE.NS,BE,7.03,39.2091232,45.0,speculative,False,True,,True,True,48.57142857142857,392091232.0,7.03,0.08,0.1447142425533318,,0.0097231047779876,-0.023670001,0.03006,0.35103,0.188,53.70192307692308,,,,-3.535188739603327,116138000.0,0.1994321107054304,3126000.0,0.1452640573557162,0.7283885069555189,87.87501,6.072312472465537,0.5240794,-109.4,0.026,0.0,8458.0,69.92,0.1400000000000005,"[36123000.0, 37407000.0, 27834000.0, 25233000.0, 25664000.0]","[1494000.0, 853000.0, 1109000.0, 349000.0, 815000.0]","[0.03, 0.02, 0.02, 0.01, 0.01]","[0.03554522049663644, -0.25591466837757637, -0.09344686354817844, 0.017080806879879562]","[-0.42904953145917, 0.30011723329425566, -0.6853020739404869, 1.335243553008596]","[-0.33333333333333326, 0.0, -0.5, 0.0]","[0.0018754905028167315, 0.0023340136711271523, 0.0010943483340705353]","[6.204004301295509, 8.678328602548023, 8.181351582549187]","[113.57894736842105, 127.0, 26.649122807017545, 51.17391304347826, 89.63636363636364]",-0.15560916378637468,,,,,,,0.688587347173824,0.34285714285714286,,0.006157917023320198,,13.0,10.0,13.0,8.0,5.0,0.0,-4.0,0.0,0.0
NILASPACES.NS,EQ,10.97,432.0964608,45.0,speculative,False,True,,True,True,51.42857142857142,4320964608.0,10.97,0.79,,,0.267553763285618,0.35516,0.16322,0.44731998,46.031,2.5977707554839977,,,,-1.0141192957869842,1850184000.0,4.67784103508474,285425000.0,,,13.886076,,2.461297,8.016,0.919,0.0,614310.0,,,"[466685000.0, 498018000.0, 522003000.0, 421835000.0, 408328000.0]","[84686000.0, 91956000.0, 80406000.0, 54606000.0, 58608000.0]","[0.21, 0.24, 0.2, 0.14, 0.15]","[0.06713950523372292, 0.048160909846632016, -0.1918916174811256, -0.03201962852774187]","[0.08584653897928818, -0.12560354952368524, -0.32087157674800393, 0.0732886495989451]","[0.1428571428571428, -0.16666666666666663, -0.29999999999999993, 0.0714285714285714]","[0.3851210612705241, 0.6254507381753259, 0.06842836237786047]","[2.6944848759027415, 2.355720288727719, 1.8291239295329056]","[2.3837729854625973, 2.802571372849063, 2.5227859638462706, 2.452574474874702, 2.594236515175342]",-0.09975464914297194,-0.126190484480162,-0.1671709526102505,,-0.05364142210541223,-0.4274570727524083,0.0009091117165305196,0.3383729834935688,0.4126984126984127,1.5122845834563663,1.4212174863896514,-0.4279771054679511,7.0,0.0,7.0,8.0,8.0,15.0,0.0,0.0,0.0
RPPL.NS,BE,18.49,137.2771584,45.0,speculative,False,True,,True,True,47.61904761904761,1372771584.0,18.49,2.76,0.1426657159092625,,0.1460968829890873,0.094569996,0.057930004,0.4084,68.378,3.3192741141981883,,,,1.0899579771047674,3307941000.0,0.0954931459947525,172525000.0,0.1740926011574086,1.8230900170256743,6.6992755,0.4695785148732463,0.75953007,5.255,-0.343,0.0,51726.0,,,"[1029106000.0, 916188000.0, 716200000.0, 864286000.0, 825165000.0]","[72568000.0, 63780000.0, 21966000.0, 45951000.0, 40827000.0]","[0.98, 0.86, 0.3, 0.62, 0.55]","[-0.10972436269927488, -0.21828271053539228, 0.2067662664060319, -0.045263951978858796]","[-0.12110020945871458, -0.6555973659454375, 1.0919147773832285, -0.111510086831625]","[-0.12244897959183676, -0.6511627906976745, 1.0666666666666669, -0.11290322580645151]","[0.6837788960310625, 0.6955735972055395, 0.7189470840392058]","[1.3176673513657164, 1.2114429850736717, 1.2476869697671322]","[4.85459246491012, 4.52505572525386, 2.0470761706106595, 3.2703663100593507, 2.895330902972518]",-0.1998284694852024,-0.13611113343219172,0.16624999046325684,,-0.046288261407449904,-0.2853313132434715,0.24399998982747406,0.4970700974798926,0.4444444444444444,0.45437427407296277,0.0981162490773201,-0.3000466735235092,7.0,0.0,12.0,8.0,10.0,8.0,0.0,0.0,0.0
TGBHOTELS.NS,EQ,9.08,26.5920512,45.0,speculative,False,True,,True,True,27.61904761904762,265920512.0,9.08,0.5,0.020839302540953,,0.0341055617639473,0.01603,0.03809,0.57293,16.052,1.957513876516138,,,,0.302711368230292,384783000.0,0.0008843103389684,14347000.0,0.0172609395557903,19.519097306864097,18.16,8.714303160728296,0.34436986,4.697,0.352,0.0,20687.0,,,"[83286000.0, 104293000.0, 105720000.0, 86057000.0, 88713000.0]","[1940000.0, 3824000.0, 6623000.0, 2063000.0, 1839000.0]","[0.07, 0.13, 0.23, 0.07, 0.06]","[0.2522272650865691, 0.013682605735763742, -0.1859912977676882, 0.030863265045260713]","[0.9711340206185568, 0.7319560669456067, -0.6885097387890684, -0.1085797382452739]","[0.857142857142857, 0.7692307692307692, -0.6956521739130435, -0.14285714285714302]","[0.1605243886086786, 0.24265497163195685, 0.2101786514594535]","[3.057998427827454, 2.824666888896504, 3.008377046684475]","[1.6160685932041918, 1.992234685073339, 2.855701877276548, 1.5697321181993924, 1.468415690269995]",-0.059623496179866176,0.02159086093922391,0.0588928166642515,,0.028154489651800896,-0.2545605755954118,0.18915341787858053,0.420563387670352,0.4603174603174603,0.80438162434112,0.02694333018365383,-0.37313435491407565,13.0,0.0,7.0,6.0,9.0,12.0,-2.0,0.0,0.0
BAGFILMS.NS,EQ,4.02,87.603072,44.0,speculative,False,True,,True,True,40.95238095238095,876030720.0,4.02,0.26,,,0.0544604439473725,0.16813,0.02987,0.945,50.258,1.9518743040950144,,,,-3.684577752827011,1500719000.0,0.1034031547694136,37407000.0,,,15.461539,,0.4870956,11.771,0.505,0.0,54432.0,51.74,2.3700000000000045,"[385877000.0, 429263000.0, 399271000.0, 357515000.0, 314670000.0]","[25551000.0, 10706000.0, 7082000.0, 3611000.0, 16008000.0]","[0.17, 0.14, 0.01, 0.02, 0.11]","[0.11243479139725876, -0.0698685887206677, -0.10458059814011034, -0.11984112554717985]","[-0.5809948729990999, -0.3385017747057725, -0.4901157865009884, 3.43312101910828]","[-0.17647058823529405, -0.9285714285714286, 1.0, 4.5]","[0.7019702752505499, 0.7652813352902125]","[2.1437846213923937, 1.7643411188118032, 1.8272100122858652]","[2.801421800947867, 2.973920438439006, 1.1424640135478408, 1.2216118996694536, 2.3229996207811907]",-0.14468082041155306,-0.10467701874171909,-0.13174948562351452,,-0.07145519533308609,-0.4806201421442986,0.10743797636096275,0.299023052250753,0.2857142857142857,0.7208002190001476,0.02762974739912033,-0.5310077232836264,10.0,10.0,5.0,6.0,8.0,5.0,0.0,0.0,0.0
GAYAPROJ.NS,EQ,21.0,975.0279168,44.0,speculative,False,True,,True,True,50.47619047619048,9750279168.0,21.0,111.48,,,1.7414983087287772,0.23932,1.7982401,0.23103,51.304,404.853957940198,,,,0.2401143809652993,8468918000.0,-0.0592537879059966,20421230000.0,,,0.1883746,,0.6477283,6.671,0.989,0.0,672434.0,23.56,0.0,"[2287735000.0, 1913371000.0, 5058447000.0, 731266000.0, 765834000.0]","[371174000.0, -1110017000.0, 21570849000.0, -33769000.0, -5833000.0]","[2.36, -5.93, 115.23, -0.18, -0.03]","[-0.16363958238170073, 1.6437355849963233, -0.8554366587215404, 0.04727144431711583]","[-3.9905569894443036, -20.432899676311262, -1.0015654923920705, -0.8272676123071456]","[-3.51271186440678, -20.43170320404722, -1.0015620932048945, -0.8333333333333334]","[0.5130420626065801, -2.506760178296853, -2.525437576120888]","[1.9347557740179546, 0.5202579454213039, 0.5316007916080987]","[18.01540295223251, -37.0923776843891, 522.4549436346665, 0.34183753020971386, 0.9083538894213395]",-0.09828675722186853,-0.03753612419978325,0.3458950512837413,,0.08712908008324871,-0.23518163320248364,0.8198362526412615,0.4849017140489185,0.4603174603174603,1.8355627790570757,3.1303308885670473,-0.24782265131273684,4.0,2.0,0.0,9.0,10.0,19.0,0.0,0.0,0.0
GREENPOWER.NS,EQ,8.56,1004.1151488,44.0,speculative,False,True,,True,True,54.285714285714285,10041151488.0,8.56,0.55,0.1680633333483643,,0.0801622840347428,0.39838,0.22264,0.80046,45.393,2.31357621895958,,,,2.804150453955901,2929500000.0,0.0428393917262974,693900000.0,0.2708196034916643,6.321742503300263,15.563637,0.9260578550908216,0.87142426,8.603,0.801,0.0,1642381.0,24.38,0.0,"[814300000.0, 385900000.0, 359700000.0, 1310100000.0, 873800000.0]","[234200000.0, -175800000.0, -255500000.0, 809200000.0, 289000000.0]","[0.2, -0.15, -0.19, 0.69, 0.25]","[-0.5260960334029228, -0.06789323658979007, 2.6422018348623855, -0.33302801312876884]","[-1.7506404782237404, 0.4533560864618884, -4.167123287671233, -0.6428571428571428]","[-1.75, 0.26666666666666683, -4.631578947368421, -0.6376811594202898]","[0.4548586702769316, 0.4111678537830937, 0.5132918630924154]","[1.8184293493837775, 2.7650204233197178, 2.2624431120421873]","[2.772760917838638, -0.25039246467817894, -0.5796886582653817, 6.434139784946237, 2.795270690728065]",-0.06345731968487012,-0.15748026100639678,-0.13447925960932916,,-0.10798661588573377,-0.40306831739664206,0.0646766741580711,0.22147279614365292,0.3333333333333333,0.3794354072245224,1.8436994733998537,-0.4393305525591591,4.0,2.0,14.0,8.0,9.0,7.0,0.0,0.0,0.0
KRITIKA.NS,EQ,4.85,129.145792,44.0,speculative,False,True,,True,True,44.761904761904766,1291457920.0,4.85,0.24,0.0149275739061074,,0.1063550959340392,0.00883,0.00988,0.07487,54.516,3.104493447652912,,,,3.040473346033386,6931371000.0,0.3597603344023143,61942000.0,0.0114731079055994,0.0318909752089823,20.208334,13.537587639564125,1.2810354,12.925,0.318,0.0,105889.0,63.32,0.0,"[1618627000.0, 1467026000.0, 1611343000.0, 1796256000.0, 2068562000.0]","[15998000.0, 20516000.0, 16301000.0, 11364000.0, 13761000.0]","[0.06, 0.08, 0.06, 0.04, 0.05]","[-0.09366024414519214, 0.09837385295148149, 0.11475706910322625, 0.15159643168902437]","[0.28241030128766087, -0.20544940534217193, -0.3028648549168763, 0.21092925026399145]","[0.3333333333333335, -0.25, -0.33333333333333326, 0.25]","[0.5451637539425919, 0.39761682590277375, 0.5426623871869836]","[1.903103482819648, 1.9044263468060891, 1.7097268556380842]","[2.068747206911962, 2.7886493083807973, 3.307068607068607, 2.1971607581885952, 2.851044686594022]",-0.09158874389770977,-0.1352312753595496,-0.1066176319127472,,-0.09653355353265403,-0.43091333077010097,0.06578951633758101,0.33508540096688294,0.3333333333333333,0.6714739287228466,0.05270079888363838,-0.46604215888191847,7.0,8.0,10.0,8.0,6.0,5.0,0.0,0.0,0.0
SHEKHAWATI.NS,BE,23.31,80.349568,44.0,speculative,False,True,,True,True,34.285714285714285,803495680.0,23.31,3.58,,,0.3802076437854205,-1.04188,0.82528,0.7481,6.28,91.68486096807416,,,,-0.9206632218499802,85938000.0,-0.6938257056314476,88055000.0,,,6.5111732,,3.6547508,11.67,1.011,0.0,47103.0,,,"[15213000.0, 81405000.0, 21308000.0, 30000000.0, 109611000.0]","[63675000.0, 46324000.0, -5128000.0, 28142000.0, -1589000.0]","[1.85, 1.34, -0.15, 0.82, -0.05]","[4.351015578781306, -0.7382470364228242, 0.407921907264877, 2.6537]","[-0.2724931291715744, -1.110698557982903, -6.487909516380655, -1.0564636486390448]","[-0.27567567567567564, -1.1119402985074627, -6.466666666666667, -1.0609756097560976]","[0.06279962521263725, 0.027430816250692026]","[3.0718510663367504, 1.240371025098999]","[63.25477099236641, 119.1734693877551, -10.925581395348837, 381.2972972972973, -16.655555555555555]",0.5321674163622871,0.7105997507411925,1.2670980941320646,,0.4656397899827478,-0.22569443022897095,1.6235293781656122,0.8074889805309611,0.47619047619047616,1.5986892596525057,0.1934067694947624,-0.5673299344105102,10.0,0.0,0.0,8.0,5.0,21.0,0.0,0.0,0.0
EMPOWER.NS,EQ,1.91,222.2855168,43.0,speculative,False,True,,True,True,48.57142857142857,2222855168.0,1.91,0.16,3.7495712579649823,,0.0561049237838159,0.03803,0.10682,0.11198,11.197,,,,,-1.9912889954862676,1533672000.0,1.5071554305935075,180117000.0,3.8305061934478086,2.5415468873965983,11.9375,0.0318369732929915,0.6882883,,1.474,0.0,15866724.0,15.02,0.0,"[373839600.0, 443033000.0, 478125000.0, 346969000.0, 265545000.0]","[14944100.0, 139435000.0, 10716000.0, 28269000.0, 1697000.0]","[0.013, 0.12, 0.01, 0.02, 0.001]","[0.18508847109829984, 0.07920854654167964, -0.2743132026143791, -0.23467226178707612]","[8.330438099316787, -0.9231469860508481, 1.6380179171332587, -0.9399695779829496]","[8.230769230769232, -0.9166666666666666, 1.0, -0.95]","[0.1119401249340612, 0.08927725611850804, 0.06899541889653446]","[0.9911108827458638, 1.6930449873863558, 0.9239811924712525]","[18681.125, 1698.0]",-0.04975125587876761,,,,,,,0.6871938009099366,0.4857142857142857,,3.969117842975764,,7.0,0.0,20.0,5.0,8.0,3.0,0.0,0.0,0.0
JHS.NS,BE,9.55,83.472512,43.0,speculative,False,True,,True,True,27.61904761904762,834725120.0,9.55,-0.23,-0.5379319507666076,,-0.0081529075399609,0.01135,-0.01698,0.35674,8.503,-1.8570537607583883,,,,1.38249063670412,1007367000.0,0.0620889084577587,-19224000.0,-0.5212297206447056,-8.394892640113277,,,0.47788233,14.549,0.577,0.0,1239811.0,33.85,0.0,"[303805000.0, 326957000.0, 232678000.0, 222771000.0, 234541000.0]","[10904000.0, -35686000.0, 7889000.0, -1977000.0, 10552000.0]","[0.12, -0.42, 0.09, -0.02, 0.12]","[0.07620677737364434, -0.28835290267527536, -0.04257815521880026, 0.05283452514016629]","[-4.272743947175348, -1.221067085131424, -1.2506021041957156, -6.3373798684876075]","[-4.5, -1.2142857142857142, -1.2222222222222223, -7.0]","[0.08502631577440743, 0.060827643423644134, 0.037391331533192226]","[1.9451067105428606, 2.391995110281766, 2.1594970914474803]","[1.217605633802817, -12.301516503122212, 1.288086642599278, 0.9208561473369836, 5.006381620931717]",0.19824346827306738,0.2582345189385391,0.11305364518113259,,0.12245513306116163,-0.29572272159230406,0.4580152538382478,0.767683947868942,0.4603174603174603,3.6203307679535897,0.6945257264286947,-0.5169616527991219,10.0,2.0,2.0,4.0,6.0,23.0,-4.0,0.0,0.0
LPDC.NS,EQ,6.18,82.9004736,43.0,speculative,False,True,,True,True,43.80952380952381,829004736.0,6.18,0.64,,,0.0281197153580427,6.2828197,0.98657,0.25671,,,,,,4.503212421362602,73486000.0,1.6240784340320968,14942000.0,,,9.65625,,1.9103554,7.316,0.149,0.0,25875.0,64.87,0.0,"[12319000.0, 57626000.0, 15860000.0, 0.0, 0.0]","[69643000.0, 12815000.0, 2522000.0, -327000.0, -68000.0]","[0.52, 0.1, 0.019, -0.002, -0.001]","[3.6778147576913707, -0.7247770103772603, -1.0]","[-0.8159901210459055, -0.8031993757315645, -1.1296590007930214, -0.7920489296636086]","[-0.8076923076923077, -0.81, -1.105263157894737, -0.5]",[],"[25.886276923076924, 4.5257204970768825, 54.910418963616316]",[],-0.01740508394408602,-0.026645779505419687,-0.10903870515378888,,-0.035973950910401786,-0.30999999576144743,0.12296560624582509,0.6348307770390345,0.4444444444444444,0.9156607267204206,0.041088626547389026,-0.3855555322435167,10.0,8.0,7.0,3.0,8.0,9.0,-2.0,0.0,0.0
NECCLTD.NS,EQ,19.43,203.0435072,43.0,speculative,False,True,,True,True,31.428571428571427,2030435072.0,19.43,0.79,-0.1213843781634264,,0.0781703696722178,0.049450003,0.02538,0.09819,54.791,2.281304426160591,,,,-1.1621659979098662,3080438000.0,0.0022299390319249,77507000.0,0.103307620072895,46.32755362092486,24.594936,,0.749094,14.714,0.48,0.0,64880.0,,,"[755848000.0, 962298000.0, 719682000.0, 707460000.0, 690998000.0]","[20119000.0, 7001000.0, 34523000.0, 18180000.0, 17803000.0]","[0.18, 0.08, 0.34, 0.19, 0.18]","[0.2731369270011961, -0.2521214841972029, -0.016982500604433626, -0.023269160093856933]","[-0.6520204781549779, 3.931152692472504, -0.4733945485618284, -0.020737073707370768]","[-0.5555555555555556, 3.25, -0.4411764705882353, -0.052631578947368474]","[0.5479072886076463, 0.5284375095314778, 0.5549972666534413, 0.48165193943430445]","[2.609431500379536, 2.6310688105935207, 2.5468387368472825, 2.703197354282496]","[2.5566220625088656, 1.3984251968503938, 2.9845954746597645, 2.151740320688307, 1.9800554694510155]",-0.057157600720431745,0.1508485004115605,0.3022758833204606,,0.1464103421947227,-0.18838652928232535,0.7000927286631098,0.3971436225821702,0.4444444444444444,0.6739526304118806,0.12377212630167007,-0.522606351386552,7.0,0.0,9.0,6.0,8.0,13.0,0.0,0.0,0.0
PCJEWELLER.NS,EQ,14.81,14525.2892672,43.0,speculative,False,True,,True,True,43.80952380952381,145252892672.0,14.81,0.74,,,0.1025220181474837,0.2692,0.22103001,0.24975,14.271,6.3686230248307,,,,-0.108417546118747,33528800000.0,0.1068362256152875,7144600000.0,,,20.013514,,1.3850183,19.424,0.351,0.0,316202603.0,,,"[8770400000.0, 9273400000.0, 8753800000.0, 8252500000.0, 7249100000.0]","[2221800000.0, 1528900000.0, 1901000000.0, 2095400000.0, 1619300000.0]","[0.18, 0.2, 0.26, 0.3, 0.25]","[0.057352002189181794, -0.05603122910690794, -0.05726655852315565, -0.12158739775825511]","[-0.31186425420829955, 0.2433775917326182, 0.10226196738558646, -0.2272119881645509]","[0.11111111111111116, 0.30000000000000004, 0.15384615384615374, -0.16666666666666663]","[0.14271156375202618, 0.22028606282993035, 0.3473549928949748]","[7.048277690814066, 5.051676012461059, 3.30165740211854]","[17.627958579881657, 7.224969598702878, 7.277136258660508, 6.68026460859978, 4.928434197886648]",0.09541419513135163,0.48248255845145427,0.5688560463914083,,0.2830409182378466,0.0,0.9564068802876091,0.6574573979302831,0.47619047619047616,1.8272242008032415,574.5300286660546,-0.4154439935786419,0.0,0.0,5.0,10.0,5.0,23.0,0.0,0.0,0.0
3IINFOLTD.NS,BE,22.67,470.4070144,42.0,speculative,False,True,,True,True,43.80952380952381,4704070144.0,22.67,1.78,-0.6668662318285834,,0.1162058187064198,0.00298,0.04895,0.08748,16.298,15.150470219435736,,,,-1.2289904117315285,6933600000.0,-0.0166187812590173,354600000.0,1.9580537058765808,-117.82173887234578,12.735955,,1.2716666,-94.667,-0.277,0.0,212426.0,,,"[1779400000.0, 1757800000.0, 1721400000.0, 1748900000.0, 1757800000.0]","[64600000.0, 72700000.0, 21400000.0, 184300000.0, 72700000.0]","[0.31, 0.34, 0.1, 1.03, 0.34]","[-0.01213892323255028, -0.020707702810331075, 0.015975368885790653, 0.005088913031048081]","[0.12538699690402466, -0.7056396148555708, 7.61214953271028, -0.6055344546934347]","[0.09677419354838723, -0.7058823529411764, 9.299999999999999, -0.6699029126213591]","[0.16152473896846634, 0.10652826260028171, 0.20695385818561002]","[1.131441101230357, 1.326810365705982, 0.9900606949366573]","[6.528301886792453, 5.604477611940299, 3.231707317073171, 49.15384615384615, 5.604477611940299]",0.042138664161100126,0.2609649281037263,0.5101773270718528,,0.14137975786291324,-0.16666667818447223,0.8081760626701966,0.4481199971090926,0.5555555555555556,0.5161589324810514,0.7370234266038512,-0.38132292814017454,7.0,0.0,7.0,9.0,6.0,13.0,0.0,0.0,0.0
ABINFRA.NS,BE,12.5,798.4867328,42.0,speculative,False,True,,True,True,41.90476190476191,7984867328.0,12.5,0.3,-0.6070183394273941,,0.1705755672463071,0.12043,0.07196,0.19795,68.314,4.102624706035288,,,,-2.6458252547657084,2562071000.0,0.2768049581730698,193413000.0,0.3690383194622568,1.3332070418750193,41.666664,,4.898119,23.725,0.343,0.05,253706.0,30.94,-0.009999999999998,"[762514000.0, 839329000.0, 744082000.0, 373031000.0, 605629000.0]","[53430000.0, 59704000.0, 61209000.0, 21311000.0, 51189000.0]","[0.08, 0.09, 0.1, 0.033, 0.8]","[0.10073913396999923, -0.11347993456677896, -0.4986695014796756, 0.6235353093978784]","[0.11742466778963134, 0.025207691276966315, -0.651832246891797, 1.4019989676692788]","[0.125, 0.11111111111111116, -0.6699999999999999, 23.242424242424242]","[0.6775836138281068, 0.2915438784188033, 0.7777432500258203]","[1.7574654074486795, 2.2112506714585036, 1.689521264379815]","[3.257301547678482, 3.4808094905792046, 4.645772018449374, 2.2779450841452613, 3.957857694618488]",0.06985305041603862,0.18181433219304588,-0.23051586774121158,,0.07236118341477038,-0.43743894506221903,0.3446885074269497,0.45371580169924813,0.49206349206349204,0.07861207862803091,0.33245334476994515,-0.5816421038547903,4.0,2.0,16.0,9.0,0.0,11.0,0.0,0.0,0.0
AVROIND.NS,EQ,5.43,72.8550656,42.0,speculative,False,True,,True,True,39.04761904761905,728550656.0,5.43,0.22,-0.5604007500305346,,0.0815966610997544,0.043920003,0.043109998,0.34219003,19.736,4.870657568238213,,,,0.8883257564222479,909945000.0,0.0438021721417627,45973000.0,0.0346093424159215,0.7901284507971599,24.681818,,0.8155602,5.321,-0.257,0.0,274045.0,53.64,0.0,"[253428000.0, 271556000.0, 242870000.0, 209021000.0, 216681000.0]","[6932000.0, 9813000.0, 10683000.0, 12084000.0, 10519000.0]","[0.05, 0.0073, 0.08, 0.091, 0.08]","[0.07153116467004428, -0.10563566999072016, -0.13937085683699102, 0.0366470354653361]","[0.41560877091748405, 0.08865790278202379, 0.13114293737714133, -0.12951009599470376]","[-0.854, 9.95890410958904, 0.13749999999999996, -0.12087912087912078]","[0.19735702801956978, 0.2681571158982397, 0.23408429335074007]","[3.5868659000745113, 1.9253729822619043, 3.3330087082564237]","[3.1930579460699944, 5.137506547930854, 3.84926769731489, 5.367180417044424, 4.509073075036783]",-0.3094117781695198,-0.41005025144893803,-0.4750492039480513,,-0.20943466663038357,-0.6125412519232433,0.0,0.5327203242267733,0.4126984126984127,0.7958226793275884,0.23540145080934763,-0.6125412519232433,10.0,8.0,4.0,9.0,9.0,2.0,0.0,0.0,0.0
HATHWAY.NS,EQ,9.75,1725.8518528,42.0,speculative,False,True,,True,True,43.80952380952381,17258518528.0,9.75,0.42,0.0752729051476861,,0.0250826331311557,4.0000003e-05,0.03469,0.45623,0.212,119.88297872340424,,,,2.412465071072773,20912400000.0,0.0404562708970914,823100000.0,0.0802774510483075,1.9843017971801973,23.214287,3.0840163475095523,0.4123319,-0.293,0.513,0.0,2342325.0,75.0,0.0,"[5651000000.0, 5458500000.0, 5365600000.0, 5305000000.0, 5131500000.0]","[245000000.0, 113300000.0, 217000000.0, 310300000.0, 346800000.0]","[0.14, 0.06, 0.12, 0.18, 0.2]","[-0.03406476729782337, -0.0170193276541174, -0.011294170269867343, -0.03270499528746462]","[-0.5375510204081633, 0.9152691968225948, 0.4299539170506912, 0.11762810183693206]","[-0.5714285714285715, 1.0, 0.5, 0.11111111111111116]","[0.0021164139660925846, 0.0028751237900520718]","[4.006597932164556, 3.5712699884776438]","[164.2, 86.4, 118.41666666666667, 155.92307692307693, 136.8]",-0.05247813059814477,-0.11604712275241313,-0.0810555781814769,,-0.07952408437022451,-0.31338027246744227,0.09921083718091284,0.2612059362779677,0.38095238095238093,0.7922344540327093,1.7889650580607988,-0.3753521123449851,4.0,10.0,7.0,9.0,7.0,7.0,-2.0,0.0,0.0
MOHITE.NS,EQ,2.46,49.4452608,42.0,speculative,False,True,,True,True,34.285714285714285,494452608.0,2.46,-0.04,-0.1854030921578291,,0.0787029547121854,-0.12316,0.01495,0.49556,84.044,1.453719365508946,,,,6.798625106982137,1533366000.0,0.2201214879376927,36221000.0,-0.1850143193653075,-0.8405100342483486,,,0.38068712,9.325,0.168,0.0,51708.0,68.82,0.0,"[178132000.0, 302469000.0, 459570000.0, 517673000.0, 253653000.0]","[-24562000.0, 3593000.0, 12351000.0, 30416000.0, -10140000.0]","[-0.12, 0.02, 0.06, 0.0, -0.05]","[0.6980048503357061, 0.5193953760550667, 0.12642905324542508, -0.5100130777537171]","[-1.1462828759872974, 2.437517394934595, 1.4626346044854666, -1.3333771699105734]","[-1.1666666666666667, 2.0, -1.0, -inf]","[0.8874925060468449, 1.0283115788593877, 1.0088343498037786]","[2.832283704943241, 3.3567775662078123, 2.8122132632824446]","[-8.360518292682928, 1.4654218945115063, 1.3227838176876436, 3.0127051349920593, 0.5843751280895192]",-0.1281138442799139,,,,,,,0.607197131513677,0.42857142857142855,,0.018276682749394178,,13.0,10.0,7.0,4.0,7.0,1.0,0.0,0.0,0.0
ORIENTALTL.NS,EQ,4.76,34.9894592,42.0,speculative,False,True,,True,True,44.761904761904766,349894592.0,4.76,0.42,,,0.0296468647129023,0.12964,0.07376,0.27761,2.873,17.626190476190477,,,,0.810959973241164,211783000.0,0.3444599803563983,17938000.0,,,11.333334,,0.21711367,7.416,1.067,0.0,56490.0,,,"[78788000.0, 139411000.0, 33106000.0, 22281000.0, 16985000.0]","[8198000.0, 13199000.0, 1098000.0, -2315000.0, 5956000.0]","[0.15, 0.29, 0.02, -0.04, 0.11]","[0.7694445854698686, -0.7625294991069571, -0.32698000362472057, -0.23769130649432246]","[0.6100268358136132, -0.9168118796878552, -3.1083788706739526, -3.5727861771058316]","[0.9333333333333333, -0.9310344827586207, -3.0, -3.75]","[0.028726537672513063, 0.029140890675911288, 0.02333075508625563]","[3.05213068517541, 3.9464952366199366, 3.8962222310363352]","[58.68586387434555, 25.41902604756512, 2.4247104247104247, -9.236842105263158, 12.165969316596932]",-0.06445311153947808,-0.138489206627865,-0.2731411455321444,,-0.10236177925083623,-0.5340466842143983,0.06444443596733951,0.20791712570464085,0.31746031746031744,0.7761567664957547,0.03130145709458351,-0.5622567979678944,13.0,0.0,7.0,10.0,10.0,4.0,-2.0,0.0,0.0
SUNDARAM.NS,EQ,1.03,48.809408,42.0,speculative,False,True,,True,True,36.19047619047619,488094080.0,1.03,0.08,-0.0803586078729596,,0.0502101479007532,0.00853,0.026989998,0.31823,23.312,3.05912829479956,,,,-0.6853593332284951,1371125000.0,0.0623224719498336,31795000.0,0.0708560064618912,1.1369254820143635,12.875,,0.66623545,8.569,0.496,0.0,405928.0,,,"[495975000.0, 443499000.0, 260683000.0, 260344000.0, 406599000.0]","[3181000.0, 11734000.0, 16199000.0, 8301000.0, -4438000.0]","[0.01, 0.02, 0.03, 0.02, -0.01]","[-0.10580371994556181, -0.41221287984865806, -0.0013004300242056566, 0.5617759579633101]","[2.6887771141150583, 0.3805181523777059, -0.4875609605531206, -1.5346343813998313]","[1.0, 0.5, -0.33333333333333326, -1.5]","[0.24806129751102907, 0.30884186672662867, 0.3224161447968763]","[2.9255376629614065, 2.3637419978781296, 2.447374841417]","[1.9836116264687693, 3.4849639983058025, 4.548521358159912, 0.36372759856630826]",-0.12500007450580297,-0.1600000381469726,-0.19230769936149672,,-0.09635210319016252,-0.49029127112521764,0.009615375798129211,0.39616619044527357,0.2857142857142857,0.6642747874658744,0.04174062522228122,-0.4951456355626088,13.0,0.0,5.0,9.0,10.0,5.0,0.0,0.0,0.0
BESTAGRO.NS,EQ,16.78,595.1381504,41.0,speculative,False,True,,True,True,39.04761904761905,5951381504.0,16.78,1.17,-0.6413109169538198,,0.0704431236107084,0.1715,0.02328,0.32682,57.549,1.2025159826768406,,,,10.985343855693348,12475100000.0,-0.1059537917618631,88700000.0,-0.6412729793154786,6.05238348389432,14.341882,,0.7741281,7.023,0.047,0.59,527563.0,50.44,0.0,"[3962000000.0, 1556900000.0, 2029100000.0, 5168300000.0, 3812400000.0]","[406500000.0, -372400000.0, -127400000.0, 389300000.0, 199200000.0]","[1.15, -1.05, -0.024, 1.097333, 0.56]","[-0.6070418980312973, 0.30329500931337905, 1.5470898427874427, -0.2623493218272933]","[-1.9161131611316113, -0.6578947368421053, -4.055729984301413, -0.4883123555098895]","[-1.9130434782608696, -0.9771428571428571, -46.72220833333333, -0.48967177693553365]","[0.5754777111489783, 0.5382486657442183, 0.6307598896529877]","[1.5277703371571654, 1.4295096756732375, 1.3650332919932098]","[4.6376329787234045, -2.947840260798696, -0.3663230240549828, 5.0984375, 2.868995633187773]",-0.15438271955878746,0.11581454920648704,0.13674069411976264,,0.05690587339720743,-0.4363487677506733,0.3797999504050502,0.684492152688785,0.3968253968253968,0.3705361372648492,0.9784987538165283,-0.5914978601906291,4.0,8.0,2.0,6.0,10.0,11.0,0.0,0.0,0.0
MAGNUM.NS,EQ,17.61,120.4723328,41.0,speculative,False,True,,True,True,31.428571428571427,1204723328.0,17.61,-0.2,,-0.00221,0.0213870342374261,0.03948,-0.00317,0.37255,45.037,0.6008433327911312,2.45,0.881,,-5.492490222788592,4534671000.0,8.719536164880637e-05,-113785000.0,,,,,0.17679481,5.202,0.363,0.0,12621.0,55.21,0.0,"[1234063000.0, 1287082000.0, 1018847000.0, 1186020000.0, 1157715000.0]","[-82787000.0, 53201000.0, 2610000.0, 11994000.0, -181589000.0]","[-1.21, 0.79, 0.04, 0.18, -2.73]","[0.04296296056198101, -0.2084055250559016, 0.16408057343251725, -0.02386553346486564]","[-1.6426250498266635, -0.9509407717900039, 3.5954022988505745, -16.139986659996666]","[-1.6528925619834711, -0.9493670886075949, 3.5, -16.166666666666668]","[0.4503732068200267, 0.38831869697112475, 0.39029218548802425, 0.39355350051251603, 0.32399631728902856]","[2.449740433666754, 2.1698122972708007, 2.5918755391687642, 2.455076594304998, 2.1667360065844736]","[0.5659573543156476, 1.274893255207852, 0.8020010637550553, 0.8959733904113031, -0.7792458946756542]",-0.07266978290676118,-0.10745053122512493,-0.2085392984111657,,-0.0340829748714635,-0.29840636084801475,0.05386005835962071,0.21011622169422925,0.36507936507936506,0.9311359540513211,0.054319619138345716,-0.33426299480023336,7.0,8.0,2.0,9.0,7.0,10.0,-2.0,0.0,0.0
MTEDUCARE.NS,BE,1.68,12.1343128,41.0,speculative,False,True,,True,True,40.95238095238095,121343128.0,1.68,-0.43,-0.6286959184928242,,0.2995427621323911,0.32904,-0.086569995,0.37897998,,0.5074600589762774,0.686,0.146,14509750.0,-0.5853097231988749,227905000.0,-0.2667462354850998,-31286000.0,-0.627863042512326,2.353784080103346,,,-2.352941,-838.211,0.263,0.0,27001.0,59.12,0.0,"[98837000.0, 69674000.0, 123864000.0, 69050000.0, 128965000.0]","[25989000.0, -20919000.0, 14834000.0, -51189000.0, -136803000.0]","[0.36, -0.29, 0.21, -0.71, -1.89]","[-0.29506156601272804, 0.7777650199500532, -0.44253374668991796, 0.8677045619116581]","[-1.8049174650813806, -1.7091161145370237, -4.450788728596468, 1.6725077653402098]","[-1.8055555555555556, -1.7241379310344827, -4.380952380952381, 1.6619718309859155]","[-26.794989140552282, -24.749249553415222, -79.01822133065865]","[0.685613423256159, 0.6856420580494939, 0.6957185742510994]","[2.1658198983878068, -2.1383803397657926, 3.5585114332685697, -2.797183529771927, 0.3782300174052751]",-0.0864864673294059,-0.10582006877682248,0.20714291857213496,,-0.06625527309053325,-0.3016528909335525,0.38524591605594716,0.43563679844201364,0.5079365079365079,1.0105164380420935,0.006976574925454854,-0.4479637974879097,15.0,8.0,2.0,7.0,0.0,9.0,0.0,0.0,0.0
RUCHINFRA.NS,EQ,4.72,111.4037632,41.0,speculative,False,True,,True,True,41.90476190476191,1114037632.0,4.72,0.15,,,0.0514488696206383,0.31257,0.09645,1.0,40.879,3.919515005212048,,,,3.3782892105894584,601757000.0,-0.0157501368126458,100024000.0,0.9938001350867544,-63.09787317458924,31.466663,,0.6699787,7.806,0.443,0.0,61785.0,,,"[176600000.0, 149200000.0, 137400000.0, 159900000.0, 165300000.0]","[45900000.0, 4600000.0, -4600000.0, 14300000.0, 85800000.0]","[0.16, 0.02, -0.05, 0.02, 0.33]","[-0.1551528878822197, -0.079088471849866, 0.16375545851528384, 0.03377110694183871]","[-0.8997821350762527, -2.0, -4.108695652173913, 5.0]","[-0.875, -3.5, -1.4, 15.5]","[0.14696343286337785, 0.4362232665196125, 0.2038440701042057]","[0.9062435856536265, 1.6542421015264466, 0.4658632994656641]","[8.077922077922079, 0.21428571428571427, 0.8681318681318682, 3.3402061855670104, 10.16]",-0.16163415732712372,-0.1876076012603931,-0.2771822911885973,,-0.12351523578078472,-0.37150470754454146,0.1428570603879029,0.3664573273544566,0.3492063492063492,1.022563208323544,0.039368265126762385,-0.45006657941795647,7.0,0.0,7.0,10.0,7.0,10.0,0.0,0.0,0.0
ASHIMASYN.NS,EQ,14.26,273.3072896,40.0,speculative,False,True,,True,True,43.80952380952381,2733072896.0,14.26,-0.08,0.3838275036444589,,0.0058533929260158,0.38849,-0.90102,0.71388,59.301,0.2951945080091533,,,,1.9847290640394089,120100000.0,-0.6128568836851768,-203000000.0,0.4506349306453876,-0.7353020625886905,,,0.9869878,-51.134,0.238,0.0,78349.0,73.49,0.0,"[83300000.0, 68600000.0, 7800000.0, 40100000.0, 27700000.0]","[19300000.0, -69400000.0, -27400000.0, -80800000.0, -25300000.0]","[0.1, -0.36, -0.14, -0.42, -0.13]","[-0.17647058823529416, -0.8862973760932945, 4.141025641025641, -0.3092269326683291]","[-4.595854922279793, -0.6051873198847262, 1.948905109489051, -0.6868811881188119]","[-4.6, -0.611111111111111, 1.9999999999999996, -0.6904761904761905]","[0.5583041421400455, 0.5817184135583802, 0.37761254019292606]","[3.174189665548964, 3.866995507795296, 4.478662613981763]","[2.0284552845528454, -0.9772727272727273, 1.9959677419354838, -0.3286384976525822, 0.6627906976744186]",-0.20676056767853213,-0.05566733281020897,0.006433177559708847,,-0.04148527618102915,-0.3764393281098335,0.19524620058329578,0.5716663387308503,0.3968253968253968,0.5900356812252089,0.1453892706378126,-0.47829939004544775,7.0,10.0,11.0,4.0,5.0,8.0,-5.0,0.0,0.0
BALAXI.NS,EQ,22.33,123.2783488,40.0,speculative,False,True,,True,True,29.52380952380953,1232783488.0,22.33,0.45,-0.6949804423975212,0.0058899997,0.0334574032485677,-0.0074199997,0.00524,0.44155997,23.145,2.355721201875048,4.045,2.424,-634658752.0,-3.175876914390571,2701735000.0,-0.0705025928067186,14169000.0,-0.6864463559069978,9.73646966131977,49.622223,,0.49494636,20.665,0.699,,23831.0,65.99,0.0,"[806818000.0, 707137000.0, 725424000.0, 561753000.0, 707421000.0]","[12974000.0, 6128000.0, 3050000.0, 2090000.0, 2901000.0]","[0.24, 0.11, 0.06, 0.04, 0.05]","[-0.12354830953201346, 0.025860618239464284, -0.22562115397340043, 0.259309696610432]","[-0.5276707260675196, -0.502284595300261, -0.3147540983606557, 0.38803827751196174]","[-0.5416666666666666, -0.4545454545454546, -0.33333333333333326, 0.25]","[0.23145076428387606, 0.23745412504873165, 0.23054394154044922]","[4.0450210432835245, 3.9565755773517757, 4.451796281456243]","[3.8517608517608517, 2.416809778765532, 2.5849168061435464, 2.54326384218785, 1.897922671702614]",-0.08869635473726312,-0.08034971974998328,-0.037053197980871144,,-0.03537173332731569,-0.49450801448677095,0.40970006669025594,0.33339302576697005,0.5079365079365079,0.8125160055953993,0.06934597179293632,-0.6414187688165177,7.0,10.0,2.0,11.0,5.0,9.0,-4.0,0.0,0.0
BHANDARI.NS,EQ,2.79,92.894848,40.0,speculative,False,True,,True,True,37.142857142857146,928948480.0,2.79,0.26,-0.0582448433256038,,0.0977996145720145,0.082270004,0.02772,0.29969,57.828,2.032252002769261,,,,-0.949847456972568,2803373000.0,-0.0034113827959693,77683000.0,0.0608689616684443,-17.8428998763679,10.730769,,0.47831303,6.449,0.551,0.36,117915.0,41.83,0.0,"[508471000.0, 900483000.0, 590476000.0, 683346000.0, 629067000.0]","[12966000.0, 18860000.0, 21942000.0, 20692000.0, 16190000.0]","[0.04, 0.06, 0.078366, 0.078366, 0.07]","[0.770962355768569, -0.34426746534915154, 0.15727988944512572, -0.07943121054341429]","[0.4545734999228752, 0.1634146341463414, -0.05696837116033182, -0.21757200850570269]","[0.5, 0.30610000000000004, 0.0, -0.10675548069315777]","[0.5557943308443737, 0.6495250129169885, 0.6665365079012683]","[2.2923512226499065, 2.1304742007559576, 2.158422085353375]","[1.7292381464180893, 2.1257878658984573, 1.9227200879664628, 2.0413100980239616, 1.8399984469638142]",-0.07070708287004268,-0.05161208133197115,-0.15312147249137664,,-0.02079904779314956,-0.43483821120254895,0.3641837337737519,0.20006803477485083,0.3333333333333333,0.529467398830012,0.034887751664773224,-0.5857143177964454,10.0,5.0,2.0,6.0,10.0,7.0,0.0,0.0,0.0
MFML.NS,EQ,18.35,19.4882048,40.0,speculative,False,True,,True,True,28.57142857142857,194882048.0,18.35,-2.42,-0.5996846233405441,,0.0227014885946683,0.04638,-0.01894,0.60102004,79.119,0.9799947267813592,,,,-374.11297071129707,1265277000.0,-0.0392442699751457,-239000.0,-0.5836298629832832,14.87172174059828,,,0.19948038,6.475,0.23,0.0,5885.0,64.81,0.0100000000000051,"[308051000.0, 384304000.0, 315296000.0, 316241000.0, 335178000.0]","[391000.0, 15505000.0, -7565000.0, -34038000.0, 25860000.0]","[0.04, 1.46, -0.71, -3.21, 2.43]","[0.247533687603676, -0.17956617677671838, 0.0029971835989039963, 0.05988154603609264]","[38.65473145780051, -1.4879071267333117, 3.499405155320555, -1.7597391151066455]","[35.5, -1.4863013698630136, 3.52112676056338, -1.7570093457943927]","[0.7911875649365605, 0.6560090117961205, 0.44878061242738093]","[0.8655458763553667, 1.115625184240287, 1.2205650864478699]","[1.0368749551617764, 2.9281722774976147, -0.3114104595879556, -2.0513625518020846, 3.240566037735849]",-0.017185906968306353,-0.06632658770957112,-0.1934773553842668,,-0.08387201957121848,-0.4011780249716629,0.008264441966000513,0.4142653811637069,0.47619047619047616,0.8089510586281655,0.010899986175909041,-0.4060863895381427,15.0,8.0,2.0,3.0,7.0,7.0,-2.0,0.0,0.0
PRAENG.NS,EQ,19.74,138.053248,40.0,speculative,False,True,,True,True,36.19047619047619,1380532480.0,19.74,-2.61,0.2724516267132875,,-0.0277430873270615,-0.45532,-0.63537,0.2493,34.493,-108.52247191011236,,,,-1.3039775471434858,384264000.0,0.0881017086446096,-186346000.0,0.2684228973081384,3.0467388367111017,,,0.28398383,-19.759,0.271,0.0,171885.0,,,"[48603000.0, 70934000.0, 80696000.0, 85520000.0, 147114000.0]","[-25285000.0, -79773000.0, -11401000.0, -65099000.0, -30073000.0]","[-0.37, -1.16, -0.15, -0.93, -0.46]","[0.4594572351500936, 0.13762088702173858, 0.05977991474174682, 0.7202291861552854]","[2.1549535297607276, -0.8570819700901308, 4.7099377247609855, -0.5380420590178037]","[2.135135135135135, -0.8706896551724138, 5.2, -0.5053763440860215]","[0.3428645602784121, 0.34020332161122, 0.35719994024255197]","[2.5665192704167277, 2.62389677656186, 2.5310198797593952]","[-19.902066486972146, -34.931912922649374, -4.060301507537688, -50.12748344370861, -29.856687898089174]",-0.250721646338394,-0.061951508050990145,-0.08324922522381029,,0.026484218281228378,-0.4518853924604094,0.01735719234873434,0.6316416986587478,0.3968253968253968,1.2672230829017954,0.2060886367089081,-0.46123680880047746,7.0,0.0,15.0,3.0,5.0,17.0,-7.0,0.0,0.0
SUBEXLTD.NS,EQ,19.18,1064.21248,40.0,speculative,False,True,,True,True,27.61904761904762,10642124800.0,19.18,0.56,,,0.0917203207952106,0.15607001,0.1025,0.94218004,8.247,13.054662379421222,,,,2.506484402383456,2790600000.0,0.0004423509734776,285300000.0,,,34.25,,3.1045647,32.963,0.928,0.0,8528444.0,,,"[794500000.0, 729600000.0, 707900000.0, 689100000.0, 664000000.0]","[142200000.0, 99300000.0, 29300000.0, 28600000.0, 128100000.0]","[0.26, 0.18, 0.05, 0.05, 0.23]","[-0.08168659534298306, -0.029742324561403466, -0.026557423364882093, -0.03642432157887099]","[-0.30168776371308015, -0.7049345417925479, -0.023890784982935176, 3.479020979020979]","[-0.3076923076923077, -0.7222222222222222, 0.0, 3.5999999999999996]","[0.0824655056736968, 0.09202739131781985, 0.06364950078822912]","[2.6402745995423342, 2.573945104465383, 2.2163416898792945]","[27.126984126984127, 17.0, 9.727272727272727, 6.146341463414634, 15.858585858585858]",-0.0026000643916153088,0.44973552296387287,1.1526375570866674,,0.3693229383893033,-0.1313405628872628,1.8712576044999722,0.7098010496339405,0.4603174603174603,2.8273260266429348,31.39306188815204,-0.5285815248855154,4.0,0.0,2.0,10.0,1.0,25.0,-2.0,0.0,0.0
VIPCLOTHNG.NS,EQ,20.14,181.5208448,40.0,speculative,False,True,,True,True,37.142857142857146,1815208448.0,20.14,1.04,0.1086101154833159,,0.1014842060972198,0.06711,0.03754,0.28277,35.852,2.422602661813218,,,,2.062255341706084,2538285000.0,0.0846980365837422,98096000.0,0.1391061312761994,1.6423772839015358,19.365385,1.7830185442510469,0.93522173,11.044,0.255,0.0,28620.0,,,"[646928000.0, 715363000.0, 507759000.0, 660676000.0, 654487000.0]","[19125000.0, 44226000.0, 9271000.0, 22383000.0, 22216000.0]","[0.21, 0.49, 0.1, 0.25, 0.25]","[0.10578456953478588, -0.2902079084325021, 0.30116058996492434, -0.009367677954095543]","[1.312470588235294, -0.7903721792610682, 1.4143026642217666, -0.007461019523745671]","[1.3333333333333335, -0.7959183673469388, 1.5, 0.0]","[0.3585197944336146, 0.40010769660448897, 0.445963621389366]","[1.8331663809049217, 1.7822687545398856, 1.6584732641328699]","[2.4114022397256605, 3.3291529497831425, 1.622106797885912, 2.5296092386195785, 2.3339732069923214]",-0.009424629736889956,-0.16548269708817287,-0.14475379070218608,,-0.08075079132445007,-0.4452777968512641,0.3502366034389406,0.29135131142027265,0.4444444444444444,0.5585364118436704,0.12581747266896248,-0.5891666677263048,7.0,0.0,12.0,7.0,8.0,6.0,0.0,0.0,0.0
YESBANK.NS,EQ,20.5,64347.5898368,40.0,speculative,False,True,,True,True,51.42857142857142,643475898368.0,20.5,1.19,0.5874010519681994,0.074650005,0.00863,0.30765,0.23185,0.0,,,,,,6.041736620624011,184369556000.0,0.2531053653707062,35117146000.0,0.6836409638970069,2.701013322636304,17.22689,0.2932730532619582,1.2324154,,0.539,0.0,79052698.0,,,"[46559800000.0, 44484400000.0, 41792800000.0, 41942500000.0, 40859000000.0]","[10718000000.0, 10821900000.0, 9565500000.0, 8086500000.0, 7445300000.0]","[0.34, 0.34, 0.3, 0.26, 0.24]","[-0.04457493374112431, -0.060506604562498345, 0.003581956700675626, -0.025832985635095618]","[0.009693972756111169, -0.11609791256618529, -0.15461815900893838, -0.07929264824089532]","[0.0, -0.11764705882352955, -0.1333333333333333, -0.07692307692307698]","[1.3065168163910754, 1.2793754327208444, 1.2712394055351859, 1.38045116116439, 1.4815778227017053]",[],[],-0.08969806468486485,-0.14369258384784867,0.07668062049734514,,-0.040788827980919096,-0.1954473952788479,0.18840579710144922,0.2494661965071256,0.4126984126984127,0.8998202361457693,191.1407594945536,-0.28214733636747014,0.0,0.0,20.0,3.0,5.0,12.0,0.0,0.0,0.0
AKG.NS,EQ,9.41,29.9017568,39.0,speculative,False,True,,True,True,26.666666666666668,299017568.0,9.41,0.12,-0.501885276413045,,0.0227176638134373,0.01272,0.00445,0.06389,10.82,1.6382722653115809,,,,12.048972188633616,845743000.0,-0.274138608416519,3308000.0,-0.4951657120566473,1.806260398405121,78.416664,,0.6094954,40.743,0.525,0.0,19056.0,50.69,13.089999999999996,"[207184000.0, 163943000.0, 181871000.0, 232316000.0, 285554000.0]","[885000.0, 693000.0, 1025000.0, 1120000.0, 777000.0]","[0.03, 0.02, 0.03, 0.04, 0.02]","[-0.20870820140551394, 0.1093550807292778, 0.27736692490831416, 0.2291620034780213]","[-0.2169491525423729, 0.479076479076479, 0.09268292682926838, -0.30625]","[-0.33333333333333326, 0.5, 0.3333333333333335, -0.5]","[0.1082016244357002, 0.15715714028938618, 0.20637468599686842, 0.2142133495631925]","[7.615593960068225, -2.115549477465709, -4.195728936119887, 3.0000825085749985]","[1.903971119133574, 1.5226683937823835, 1.8166472642607683, 1.6543488057683642, 1.5060352831940576]",0.002132143267095099,-0.1336406186137883,-0.10815942575414694,,-0.014580164852973976,-0.35792353838177493,0.11506515756101932,0.5438449199631977,0.47619047619047616,0.8085639906693852,0.024701247194023133,-0.424180320527064,13.0,10.0,2.0,6.0,5.0,9.0,-6.0,0.0,0.0
AROGRANITE.NS,EQ,22.34,34.1802016,39.0,speculative,False,True,,True,True,34.285714285714285,341802016.0,22.34,-12.62,0.2722260490329471,,0.0162262078348606,-0.24905,-0.28804,0.34986,87.15,0.2310669975186104,,,,-1.4156209012058387,735159000.0,-0.2345226552063942,-118175000.0,0.2686150572242045,-1.145369333243336,,,0.19650444,-25.751,0.482,0.0,3097.0,41.08,0.0,"[206242000.0, 115189000.0, 146912000.0, 202691000.0, 270366000.0]","[-74549000.0, -64073000.0, -29743000.0, -24917000.0, 558000.0]","[-4.83, -4.21, -1.92, -1.66, 0.0]","[-0.44148621522289344, 0.27539956072194394, 0.37967626878675675, 0.33388260948932125]","[-0.14052502380984322, -0.5357951087041344, -0.16225666543388362, -1.0223943492394751]","[-0.12836438923395443, -0.5439429928741093, -0.13541666666666663, -1.0]","[0.8715052066535243, 0.8085142479648297, 0.858963743003444]","[1.4673361894724968, 1.4012695029918492, 1.4563022728681811]","[-1.5607540702656384, -0.7853191013747625, 0.22797188012051378, 0.43594006087567316, 1.0285147604127742]",-0.06298891020903408,-0.09250397535413524,0.014260235615348948,,-0.06571127535181198,-0.4012101753767252,0.195378105802547,0.2938335411562218,0.4444444444444444,0.5790120970084791,0.011571484725923538,-0.4990791434804954,13.0,5.0,11.0,2.0,5.0,5.0,-2.0,0.0,0.0
CCHHL.NS,EQ,13.05,213.3214848,39.0,speculative,False,True,,True,True,24.761904761904763,2133214848.0,13.05,-1.07,,,-0.0385179203483684,0.02219,-0.16382,0.75206,7.896,-33.4137864452597,,,,1.4816236723167049,783152000.0,0.0686961655706375,-176341000.0,,,,,0.7154213,10.304,0.33,0.0,31523.0,73.8,0.0,"[153642000.0, 183260000.0, 158824000.0, 200810000.0, 240258000.0]","[4189000.0, -168406000.0, -13112000.0, 1339000.0, 2583000.0]","[0.03, -1.03, -0.08, 0.01, 0.02]","[0.19277280951823061, -0.13334060897086109, 0.26435551302070226, 0.196444400179274]","[-41.201957507758415, -0.9221405413108796, -1.1021201952410007, 0.9290515309932785]","[-35.333333333333336, -0.9223300970873787, -1.125, 1.0]","[0.07895770094423732, 0.0749893653399204, 0.10890116635972989]","[0.7386554980982093, 0.5760954825414359, 0.6339175404363472]","[-23.807539682539684, 2.3300117233294255, 2.3287302121926574]",-0.027667939790505303,-0.040561584747875856,0.052181405667044656,,0.0002106845002678437,-0.28488374156136886,0.16257091488014974,0.2614088649270522,0.47619047619047616,1.0763346162348526,0.033426789319820405,-0.3848837526506046,7.0,10.0,2.0,4.0,6.0,14.0,-4.0,0.0,0.0
KCPSUGIND.NS,BE,23.65,270.2782464,39.0,speculative,False,True,,True,True,39.04761904761905,2702782464.0,23.65,3.38,-0.4240701739601736,,0.042329630910841,0.021949999,0.13721,0.30708998,27.792,3.315901091294679,,,,-2.775137456427211,2598266000.0,-0.0350237306097335,111308000.0,-0.4237656401732206,12.099386124659462,6.997041,,0.5836624,73.848,0.062,0.42,193947.0,42.16,0.6099999999999994,"[780266000.0, 687968000.0, 645799000.0, 671992000.0, 593709000.0]","[462477000.0, -151960000.0, 67542000.0, 4202000.0, 191522000.0]","[4.08, -1.34, 0.6, 0.04, 1.69]","[-0.11829042916133725, -0.061295002093120665, 0.040559059397738295, -0.11649394635650423]","[-1.3285785022822756, -1.444472229534088, -0.9377868585472743, 44.57877201332699]","[-1.3284313725490196, -1.4477611940298507, -0.9333333333333333, 41.25]","[0.27792445537780147, 0.13030245241023763, 0.22058190588501794]","[2.740171214260294, 8.390243979691059, 3.0690948065716874]","[18.695126731120983, -6.1388199350773345, 10.066525123849965, 1.4564219050911067, 12.603898561695685]",-0.2467644619560042,0.09799486735893015,-0.01504716522316385,,0.05934745380578588,-0.31016526282776213,0.1101779457931551,0.6938305863243263,0.4444444444444444,0.3796309557140019,0.3354382303482247,-0.3180958231032358,7.0,7.0,2.0,9.0,8.0,10.0,-4.0,0.0,0.0
MADHAVIPL.NS,EQ,7.18,193.5595648,39.0,speculative,False,True,,True,True,44.761904761904766,1935595648.0,7.18,0.96,-0.0726654504783055,,0.1391179574770687,0.14011,0.05207,0.18615,68.69,3.576699717226067,,,,1.1768709716249193,5021304000.0,-0.0069180115250294,274149000.0,-0.0685191015997463,9.904450339789587,7.4791665,,0.8067416,4.177,0.631,0.0,72959.0,68.81,0.0,"[883659000.0, 2540648000.0, 537015000.0, 1068203000.0, 875437000.0]","[62571000.0, 115768000.0, -41866000.0, 125416000.0, 74831000.0]","[0.23, 0.43, -0.16, 0.46, 0.28]","[1.8751452766282015, -0.788630695790995, 0.9891492788842025, -0.1804582087861577]","[0.8501861884898756, -1.361637067237924, -3.9956527970190607, -0.40333769216048987]","[0.8695652173913042, -1.372093023255814, -3.875, -0.3913043478260869]","[0.6896559639536767, 0.81460302910571, 0.7516408905845842]","[1.6078451035322583, 1.8544516990013278, 1.4047385902142553]","[2.4711808685508245, 6.24284081528986, 0.46978718472481784, 2.8228105637245187, 2.1625615125615125]",-0.08849555281523214,,,,,,,0.4041006784604547,0.4,,0.07183239026914358,,7.0,10.0,2.0,9.0,10.0,1.0,0.0,0.0,0.0
SHAH.NS,EQ,2.96,303.8067712,39.0,speculative,False,True,,True,True,39.04761904761905,3038067712.0,2.96,0.15,0.0428276396293383,,0.0323274736599544,0.0849,0.055549998,0.16525999,77.528,7.218118069145467,,,,-4.75773055722631,2079828000.0,0.7343185814441131,121369000.0,0.943307806802666,1.2846029375255,19.733334,4.607616523064704,0.892911,123.068,0.63,0.0,971688.0,,,"[572019000.0, 622812000.0, 500397000.0, 667725000.0, 288995000.0]","[35228000.0, 82850000.0, 6875000.0, 20694000.0, 24944000.0]","[0.04, 0.089389, 0.009932, 0.009932, 0.04]","[0.08879600153141776, -0.1965520895551145, 0.3343904939478055, -0.5671945786064623]","[1.3518224139888724, -0.9170187085093543, 2.0100363636363636, 0.20537353822363968]","[1.234725, -0.8888901318954234, 0.0, 3.0273862263391065]","[0.7833925968837814, 0.20896787678284695, 0.10731148403324253]","[20.585136772372092, 2.807553775566817, 10.038004206212252]","[18.315108976727004, 10.334095908490982, 1.926091713916244, 3.87017099430019, 611.0217391304348]",-0.14739883954925936,-0.35589517536571746,-0.4040403714436376,,-0.21794899374940457,-0.4896193874391692,0.0,0.8960095136620622,0.3333333333333333,0.20610291819321644,0.4537319180782795,-0.4896193874391692,7.0,0.0,17.0,8.0,7.0,4.0,-4.0,0.0,0.0
ASMS.NS,EQ,5.9,179.7002752,38.0,speculative,False,True,,True,True,31.428571428571427,1797002752.0,5.9,0.21,-0.6255892208093325,,0.1304053480275138,0.052610002,0.0653,0.097200006,25.615,70.69437340153452,,,,0.2317607413647851,1039578000.0,0.2547269139461692,59350000.0,-0.6223866000098227,-2.4433484093532027,28.09524,,5.139373,24.718,0.302,0.0,248108.0,65.82,-1.6800000000000068,"[119683000.0, 343876000.0, 483404000.0, 123967000.0, 88331000.0]","[9244000.0, 20843000.0, 24450000.0, 10043000.0, 4471000.0]","[0.03, 0.07, 0.08, 0.03, 0.01]","[1.8732234318992673, 0.40575091021182064, -0.7435540458912214, -0.2874635991836537]","[1.2547598442232801, 0.17305570215420052, -0.5892433537832311, -0.5548142985163795]","[1.3333333333333335, 0.1428571428571428, -0.625, -0.6666666666666666]","[0.2561520860033826, 0.005624732656793633, 0.006495644201531344]","[1.0664740560520283, 0.8198151709902894, 1.255177325167355]","[3.358862144420131, 40.50451807228916, 706.8157894736842, 258.5128205128205, -195.29268292682926]",-0.17118405804869807,-0.1782178498286725,-0.28360046994626376,,-0.09222126921592533,-0.6050305963485619,0.0,0.22263980866397834,0.38095238095238093,0.37948844086862205,0.13711927673300506,-0.6050305963485619,7.0,10.0,7.0,9.0,0.0,5.0,0.0,0.0,0.0
BALAJEE.NS,EQ,23.6,192.5072,38.0,speculative,False,True,,True,True,30.47619047619048,1925072000.0,23.6,1.14,-0.1227019675802332,,0.0981079741587797,0.06283,0.01574,0.33675998,66.475,1.9080282892587244,,,,-0.6098633122928114,5594554000.0,0.064842565306403,110105000.0,-0.1227435510642297,-1.8929471788203456,20.701756,,0.6302914,12.995,1.156,0.0,31377.0,65.42,0.0,"[1395562000.0, 1295561000.0, 1709436000.0, 1426455000.0, 1275107000.0]","[33489000.0, 36638000.0, 1228000.0, 20857000.0, 51382000.0]","[0.41, 0.45, 0.02, 0.26, 0.63]","[-0.07165643661836596, 0.3194562046866183, -0.16554056425628105, -0.10610078831789294]","[0.0940308758099675, -0.9664828866204487, 15.984527687296417, 1.463537421489188]","[0.09756097560975618, -0.9555555555555556, 12.0, 1.423076923076923]","[0.7605197235582842, 0.7222885631747806, 0.6897577762113407]","[2.003271899923281, 2.0556509637817677, 2.0652545888099665]","[1.979454714929315, 2.0078610268211716, 1.193091151414729, 1.5469022853238175, 2.5066123925825416]",-0.07617563619677792,-0.17004186577060354,-0.15137449969551198,,-0.0913808932356377,-0.5601406355466247,0.11701126366414027,0.1780426490839231,0.4126984126984127,0.8931624883109944,0.08004220738116265,-0.6062176105453929,7.0,10.0,2.0,5.0,8.0,6.0,0.0,0.0,0.0
COMPUSOFT.NS,EQ,12.79,101.2011072,38.0,speculative,False,True,,True,True,29.52380952380953,1012011072.0,12.79,0.37,-0.1701734666337565,,0.0405020716982587,-0.06102,0.08683,0.50839,34.173,2.626620503943066,,,,3.5491552527289163,341401000.0,-0.1450044091246229,28766000.0,-0.1691461559967362,1.1664897434350758,34.567566,,0.6980298,91.379,0.603,1.94,17448.0,71.6,0.1099999999999994,"[80657000.0, 79305000.0, 89573000.0, 84729000.0, 87794000.0]","[13664000.0, 10861000.0, -2371000.0, 6872000.0, 13405000.0]","[0.17, 0.14, -0.03, 0.09, 0.17]","[-0.016762339288592387, 0.12947481243301184, -0.0540787960657787, 0.03617415524790801]","[-0.20513758782201408, -1.2183040235705735, -3.898355124420076, 0.9506693830034925]","[-0.17647058823529405, -1.2142857142857142, -4.0, 0.8888888888888891]","[0.3417332894340653, 0.32820762623533867, 0.21070518508609076]","[2.2621726420250003, 2.202110157609148, 3.996184684737565]","[3.2451620562744865, 2.5554740701938186, 0.8169738534076296, 2.9811659192825113, 4.4086629001883235]",-0.01975685652708914,-0.02710857346710749,-0.01985352688114539,,0.001904351192466125,-0.31364155815898886,0.08001340093202902,0.3034757118187321,0.4126984126984127,1.1878400622230891,0.04498164662524223,-0.364490809791158,7.0,10.0,1.0,6.0,5.0,13.0,-4.0,0.0,0.0
COUNCODOS.NS,BE,6.39,49.584672,38.0,speculative,False,True,,True,True,27.61904761904762,495846720.0,6.39,0.08,-0.0716822332774442,,0.0344831612418608,0.05094,0.03403,0.71575,,76.37931034482759,,,,0.8303315940077428,174835000.0,-0.0606785843083876,5941000.0,-0.0963063637830448,1.5871557466401245,79.875,,2.2280333,48.015,0.628,0.0,58561.0,53.86,0.0,"[41048000.0, 36759000.0, 44289000.0, 58347000.0, 35440000.0]","[1581000.0, 1792000.0, 703000.0, 2064000.0, 1382000.0]","[0.02, 0.02, 0.01, 0.03, 0.02]","[-0.10448742935100375, 0.20484779237737705, 0.31741515952042265, -0.39259944812929537]","[0.13345983554712215, -0.6077008928571428, 1.9359886201991463, -0.3304263565891473]","[0.0, -0.5, 2.0, -0.33333333333333326]","[0.0, 0.0004598297450892541, 0.0018287144018231366]","[2.3006104132985117, 2.5790117245463984, 3.019220263223243]","[992.0, 589.2, 226.5]",-0.03072200907382261,0.23242189137090508,0.4640371291304912,,0.08880644625796297,-0.14266306680533813,0.6015228048577845,0.5913224387691334,0.4444444444444444,0.44715056465336656,0.030167985292799473,-0.4339080408583672,13.0,8.0,2.0,6.0,3.0,12.0,-6.0,0.0,0.0
HILTON.NS,EQ,16.19,83.324352,38.0,speculative,False,True,,True,True,39.04761904761905,833243520.0,16.19,1.59,-0.1705000678473373,,0.0635487619536954,0.059770003,0.01909,0.11068,37.021,1.5355930728396137,,,,-7.787934186471664,2303741000.0,0.3009219931319082,34461000.0,-0.1621797918790496,-0.5389429672159542,10.18239,,0.37678325,9.813,-1.482,0.0,94602.0,18.56,4.849999999999998,"[589562000.0, 508400000.0, 698436000.0, 876401000.0, 220505000.0]","[18055000.0, 1406000.0, 14161000.0, 17413000.0, 1481000.0]","[0.35, 0.04, 0.580216, 0.622706, 0.06]","[-0.1376649105607214, 0.37379228953579857, 0.2548050215051916, -0.7483971378398702]","[-0.9221268346718361, 9.071834992887624, 0.22964479909610902, -0.9149486016194797]","[-0.8857142857142857, 13.505399999999998, 0.0732313483254512, -0.9036463435393267]","[0.37020663518154484, 0.5740511398408488, 0.5277539159990415]","[2.6389882756426224, 1.8943126300135722, 1.7761374053698322]","[2.294318181818182, 1.255656889327089, 1.7342320654790564, 2.116064970079569, 1.0657803541049713]",-0.13190343886272515,-0.30275620099840916,-0.2600547918169859,,-0.1699937348323607,-0.6572093861745775,0.12586929104395694,0.30446532410112187,0.3333333333333333,0.7595395134865504,0.19709672425752642,-0.6955324951553021,10.0,2.0,7.0,6.0,10.0,3.0,0.0,0.0,0.0
IVC.NS,EQ,7.86,246.8297472,38.0,speculative,False,True,,True,True,32.38095238095238,2468297472.0,7.86,0.15,-0.3190228338741785,,0.0346523201175558,0.03838,0.07374,0.86513,,,,,,5.544245153609235,549080000.0,-0.0519878722223586,38637000.0,-0.3141859737372857,6.043447448540936,52.399998,,1.3052143,10.423,0.162,15.25,205140.0,50.42,0.0,"[81718000.0, 71661000.0, 57974000.0, 75759000.0]","[19424000.0, 26832000.0, 8813000.0, 122782000.0]","[0.06, 0.09, 0.03]","[-0.12306958075332242, -0.1909964973974686, 0.3067754510642702]","[0.3813838550247117, -0.6715488968395945, 12.931918756382617]","[0.5, -0.6666666666666667]",[],[19.09484752891693],[],-0.17071466542861136,0.049883403086651956,0.21960704391168417,,0.03165327280382613,-0.17071466542861136,0.36619450859635627,0.33953889165136514,0.5396825396825397,1.2628983295476532,0.32056040531535623,-0.29381927754649617,7.0,8.0,2.0,2.0,4.0,19.0,-4.0,0.0,0.0
KANANIIND.NS,EQ,1.3,25.7228384,38.0,speculative,False,True,,True,True,37.142857142857146,257228384.0,1.3,0.12,-0.160848792521842,,0.037875470456074,-0.00048000002,0.0146,0.01951,0.692,2406.090909090909,,,,0.0719748437439341,1737935000.0,-0.137106841741883,25759000.0,0.0583348345128125,-0.4254699019516,10.833333,,0.34183538,23.064,0.345,0.0,113059.0,33.79,0.0,"[642885000.0, 129112000.0, 284702000.0, 487175000.0, 836946000.0]","[-385000.0, 5474000.0, 3887000.0, 13565000.0, 2832000.0]","[-0.002, 0.03, 0.02, 0.07, 0.01]","[-0.7991678138391781, 1.205077761943119, 0.7111751937113191, 0.717957612767486]","[-15.218181818181819, -0.2899159663865546, 2.4898379212760484, -0.7912274235164025]","[-16.0, -0.33333333333333326, 2.5000000000000004, -0.8571428571428572]","[0.006916516208423452, 0.004848143864180148, 0.0007556107956735885]","[3.0273329901075345, 3.3559057888163797, 3.305854011425069]","[-153.5, 4526.0, 4209.0, 2116.5714285714284, 1458.0]",-0.14473686274399078,-0.14473686274399078,-0.14473686274399078,,-0.06737825276654563,-0.34343437384177344,0.22641511555879235,0.29065936936222614,0.3333333333333333,0.8938312558398053,0.01824894208905518,-0.4646464987027862,13.0,2.0,2.0,8.0,8.0,7.0,-2.0,0.0,0.0
PRISMX.NS,EQ,0.5,21.9549696,38.0,speculative,False,True,,True,True,56.19047619047619,219549696.0,0.5,0.11,0.1586755482954833,,0.0470230257351066,-0.13943,0.85439,0.33658,0.098,202.02808988764045,,,,-0.8627550769129743,94701000.0,-0.0114435495141174,60913000.0,0.1382450952605831,-12.080613195235983,4.5454545,0.2864621895955588,0.28735632,-6.399,0.0,0.0,228927.0,,,"[2323900.0, 3718500.0, 2657200.0, 49820700.0, 55998600.0]","[3610400.0, 21956700.0, 14512100.0, 9546000.0, 14546800.0]","[0.008, 0.05, 0.033, 0.022, 0.033]","[0.6001118808898833, -0.2854107839182466, 17.749322595213005, 0.12400267358748462]","[5.081514513627299, -0.3390582373489641, -0.34220409175791233, 0.5238633982820029]","[5.25, -0.33999999999999997, -0.33333333333333337, 0.5000000000000002]","[0.0009777422922624852, 0.007202619394563967, 0.10281383949124875]","[1229.0, 32.82430165560499, 4.959318026258478]","[1217.75, -70.56644618159952, 2572.549019607843, 449.66821345707655]",-0.09259261098908711,,,,,,,0.40391193997637764,0.3142857142857143,,0.010969217041861413,,15.0,0.0,8.0,8.0,8.0,1.0,-2.0,0.0,0.0
RNBDENIMS.NS,BE,8.69,248.176,38.0,speculative,False,True,,True,True,43.80952380952381,2481760000.0,8.69,0.79,-0.0398477377402416,,0.1454463277331588,0.03795,0.02717,0.22787,29.348,5.595965417867435,,,,0.5282041906738929,4572817000.0,0.2174358958004634,169567000.0,0.0440803016323998,0.2027278038436278,10.999999,,1.1721067,8.822,0.143,0.0,106218.0,,,"[1168939000.0, 1349972000.0, 1111438000.0, 1092688000.0, 1018718000.0]","[43795000.0, 11177000.0, 82887000.0, 71304000.0, 82251000.0]","[0.17, 0.043333, 0.31, 0.263333, 0.31]","[0.15486950131700628, -0.17669551664775274, -0.016870036835163083, -0.0676954446282928]","[-0.744788217833086, 6.415853985863827, -0.13974447138875823, 0.15352574890609216]","[-0.7451, 6.15390118385526, -0.15053870967741945, 0.17721668002111413]","[0.36974744564867057, 0.4478417312366262, 0.5150342057900343]","[2.6243153110076807, 1.8598769273468043, 1.6771044297171898]","[4.554528868224354, 1.7591499409681228, 7.381264525356057, 6.044817320703654, 6.522129476851402]",-0.17159201430020576,-0.14720314639537768,-0.5497409365853003,,-0.07163460611343164,-0.8691330863785611,0.12419140477891988,0.4153161941282522,0.3968253968253968,0.26022443815545354,0.11652299243819236,-0.8835901848518628,7.0,0.0,9.0,9.0,8.0,5.0,0.0,0.0,0.0
RUDRA.NS,EQ,19.28,193.4628992,38.0,speculative,False,True,,True,True,40.0,1934628992.0,19.28,1.32,-0.0078982641492784,,0.1904327394397328,0.055949997,0.0209,0.08321,97.147,2.6406246163667166,,,,2.3888202434242167,6223949000.0,0.1158888026411542,135155000.0,-0.0088361263417235,-0.0762465927712133,14.606061,,1.4503875,9.325,0.175,0.0,84590.0,,,"[1595633000.0, 1782639000.0, 1585858000.0, 1364371000.0, 1495423000.0]","[36220000.0, 10436000.0, 73756000.0, 11863000.0, 39136000.0]","[0.36, 0.1, 0.74, 0.118224, 0.39]","[0.1171986290080489, -0.11038746487651174, -0.13966382866561822, 0.09605305301857037]","[-0.7118718939812259, 6.067458796473745, -0.8391588480937144, 2.298996881058754]","[-0.7222222222222222, 6.3999999999999995, -0.8402378378378379, 2.29882257409663]","[0.9741740802228356, 1.7513421609484296, 0.9611911013648037]","[1.3235385641253612, 1.2811770367080102, 1.3405955977557187]","[2.1534525631216526, 2.5208624301675977, 3.7148160369575978, 1.2719337232661914, 1.9639414094611762]",-0.03293421779483863,0.1287128173938641,0.09121615489904533,,0.030816048175324573,-0.29450310720084183,0.30945938587885435,0.522113531488047,0.4126984126984127,0.4254047650137392,0.13153647509313585,-0.46123041278927635,7.0,0.0,5.0,6.0,8.0,12.0,0.0,0.0,0.0
TPHQ.NS,BE,0.47,51.5223232,38.0,speculative,False,True,,True,True,39.04761904761905,515223232.0,0.47,0.06,-1.0,,0.0035986784315393,0.25058,0.04972,0.030669998,1.018,6.526595744680851,,,,-377.6629554655871,1123463000.0,-0.4886790988577086,988000.0,-0.6751689613664738,1.381620296314466,7.8333335,,0.35905272,14.292,0.227,0.0,929323.0,,,"[336823000.0, 151879000.0, 178517000.0, 282731000.0, 158155000.0]","[64669000.0, -62378000.0, 51165000.0, 7109000.0, 1251000.0]","[0.06, -0.06, 0.05, 0.01, 0.0]","[-0.5490836433378956, 0.17538961936804953, 0.5837763350269163, -0.4406166992653795]","[-1.9645734432262754, -1.8202411106479848, -0.8610573634320337, -0.8240258826839217]","[-2.0, -1.8333333333333335, -0.8, -1.0]","[0.01018160551678738, 0.0]","[7.203999038072391, 5.6198607381156735]","[947.5760869565217, -156.5361216730038, 839.3975903614457]",-0.15094337288532833,0.0,-0.1346153757981291,,0.028814929581889137,-0.4705882641683392,0.12499995343387194,0.7388704593289421,0.23809523809523808,0.4938182216696551,0.04973804574034452,-0.5294117708932156,10.0,0.0,2.0,10.0,9.0,9.0,-2.0,0.0,0.0
ACCURACY.NS,EQ,4.12,62.03072,37.0,speculative,False,True,,True,True,35.23809523809524,620307200.0,4.12,0.26,-0.2210010251313403,,0.1031716995469,0.02614,0.00614,0.07595,124.622,1.350475208133795,,,,6.302231237322515,6705750000.0,-0.0856906886627683,39440000.0,-0.2171005728793412,2.533537497098785,15.846154,,0.4844779,6.837,0.323,0.0,64008.0,63.69,0.0,"[1408050000.0, 1608490000.0, 1575360000.0, 1905010000.0, 1616890000.0]","[3430000.0, 20770000.0, 6860000.0, 5970000.0, 4090000.0]","[0.03, 0.14, 0.05, 0.04, 0.03]","[0.14235289939987927, -0.0205969573948237, 0.2092537578712168, -0.15124330056010205]","[5.055393586005831, -0.6697159364467983, -0.1297376093294461, -0.3149078726968174]","[3.666666666666667, -0.6428571428571428, -0.20000000000000007, -0.25]","[1.260969625044103, 1.0791493903690628, 1.1223455778257954]","[1.584770791130391, 1.4209293653545472, 1.3685571827351488]","[1.1257094211123724, 1.4454483849107749, 1.341164791528789, 1.3422053231939164, 1.2037037037037037]",-0.04849885493005579,-0.2196970223778405,-0.1574642130777616,,-0.1275820052506763,-0.4002911274832146,0.18731984195665374,0.2781459702254939,0.38095238095238093,0.7323008715607529,0.02697040853299618,-0.4949053731566634,10.0,8.0,2.0,4.0,9.0,4.0,0.0,0.0,0.0
AKASH.NS,EQ,24.39,41.1277184,37.0,speculative,False,True,,True,True,21.904761904761905,411277184.0,24.39,0.38,-0.2223284115792273,,0.0517660507605238,0.029760001,0.0068800002,0.26543,108.169,1.216893359780863,,,,-2.3640567200986435,817602000.0,0.0979036066373923,6488000.0,-0.2223281499006453,-2.270888249542089,64.18421,,0.4868749,18.973,0.613,0.0,4068.0,74.59,0.0,"[391372000.0, 376006000.0, 108849000.0, 120620000.0, 212126000.0]","[2113000.0, 6468000.0, 9145000.0, -10873000.0, 1747000.0]","[0.11, 0.38, 0.54, -0.65, 0.1]","[-0.03926187872407838, -0.7105125982032201, 0.10814063519187123, 0.7586304095506549]","[2.061050638902035, 0.4138837353123068, -2.1889557135046473, -1.1606732272601858]","[2.4545454545454546, 0.42105263157894735, -2.2037037037037037, -1.1538461538461537]","[1.0827264133904717, 1.0298270717822906, 1.018478710210831]","[1.727148145807486, 1.7685555210855481, 1.7708887596938137]","[1.3790835808230801, 1.2612002327321088, 2.022544814692621, 0.17053546656802, 1.257876781055589]",-0.04826779857300034,-0.09944747305808543,-0.04826779857300034,,-0.051545202958346525,-0.28278085498678507,0.057525946169046716,0.2549077120648693,0.3968253968253968,0.5481243580284421,0.009390781094751359,-0.3217952262907726,13.0,10.0,2.0,4.0,5.0,5.0,-2.0,0.0,0.0
DGCONTENT.NS,EQ,23.52,136.6130304,37.0,speculative,False,True,,True,True,27.61904761904762,1366130304.0,23.52,0.13,,,0.1123041013671223,-8.0000005e-05,0.00241,0.54382,265.556,1.42832909245123,,,,46.01234567901235,4876700000.0,0.1176905660198752,8100000.0,,,180.92308,,3.8212833,4.899,0.06,0.0,41168.0,66.81,0.0,"[1233000000.0, 1183500000.0, 1281400000.0, 1317900000.0, 1104500000.0]","[-19300000.0, 9000000.0, -72800000.0, 95200000.0, -23300000.0]","[-0.33, 0.15, -1.25, 1.64, -0.4]","[-0.04014598540145986, 0.08272074355724546, 0.02848447011081623, -0.16192427346536153]","[-1.466321243523316, -9.088888888888889, -2.3076923076923075, -1.2447478991596639]","[-1.4545454545454546, -9.333333333333334, -2.312, -1.2439024390243902]","[2.6562838569880824, 2.755277560594214, 4.061836809366996]","[1.4970316301703164, 1.407458427629637, 1.5201905626134302]","[0.24390243902439024, 1.6470588235294117, -2.364341085271318, 5.709342560553633, 0.2876712328767123]",-0.03543783946727863,-0.08993082672639607,-0.13608170605621117,,-0.04256826862634877,-0.38042910651848105,0.07832428471817621,0.40086548741163547,0.4126984126984127,1.0184867939531068,0.05808274879958152,-0.425431753451193,7.0,10.0,5.0,2.0,3.0,12.0,-2.0,0.0,0.0
GLOBALE.NS,EQ,12.01,12.7549504,37.0,speculative,False,True,,True,True,21.904761904761905,127549504.0,12.01,-1.09,0.010738698048734,,-0.0892068539127362,0.00826,-0.04573,0.24273,107.499,-0.980358570286628,,,,-1.1605802901450726,144424000.0,-0.4025924463828997,-13993000.0,0.0279857266825585,-0.0695137897742415,,,1.330453,,0.89,0.0,7074.0,65.43,0.0,"[112197000.0, 80576000.0, 25936000.0, 27496000.0, 10417000.0]","[-1233000.0, -4074000.0, -3720000.0, -2582000.0, -3617000.0]","[-0.12, -0.38, -0.35, -0.24, -0.34]","[-0.28183463015945165, -0.6781175536139794, 0.060148056755089385, -0.621144893802735]","[2.3041362530413627, -0.08689248895434465, -0.30591397849462365, 0.4008520526723469]","[2.166666666666667, -0.07894736842105265, -0.3142857142857143, 0.41666666666666674]","[1.0749853971962617, 1.0730872010573334, 0.9284838020809669]","[1.5721452707059764, 1.6364190604671072, 1.8458173384516954]","[0.36282843894899536, -1.7756676557863502, -0.5804195804195804, -0.21345146999597261, -0.8556701030927835]",0.0114035191921944,0.05489473111096688,0.07857812774186956,,-0.05139879120805979,-0.18802817691249818,0.14384918851586903,0.42781511907094155,0.5079365079365079,0.8155749459669958,0.006236861810884476,-0.2746478641489575,15.0,10.0,3.0,2.0,3.0,8.0,-4.0,0.0,0.0
NILAINFRA.NS,EQ,6.59,259.572992,37.0,speculative,False,True,,True,True,48.57142857142857,2595729920.0,6.59,0.63,,,0.1939798504844678,0.09528,0.082200006,0.14743,12.646,18.942407228704276,,,,-1.0995096228991506,3216120000.0,0.4136866658490317,232882000.0,,,10.460318,,1.3856182,9.113,0.761,0.0,182390.0,,,"[742043000.0, 810391000.0, 750349000.0, 740359000.0, 925967000.0]","[84409000.0, 58495000.0, 46473000.0, 60777000.0, 67137000.0]","[0.21, 0.15, 0.12, 0.15, 0.17]","[0.0921078697595692, -0.07409016141590907, -0.013313804642906213, 0.25069999824409517]","[-0.3070051771730503, -0.20552183947345926, 0.3077916209411917, 0.10464484920282335]","[-0.2857142857142857, -0.19999999999999996, 0.25, 0.13333333333333353]","[0.12646228759296854, 0.1364072143835713, 0.15901088689395296]","[1.1037854546804196, 1.0717707987258938, 1.0684778142576101]","[14.539186183435824, 7.856163918854739, 9.782862139317983, 13.042284020971051, 12.831413169855194]",-0.03576754792710857,-0.11248287735970619,-0.19826517535790555,,-0.08514331546810516,-0.39077214125120097,0.08739495757912241,0.23000170239811352,0.30158730158730157,0.7629986104022893,0.11266145986674547,-0.4397363584385855,7.0,0.0,7.0,9.0,8.0,6.0,0.0,0.0,0.0
ODYCORP.NS,EQ,6.64,59.4269952,37.0,speculative,False,True,,True,True,48.57142857142857,594269952.0,6.64,1.67,0.4802208160973933,,0.0637471425164079,0.39265,0.092480004,0.28695,3.861,31.4224570673712,,,,-3.5145970917749536,667695000.0,-0.049834614825841,98273000.0,0.89567010856477,-17.97285103326077,3.976048,0.0827962442842881,,1.987,0.623,0.73,9282.0,,,"[132055000.0, 214620000.0, 78853000.0, 121935000.0, 78365000.0]","[31323000.0, 25435000.0, 7450000.0, 4289000.0, 5692000.0]","[0.75, 0.59, 0.26, 0.15, 0.2]","[0.6252319109461966, -0.6325924890504147, 0.5463584137572446, -0.35732152376266046]","[-0.18797688599431728, -0.7070965205425594, -0.4242953020134228, 0.32711587782699936]","[-0.21333333333333337, -0.559322033898305, -0.42307692307692313, 0.3333333333333335]","[0.03861078284530527, 0.06090707554112835, 0.04348214481151526]","[18.57490423173997, 8.753165337815956, 13.034920354874483]","[89.13399778516057, 15.891264185801003, 11395.0, 2498.8333333333335, 210.51]",-0.048318035975807416,,,,,,,0.6106388552620302,0.45714285714285713,,0.02671914042251587,,10.0,0.0,11.0,10.0,5.0,1.0,0.0,0.0,0.0
PRUDMOULI.NS,EQ,14.72,47.474944,37.0,speculative,False,True,,True,True,29.52380952380953,474749440.0,14.72,1.9,0.1580022909978817,,0.0766293806528893,0.0,0.0,0.0,,3.227292797880544,,,,2.093314903772057,913030460.0,0.0420217287468227,61640100.0,0.0922261003673399,2.1947240896012183,7.747369,0.4903327003090015,,,,0.0,8736.0,,,"[167866000.0, 103920000.0, 666631000.0, 90384000.0, 52095000.0]","[15078000.0, 15027000.0, 17728000.0, 14878000.0, 14007000.0]","[0.47, 0.47, 0.55, 0.46, 0.43]","[-0.3809347932279318, 5.414847959969207, -0.8644167462959268, -0.42362586298459903]","[-0.003382411460405854, 0.1797431290344047, -0.16076263537906132, -0.058542814894475104]","[0.0, 0.17021276595744705, -0.1636363636363637, -0.0652173913043479]","[0.39089125574548056, 0.4104000709475145, 0.4312379671747967]","[5.212195454700486, 4.170416984752512, 4.896342651462324]","[3.3980437284234752, 3.291893695096186, 3.7656519241815047, 3.113287007791114, 2.8214008537058595]",-0.17654026601865025,-0.060175817824089206,0.01980920776393047,,-0.021964010944972245,-0.5077903777907891,0.23445820035392662,0.4093244922353677,0.4603174603174603,0.8515090142198651,0.0144550393568182,-0.6012747761989095,13.0,0.0,9.0,4.0,3.0,8.0,0.0,0.0,0.0
RADAAN.NS,EQ,2.89,15.6526864,37.0,speculative,False,True,,True,True,34.285714285714285,156526864.0,2.89,-0.68,0.4212684133601339,,,-0.01669,-0.56439996,-0.23313999,,-1.8865039870495832,,,,0.7312794626840766,54042000.0,-0.2425098157052305,-47942000.0,0.4158039571366905,-1.7145860918145188,,,-0.99381024,-9.389,0.899,0.0,58496.0,,,"[15039000.0, 16536000.0, 15707000.0, 18944000.0, 2855000.0]","[-4374000.0, -7808000.0, -9937000.0, -15259000.0, -14938000.0]","[-0.08, -0.14, -0.18, -0.28, -0.28]","[0.09954119289846397, -0.05013304305757138, 0.20608645826701477, -0.849292652027027]","[0.7850937357110197, 0.27266905737704916, 0.5355741169367012, -0.0210367651877581]","[0.7500000000000002, 0.2857142857142856, 0.5555555555555558, 0.0]","[-0.9034829735678745, -0.9266622823716728, -2.5698339184563257]","[0.2070426479949077, 0.19944469669688478, 0.13585255155708473]","[-0.017277125086385625, -0.8973925639787542, -2.1121844811467745, -2.6653100311228153, -1.6704079814715838]",-0.06000002225240075,-0.04406783469138975,-0.06930694393724757,,-0.02738542879146788,-0.26943004925320324,0.1279999732971191,0.45421176185739,0.36507936507936506,1.710487724931709,0.020123143982765674,-0.35233158861577196,15.0,0.0,11.0,0.0,0.0,16.0,-5.0,0.0,0.0
SIL.NS,EQ,15.54,99.9671744,37.0,speculative,False,True,,True,True,40.95238095238095,999671744.0,15.54,9.63,,,-0.1509304519337964,0.44443,0.28607,0.49741,3.137,-22.033778197708752,,,,-2.186394006676341,340559000.0,0.1750467529669901,-195017000.0,,,1.6137072,,0.8687874,0.997,0.104,3.16,45435.0,,,"[1925728000.0, 97227000.0, 77306000.0, 63828000.0, 104949000.0]","[803894000.0, -72108000.0, -46189000.0, -66521000.0, -10199000.0]","[12.5, -1.12, -0.72, -1.03, -0.16]","[-0.9495115613419964, -0.20489164532485837, -0.1743461050888676, 0.6442470389170898]","[-1.0896983930717234, -0.359446940700061, 0.4401913875598087, -0.8466799957908029]","[-1.0896, -0.3571428571428572, 0.4305555555555556, -0.8446601941747574]","[0.031371069925730743, 0.018467461131453693, 0.10564971940586368]","[1.957075094070658, 2.6864423809120908, 7.287021541454728]","[132.50993377483445, -4.9098582315823975, -4.798267637459202, -7.545863309352518, -0.5431986684823725]",-0.17527384680776803,-0.0018192217206427497,0.1362269928075226,,-0.012788867928846814,-0.24390241343911834,0.3576949044715354,0.5178812723754311,0.42857142857142855,0.9426948831734404,0.09917110175160884,-0.364550244559637,10.0,0.0,5.0,6.0,10.0,10.0,-4.0,0.0,0.0
STLSTRINF.NS,BE,22.0,19.0146,37.0,speculative,False,True,,True,True,36.19047619047619,190146000.0,22.0,-15.43,0.3617747259812955,,-0.051308078833987,0.98516,0.0,0.0,23.621,-17261.5,,,,0.0274873280231716,13603000.0,0.0691693769524348,-34525000.0,0.3620256235775274,5.23390031149881,,,0.2838673,-2.593,-0.013,0.0,5494.0,,,"[22210000.0, 3379000.0, 3321000.0, 2987000.0, 3916000.0]","[233737000.0, -87630000.0, -108827000.0, -170619000.0, 332551000.0]","[27.04, -10.14, -12.59, -19.74, 38.48]","[-0.8478613237280505, -0.017164841669132902, -0.1005721168322794, 0.31101439571476397]","[-1.3749085510638026, 0.2418920461029328, 0.5678002701535465, -2.949085389083279]","[-1.375, 0.2416173570019724, 0.5679110405083398, -2.949341438703141]","[0.0, 0.0, 0.0]","[0.6638086898454677, 0.6690807547948563, 0.6927542857142858]","[21249.81818181818, -108826.0, -170618.0]",0.1536444862120796,,,,,,,0.9321907577369527,0.45714285714285713,,0.04147912652666092,,15.0,0.0,15.0,5.0,5.0,1.0,-4.0,0.0,0.0
ARCHIES.NS,EQ,12.02,40.6035616,36.0,speculative,False,True,,True,True,19.047619047619047,406035616.0,12.02,-1.76,,,-0.0086628042307015,-0.17459999,-0.120629996,0.64542,34.565,-0.3368842279563958,,,,-0.8544333255759833,555096000.0,-0.1261563862567136,-42970000.0,,,,,0.32546303,142.129,0.833,0.0,17993.0,61.03,-0.4399999999999977,"[78543000.0, 100632000.0, 135233000.0, 181306000.0, 135216000.0]","[-13825000.0, -42703000.0, -746000.0, -2521000.0, 3001000.0]","[-0.41, -1.26, -0.02, -0.07, 0.09]","[0.2812344830220388, 0.34383695047301055, 0.3406934697891786, -0.2542111127044886]","[2.0888245931283906, -0.9825305013699271, 2.3793565683646114, -2.1904006346687823]","[2.073170731707317, -0.9841269841269842, 2.5000000000000004, -2.2857142857142856]","[0.34565169108447674, 0.33451309908420396, 0.36988214042692413]","[1.6611169638063834, 1.688656704582684, 1.6470538284520604]","[-1.1930255951715658, -4.784266103484688, 1.1053602541764886, 1.3254857612830266, 1.2092455043002346]",-0.06754657436560485,-0.12143378479498512,-0.11168640368016702,,-0.09158282028733489,-0.4217621586814849,0.08393504617143654,0.2769606179795546,0.3968253968253968,1.4766035372928012,0.03269320619890213,-0.4665382917907239,13.0,8.0,0.0,3.0,5.0,13.0,-6.0,0.0,0.0
ASIANTNE.NS,EQ,8.81,21.9737264,36.0,speculative,False,True,,True,True,29.52380952380953,219737264.0,8.81,0.13,-0.3132112659998273,,0.0242585463003096,0.0032,0.0050999997,0.053829998,20.35,1.6064159084513647,,,,22.64741907261592,667001000.0,0.2567142916080269,5715000.0,-0.2622371772130778,-1.0215137442113418,67.76923,,0.3196198,81.037,0.348,0.0,10816.0,59.42,0.0,"[107004000.0, 250400000.0, 166416000.0, 131297000.0, 137133000.0]","[443000.0, -3580000.0, -629000.0, 7105000.0, 2820000.0]","[0.02, -0.14, -0.03, 0.28, 0.14]","[1.3400994355351203, -0.33539936102236423, -0.21103139121238346, 0.044448844985033986]","[-9.081264108352144, -0.8243016759776536, -12.29570747217806, -0.6030964109781844]","[-8.0, -0.7857142857142858, -10.333333333333334, -0.5]","[0.19142256000930696, 0.16040148633929063, 0.273785620244297]","[2.0571592763717446, 2.349863254296826, 1.9168166683150365]","[1.5186230248306998, -0.06275720164609054, 0.8851820961912705, 5.39114160948222, 1.9551219512195122]",-0.13578946966873973,,,,,,,0.5908831738604787,0.4,,0.011249517045583725,,15.0,8.0,7.0,6.0,5.0,1.0,-6.0,0.0,0.0
AVANCE.NS,EQ,0.78,154.5895552,36.0,speculative,False,True,,True,True,48.57142857142857,1545895552.0,0.78,0.07,2.220442051883745,,0.0244839349138848,0.02517,0.07716,0.00758,41.621,,,,,-10.365266203791148,1592561000.0,0.7342576044053348,132361000.0,2.1945621031563847,2.988817671059369,11.142857,0.0501830569752846,0.4105263,,0.543,0.0,5698448.0,0.68,0.0,"[606473000.0, 309353000.0, 495024000.0, 413994000.0, 374190000.0]","[24659000.0, 103726000.0, 20140000.0, -7707000.0, 16206000.0]","[0.01, 0.05, 0.01, 0.0, 0.01]","[-0.48991463758485543, 0.6001913671436838, -0.16368903325899353, -0.09614632096117337]","[3.2064155075226086, -0.8058346027032759, -1.382671300893744, -3.1027637212923316]","[4.0, -0.8, -1.0, inf]","[0.4162125807219269, 0.30583874248675336, 0.1464361300809764]","[2.1709708160829977, 1.5883783700886422, 1.883476999690338]","[1175.2380952380952, 141.05668016194332, 50.00243309002433, -129.6271186440678, 2702.0]",-0.06024097942928763,,,,,,,0.3636913148153412,0.2571428571428571,,0.4393687667351261,,7.0,0.0,20.0,5.0,8.0,2.0,-6.0,0.0,0.0
CAPTRUST.NS,BE,23.54,79.7428992,36.0,speculative,False,True,,True,True,24.761904761904763,797428992.0,23.54,-13.12,-0.1236601861622025,,-0.4382433030289813,0.02733,-1.7384,0.92999,65.243,-27.69139302307268,,,,-0.5934859166209286,319118000.0,-0.2101923582462572,-468247000.0,0.0085691175172963,-0.0407679783831959,,,1.3014154,,0.389,0.0,50288.0,54.13,0.0,"[120182000.0, 50087000.0, 97359000.0, 81434000.0, 116387000.0]","[2018000.0, -181867000.0, -24311000.0, -178835000.0, -83234000.0]","[0.06, -5.35, -0.95, -6.881575, -4.89]","[-0.5832404186983076, 0.9437977918421945, -0.16356988054519872, 0.42921875383746344]","[-91.12239841427156, -0.8663253916323467, 6.356135082884291, -0.5345765649900747]","[-90.16666666666666, -0.822429906542056, 6.243763157894737, -0.28940685816836986]","[0.6524250812372127, 1.34273754008188, 1.1812239245419156]","[1.657139761922969, 137.25894988066827, 1.1224730665004863]",[],0.16038213333067386,0.7891473338148527,0.8810105185532007,,0.16556456106086426,-0.2887519451135022,1.098181811246005,0.533625861997966,0.5555555555555556,1.039407353711443,0.07895458662805557,-0.6610169571224511,10.0,8.0,2.0,3.0,3.0,17.0,-7.0,0.0,0.0
EASTWEST.NS,EQ,2.27,28.9595232,36.0,speculative,False,True,,True,True,31.428571428571427,289595232.0,2.27,-0.26,0.4580997358267116,,0.0354239802148415,0.06226,-0.01801,0.063379996,110.929,0.4309537263765932,,,,-0.8335303438042303,2016267000.0,-0.0649642078715857,-39761000.0,0.4663829555309386,-7.179075537299466,,,0.48001692,35.823,0.747,0.0,41483.0,60.29,0.0,"[455625000.0, 443129000.0, 455887000.0, 551630000.0, 565571000.0]","[2205000.0, 3982000.0, -23497000.0, -17032000.0, -3215000.0]","[0.02, 0.03, -0.18, -0.13, -0.03]","[-0.027426063100137177, 0.0287907133137304, 0.2100147624301636, 0.025272374598915848]","[0.8058956916099773, -6.90080361627323, -0.27514150742648, -0.8112376702677313]","[0.5, -7.0, -0.2777777777777777, -0.7692307692307693]","[1.141365135509775, 1.099629549054875, 1.04503479188264]","[2.0076732926330547, 2.052277075439847, 2.0053735581843495]","[1.1961256014180806, 1.6294723084463323, -0.8086483390607102, -0.261994669035984, 0.9004030382886374]",-0.016949137131806236,,,,,,,0.4450698402004676,0.5142857142857142,,0.013194015740818979,,13.0,8.0,11.0,2.0,5.0,1.0,-4.0,0.0,0.0
EUROTEXIND.NS,EQ,14.56,17.1172464,36.0,speculative,False,True,,True,True,26.666666666666668,171172464.0,14.56,-1.41,-0.3227880848615734,,,-45.427032,0.0,1.0,,0.036325360566156,,,,3.1492011573782865,0.0,-1.0,-7949000.0,-0.3235270516712581,0.3235270516712581,,,-0.47358838,-14.344,0.829,0.0,10359.0,70.99,0.0,"[185000.0, 56000.0, 178000.0, 406000.0, 443000.0]","[-13127000.0, -9286000.0, -10344000.0, 20385000.0, -8704000.0]","[-1.5, -1.06, -1.18, 2.33, -0.99]","[-0.6972972972972973, 2.1785714285714284, 1.2808988764044944, 0.09113300492610832]","[-0.29260303191894566, 0.11393495584751245, -2.970707656612529, -1.4269806230071131]","[-0.29333333333333333, 0.1132075471698113, -2.9745762711864407, -1.4248927038626609]","[-1.1397770013626456, -1.3010018214936248, -1.1596369832052575]","[0.3207034550131337, 0.2887387652741778, 0.30236268190684124]","[-1.2849171180042671, -3.5273095077545515, -1.3234672304439747, 3.8883572567783093, -0.8174881733557149]",0.13818719549820369,0.05219775091376855,0.19594060835187888,,-0.09024029428861857,-0.3502968725872505,0.31502147609142495,0.5087241530384883,0.31746031746031744,1.0685178997581846,0.010153006673569678,-0.505937249523992,15.0,10.0,0.0,0.0,0.0,11.0,0.0,0.0,0.0
GTL.NS,EQ,6.64,104.4450624,36.0,speculative,False,False,extreme_valuation_missing_core_risk_data,True,True,50.47619047619048,1044450624.0,6.64,56.52,1.1687809790146997,,,0.05138,3.8882902,0.57631,,17.198638247483718,,,,0.2851992996189103,2243800000.0,0.0638991287573789,5825400000.0,1.167460880815931,18.270372437294235,0.11748053,0.0010051543626166,-0.019178113,62.521,0.481,0.0,199295.0,14.29,0.0,"[600218000.0, 582478000.0, 549984000.0, 553992000.0, 557266000.0]","[3221792000.0, 6090503000.0, -26292000.0, -394749000.0, 156012000.0]","[20.48, 38.72, -0.17, -2.51, 0.99]","[-0.02955592801282203, -0.055785797918547986, 0.007287484726828497, 0.0059098326329622974]","[0.8904085055770206, -1.0043168848287243, 14.014034687357372, -1.3952182272785998]","[0.890625, -1.0043904958677685, 13.764705882352938, -1.3944223107569722]","[-0.8376275692886234, -0.9024121839071458, -0.8863089038233167]","[0.02178344313403949, 0.022807595573010615, 0.015022584774859644]","[34.950767155623, 63.2666818615959, 0.7135885313405521, -4.086134528721418, 3.048177887584929]",-0.0744827533590382,-0.08207933096158482,0.05172412504493695,,-0.06144124986058064,-0.2846481922940879,0.3234713631080979,0.25037504754599654,0.4603174603174603,0.5800383630770302,0.12197390736890554,-0.45948826121484887,7.0,0.0,15.0,6.0,3.0,7.0,-2.0,0.0,0.0
JPPOWER.NS,EQ,14.53,9958.0755968,36.0,speculative,False,True,,True,True,54.285714285714285,99580755968.0,14.53,0.71,1.139974961130159,,0.067447006968195,0.36141,0.111420006,0.36722,26.634,3.082413908391842,,,,2.887047023056609,55634400000.0,-0.0126056396927811,4506300000.0,1.0108724609758046,-80.19207954632384,20.464788,0.1795196271654197,1.1155471,10.719,0.338,0.0,35288433.0,24.0,0.0,"[17757000000.0, 13864300000.0, 11555700000.0, 15831600000.0, 13409100000.0]","[4688400000.0, -133700000.0, 37700000.0, 2781300000.0, 1556700000.0]","[0.52, -0.0153, 0.0036, 0.31, 0.15]","[-0.21922058906346797, -0.16651399637918973, 0.370025182377528, -0.15301675130751158]","[-1.0285171913659243, -1.281974569932685, 72.77453580901857, -0.4402977025132132]","[-1.029423076923077, -1.2352941176470589, 85.11111111111111, -0.5161290322580645]","[0.26633784287930257, 0.30764501840211056]","[2.6968813925662896, 2.4123289835381843]","[4.689776733254994, 1.0227900552486189, 1.203831417624521, 5.485351763977718, 3.062621907401704]",-0.11885991906318072,-0.14629851103538993,-0.11618009361554515,,-0.10769524182031132,-0.36466990818622824,0.08676139546306372,0.29740296369165276,0.3333333333333333,0.7505834855612347,107.92256253219607,-0.3821626495999504,0.0,2.0,11.0,10.0,6.0,7.0,0.0,0.0,0.0
LANDSMILL.NS,BE,0.81,114.266304,36.0,speculative,False,True,,True,True,38.095238095238095,1142663040.0,0.81,0.02,,,0.0058400905263215,-2.13036,1.17241,0.87314004,0.444,13.263634725761202,,,,4.358175413345654,72982080.0,0.0364277040247122,9393470.0,,,40.5,,0.5582357,-23.649,-0.79,0.0,13318048.0,14.2,-4.970000000000002,"[0.0, 0.0, 0.0, 15127000.0, 57855000.0]","[8497000.0, 2937000.0, -2568000.0, 10908000.0, 155000.0]","[0.01, 0.01, -0.01, 0.01, 0.01]","[inf, 2.824618232299861]","[-0.6543485936212781, -1.8743615934627171, -5.247663551401869, -0.9857902456912357]","[0.0, -2.0, -2.0, 0.0]","[0.004435595482086691, 0.00491595351297256, 0.0054409927234454125]","[54.988497979965686, 56.642132459512254, 30.786309059573824]","[61.59036144578313, 17.89142857142857, -21.928571428571427, 37.97231833910035, 3.462686567164179]",0.46551732465571893,0.1038961622039043,-0.14141412560227784,,-0.09878127020921013,-0.4879517825702945,0.6346154904224501,0.8377209107725788,0.2222222222222222,1.8393682746144342,0.6207139231594029,-0.6867469931430958,7.0,0.0,2.0,8.0,5.0,16.0,-2.0,0.0,0.0
LEMERITE.NS,EQ,19.1,239.0708736,36.0,speculative,False,True,,True,True,41.90476190476191,2390708736.0,19.1,0.22,0.3700998560682826,,0.1487114836650598,-0.10965,0.00828,0.097270004,,3.431482988767703,,,,3.351591126591773,3364291000.0,-0.0171364059895818,115987000.0,0.3933437222378202,-22.95368833330364,86.818184,2.3458043167674787,1.7561604,,-0.243,0.0,318645.0,59.65,0.0,"[897544000.0, 753100000.0, 734854000.0, 1021484000.0, 1104615000.0]","[-45122000.0, 7978000.0, 21209000.0, 42192000.0, 42969000.0]","[-0.36, 0.07, 0.164, 0.35, 0.2]","[-0.1609325002451133, -0.02422785818616391, 0.3900502684887066, 0.08138257672171068]","[-1.1768095385842825, 1.6584356981699675, 0.9893441463529633, 0.01841581342434595]","[-1.1944444444444444, 1.3428571428571425, 1.1341463414634143, -0.4285714285714285]","[0.6774927883396984, 0.653478185695349, 0.9207503835337375]","[1.9696690139159163, 2.017008046648526, 1.9604920607599294]","[-2.5443725067032896, 1.6609023929854472, 2.8378192804174676, 3.8629651193563754, 3.7490807910165955]",-0.09411191699866528,-0.160554564158907,-0.7911427630564133,,-0.2529615399901608,-0.8182082280119741,0.02288828706064061,0.41387969168395267,0.36507936507936506,0.37478544173063477,0.5886421310514164,-0.822276025361068,7.0,8.0,11.0,5.0,3.0,4.0,-2.0,0.0,0.0
MKPL.NS,EQ,3.97,149.7591936,36.0,speculative,False,True,,True,True,32.38095238095238,1497591936.0,3.97,0.13,-0.1469820520141647,,0.1429200229332161,0.020550001,0.012259999,0.03053,48.673,6.068506113407648,,,,0.7956755563422299,3803412643.54,0.0650058593135634,68289955.28,-0.1452264314015987,-2.234051406059906,30.538464,,1.9741423,20.049,0.198,0.0,142807.0,74.82,0.0,"[1151612000.0, 1459406000.0, 895583000.0, 324303000.0, 1149460000.0]","[13824000.0, 11383000.0, 14308000.0, 7467000.0, 35132000.0]","[0.04, 0.03, 0.04, 0.02, 0.09]","[0.2672723104656778, -0.3863373180595393, -0.6378861590718001, 2.5444013777239185]","[-0.17657696759259256, 0.25696213651937105, -0.47812412636287394, 3.7049685281907054]","[-0.25, 0.3333333333333335, -0.5, 3.5]","[0.4867322887993906, 0.02694315136126393, 0.5574468361867287]","[2.2500731279555, 15.238627077090712, 2.0085953164634165]","[4.556796303427031, 3.173098823231684, 7.651894451962111, 16.50077519379845, 7.706242873432155]",-0.027295317068888103,-0.14596951067990538,-0.23586744856804787,,-0.09836435036138824,-0.44159542921016137,0.012919946308380892,0.1991561984416121,0.3492063492063492,0.7329225282202897,0.0463463403324461,-0.44871796352222904,7.0,10.0,2.0,9.0,3.0,5.0,0.0,0.0,0.0
SAMPANN.NS,EQ,23.62,120.7218304,36.0,speculative,False,True,,True,True,40.0,1207218304.0,23.62,1.44,,0.20729,0.0839870876913187,0.07258,0.04618,0.19665001,201.921,7.4706777813962,1.985,0.549,,-0.2492174795463472,1346853801.0,0.3262038143922465,67803659.0,,,16.402779,,2.4210744,13.245,0.405,0.0,12020.0,,,"[417047000.0, 387465000.0, 363722000.0, 326796000.0, 323764000.0]","[20541000.0, 11974000.0, 18984000.0, 18300000.0, 54544000.0]","[0.42, 0.25, 0.39, 0.45, 1.34]","[-0.07093205322181917, -0.061277792832901024, -0.10152259142971831, -0.009277959338547581]","[-0.4170683024195512, 0.585435109403708, -0.03603034134007588, 1.9805464480874315]","[-0.40476190476190477, 0.56, 0.15384615384615374, 1.9777777777777779]","[2.0192094492215418, 2.109509191367585, 2.114572041579144, 2.0250668959571114, 5.603384138757604]","[1.985345793651056, 2.005073546805441, 2.370043444008827, 2.2579236626999837]","[5.5338507265521795, 4.482197134172818, 8.308556611927399, 9.22367978472923, 25.345478635309703]",-0.030969853322252994,-0.14797560671250043,-0.1399637969358668,,-0.08642928200646416,-0.44413274041153794,0.0,0.2576191060042991,0.42857142857142855,0.35372488157810267,0.040917164028472904,-0.44413274041153794,7.0,0.0,7.0,11.0,6.0,5.0,0.0,0.0,0.0
DAVANGERE.NS,EQ,2.26,383.272448,35.0,speculative,False,True,,True,True,34.285714285714285,3832724480.0,2.26,0.21,-0.2519354751757469,,0.0620422260691696,0.22994,0.03264,0.31248,60.22,1.4224210833833049,,,,-5.540773743049596,2352900000.0,-0.0500338357963749,85067000.0,-0.136670553746449,2.731562583022086,10.761905,,0.8729239,12.474,0.486,0.0,11687056.0,35.1,-6.530000000000001,"[347156000.0, 838238000.0, 826861000.0, 481926000.0, 240701000.0]","[9384000.0, 19499000.0, 26227000.0, 26299000.0, 13042000.0]","[0.007, 0.01, 0.01, 0.18, 0.014]","[1.414585949832352, -0.013572517590469513, -0.4171620139297899, -0.5005436519299644]","[1.0778985507246377, 0.34504333555566946, 0.002745262515728042, -0.5040876078938363]","[0.4285714285714286, 0.0, 17.0, -0.9222222222222223]","[0.6022027149041607, 0.3971837382066726, 1.0191001250072538]","[1.9647114421573184, 2.393889981409117, 1.4277280560773]","[1.1781700328270184, 1.3109251120779135, 1.7152658119793232, 1.3529087750519047, 1.2481157585869627]",0.17098448284136647,-0.35428571701049805,-0.3973333358764648,,-0.27544481789217723,-0.5611650585218066,0.2914285659790039,0.7063064208700669,0.3333333333333333,0.9571195183781509,3.193662716691011,-0.660194181049788,7.0,5.0,2.0,6.0,9.0,6.0,0.0,0.0,0.0
GATECH.NS,BE,0.58,103.6696704,35.0,speculative,False,True,,True,True,38.095238095238095,1036696704.0,0.58,0.06,,,0.0769597830143114,0.32143003,0.33102,0.89245003,,,,,,0.3735805764159638,218745500.0,0.2818483648131871,85988250.0,,,9.666667,,0.6430155,,0.474,0.0,17411209.0,0.63,-0.28,"[45000000.0, 59950000.0, 40500000.0, 51298000.0, 48398000.0]","[15210000.0, 16585000.0, 11839000.0, 25136000.0, 17496000.0]","[0.0118, 0.0139, 0.0102, 0.023, 0.0278]","[0.3322222222222222, -0.3244370308590492, 0.26661728395061735, -0.056532418417872043]","[0.09040105193951353, -0.28616219475429605, 1.1231522932680127, -0.30394653087205603]","[0.17796610169491522, -0.26618705035971213, 1.2549019607843137, 0.20869565217391295]","[0.06786250348549538, 0.0, 0.22623460121095895]","[1.4341905289686494, 4.253537917243501, 3.707922451575696]",[],-0.3218391143215711,0.2291666395030909,0.25531909632002825,,0.10519725353962062,-0.46363639910358956,0.4749999124556792,0.8250018817183274,0.5079365079365079,0.8425320833768815,0.8818204490970399,-0.46363639910358956,7.0,0.0,7.0,3.0,8.0,14.0,-4.0,0.0,0.0
HTMEDIA.NS,EQ,22.26,514.9184512,35.0,speculative,False,True,,True,True,32.38095238095238,5149184512.0,22.26,0.7,-0.3793623543171532,,0.0420833120462958,0.02454,-0.0054400004,0.53828,38.15,1.52311312825685,,,,-1.8258706467661687,17077400000.0,0.0184920335544371,-542700000.0,-0.3796170822834975,-20.528682319658028,31.800001,,0.31589702,2.133,0.317,0.0,69117.0,69.5,0.0,"[4373000000.0, 5110400000.0, 4966100000.0, 4515000000.0, 3937600000.0]","[308900000.0, -135600000.0, -233500000.0, -40300000.0, -133300000.0]","[1.34, -0.59, -1.01, -0.17, -0.58]","[0.16862565744340263, -0.02823653725735753, -0.09083586717947689, -0.12788482834994463]","[-1.43897701521528, 0.721976401179941, -0.8274089935760172, 2.3076923076923075]","[-1.4402985074626864, 0.7118644067796611, -0.8316831683168316, 2.4117647058823524]","[0.4732451590594744, 0.48476447586649396, 0.43026123904002306]","[1.1131784567775471, 1.127571213254828, 1.168952975710159]","[4.780895123580494, 2.2737693863789614, -0.7579700715679896, 1.1857605177993527, 0.31109598366235536]",-0.14163428750734186,-0.14826255633766672,-0.012091377460195729,,-0.03265965741777144,-0.23028612758578515,0.21609703463005014,0.42628871843755917,0.3968253968253968,0.6165730986988439,0.24328933659058571,-0.35628107902054607,4.0,10.0,2.0,5.0,7.0,9.0,-2.0,0.0,0.0
KELLTONTEC.NS,EQ,11.97,636.158464,35.0,speculative,False,True,,True,True,41.90476190476191,6361584640.0,11.97,1.66,,,0.1445132878261464,0.096829996,0.07383,0.53214,28.585,6.783130842380324,,,,0.2018777294005601,12169438000.0,0.0987923749512322,916639000.0,,,7.2108436,,0.8511092,6.11,0.519,0.0,1439865.0,36.02,-1.6499999999999986,"[3156196000.0, 3138922000.0, 3078870000.0, 2996902000.0, 2954744000.0]","[223181000.0, 195155000.0, 254144000.0, 240830000.0, 226510000.0]","[0.42, 0.34, 0.48, 0.43, 0.46]","[-0.005473044132873861, -0.019131408808501726, -0.026622754452120367, -0.014067193388372368]","[-0.12557520577468517, 0.30226742845430565, -0.052387622765046604, -0.05946103060249974]","[-0.19047619047619035, 0.4117647058823528, -0.10416666666666663, 0.06976744186046524]","[0.27330793036461076, 0.18140314595737478, 0.34268817965609083]","[3.243290615649081, 4.343982755228984, 3.655385424302182]","[5.630930920103836, 4.6341133879544785, 6.4860058256291495, 6.78843360066867, 6.5734199205823955]",-0.13142437422124476,-0.20604025324982134,-0.21655631623536375,,-0.09121342047888303,-0.5052279381345763,0.0,0.3162965864580348,0.3333333333333333,0.6851416118091208,2.7377489295384456,-0.5052279381345763,4.0,5.0,2.0,9.0,10.0,5.0,0.0,0.0,0.0
PATELENG.NS,EQ,24.98,2385.709056,35.0,speculative,False,True,,True,True,40.0,23857090560.0,24.98,2.91,-0.0178409818405561,,0.0900857732974223,0.11958,0.05567,0.26361,27.377,2.2366960327799776,,,,2.080887188155964,46779850000.0,0.0857591026956465,2691650000.0,0.136238544664262,1.5886190547930947,8.584192,,0.5843822,4.541,0.643,0.0,1620547.0,,,"[12807390000.0, 14214750000.0, 12393530000.0, 12084690000.0, 12334450000.0]","[985030000.0, 436250000.0, 715660000.0, 730300000.0, 809440000.0]","[0.98, 0.42, 0.82, 0.81157, 0.9]","[0.10988655768271283, -0.1281218452663606, -0.024919453940886904, 0.02066747264514035]","[-0.5571200877130646, 0.6404813753581662, 0.020456641421904287, 0.10836642475694913]","[-0.5714285714285714, 0.9523809523809523, -0.010280487804878002, 0.10896164224897431]","[0.2738956461887597, 0.3966103504688638, 0.4397595247991042]","[1.4494585800964137, 1.4473598635007865, 1.355975916671684]","[2.8891063802251846, 1.7136288626028242, 1.5433448605694946, 2.1666052970726706, 2.4418591919413117]",-0.07240997923660164,-0.2132283608744464,-0.05593346914002073,,-0.07777019780289463,-0.33065381172281416,0.12522516593502941,0.29888569403621,0.3968253968253968,0.44122270579717043,6.2272299302899645,-0.405144669226289,2.0,0.0,9.0,8.0,10.0,6.0,0.0,0.0,0.0
PAVNAIND.NS,EQ,15.3,213.4809088,35.0,speculative,False,True,,True,True,27.61904761904762,2134809088.0,15.3,1.3,-0.216514830550679,,0.0607596483182927,0.03953,0.023020001,0.34543,52.07,2.243681593620435,,,,-0.2003384168167125,2970434000.0,-0.0635426886681879,46097000.0,-0.1799157008229965,2.831414669317728,11.769232,,1.0739857,11.017,0.125,0.0,32563.0,,,"[918769000.0, 544547000.0, 1080307000.0, 741537000.0, 604043000.0]","[8575000.0, 24379000.0, 30013000.0, 12660000.0, -20954000.0]","[0.06, 0.17, 0.22, 0.91, -1.5]","[-0.4073080393439482, 0.9838636518059964, -0.31358678597843026, -0.18541758536661013]","[1.8430320699708456, 0.2311005373477173, -0.5781827874587679, -2.655134281200632]","[1.8333333333333335, 0.2941176470588234, 3.1363636363636367, -2.6483516483516483]","[0.554167286696637, 0.3929579780635747, 0.18262846716644202]","[1.3707643061475363, 1.787555456769045, 3.1355413059936335]","[1.6614807552960231, 2.3811825594453397, 3.186504927975739, 2.9733654507914657, -0.7263368601658564]",-0.06277192164720946,-0.11346268543246518,-0.12680952379900545,,-0.1042156311031387,-0.6242212927403167,0.061971839877542845,0.49007847794060755,0.42857142857142855,1.2671927798482074,0.1363110087779522,-0.6461500266306357,7.0,0.0,2.0,6.0,7.0,13.0,0.0,0.0,0.0
VAKRANGEE.NS,EQ,5.04,546.136576,35.0,speculative,False,True,,True,True,39.04761904761905,5461365760.0,5.04,0.08,1.1544346900318838,,0.0678378155590739,0.03748,0.04422,0.19398001,1.705,11.002436775553214,,,,5.426230672276367,2547424000.0,0.0889125365576091,112662000.0,1.2382019859613491,13.926067502967712,63.0,0.5457216466551263,2.4034336,22.767,0.603,0.0,916200.0,,,"[559231000.0, 567421000.0, 601049000.0, 688383000.0, 631771000.0]","[26147000.0, 20334000.0, 31858000.0, 31861000.0, 25426000.0]","[0.01, 0.01, 0.03, 0.03, 0.02]","[0.014645110875470158, 0.059264637720493285, 0.14530262923655135, -0.08223910236016874]","[-0.22231996022488243, 0.5667355168682995, 9.416786992288984e-05, -0.20197106179969238]","[0.0, 2.0, 0.0, -0.33333333333333326]","[0.020853367622544135, 0.022657542461589075]","[1.81450533838339, 2.1594319823305383]","[10.523500389509218, 6.896505376344086, 10.62165867032214, 13.913211719181868, 10.169066534260178]",-0.10954061877626398,-0.16831683012502974,-0.17512277385924124,,-0.11350092131253853,-0.4485777054116842,0.07692310827331861,0.19915199446474835,0.30158730158730157,0.7923485753970608,0.5662066758035136,-0.4879650270738112,4.0,0.0,15.0,9.0,3.0,6.0,-2.0,0.0,0.0
AKSHAR.NS,EQ,0.41,32.286208,34.0,avoid,False,True,,True,True,32.38095238095238,322862080.0,0.41,-0.07,0.1479375096462778,,-0.0913233005903243,0.03728,-0.045900002,0.14819999,6.226,-18.675248967694923,,,,-0.2454597125612363,1172812000.0,-0.0494539224201817,-73894000.0,0.3878461793737668,-7.842576693481645,,,0.39499035,11.512,1.162,0.0,1170554.0,0.27,0.0,"[299331000.0, 344002000.0, 343512000.0, 223418000.0, 261880000.0]","[5980000.0, -3897000.0, -37950000.0, -19682000.0, -12365000.0]","[0.01, -0.005, -0.05, -0.02, -0.02]","[0.14923612990301716, -0.001424410323195846, -0.3496064184075083, 0.1721526466085992]","[-1.6516722408026756, 8.738260200153965, -0.4813702239789196, -0.3717609998983843]","[-1.5, 9.0, -0.6000000000000001, 0.0]","[0.062256689041793836, 0.05749762705405377, 0.0673516861727936]","[4.4793107024336285, 6.611031859248692, 9.9148698948524]","[14.901201602136181, 8.035252643948295, -54.14476386036961, -13.654128440366973, -13.397670549084859]",0.0,-0.045454570084564105,-0.1250000077610216,,-0.03774464587489346,-0.4246575672422026,0.13513508506549265,0.3375120264399315,0.1746031746031746,0.9867365316572168,0.03892848783084721,-0.49315069164248193,13.0,0.0,10.0,4.0,6.0,9.0,-8.0,0.0,0.0
BCG.NS,EQ,9.05,1826.7623424,34.0,avoid,False,True,,True,True,46.66666666666666,18267623424.0,9.05,5.02,-0.1110386725155494,,0.1352781816001863,0.21518,0.14022,0.33369,,86272.7891566265,,,,0.1066676323817714,69280584000.0,-0.0215847918924896,9623266000.0,-0.1112853193323777,5.155728157430101,1.8027889,,0.17281216,0.221,0.699,0.0,4874775.0,18.38,0.0,"[17521757000.0, 15966396000.0, 22319419000.0, 16439832000.0, 9874944000.0]","[2615770000.0, 2078313000.0, 3105961000.0, 2330296000.0, 1206769000.0]","[1.3, 1.0296, 1.5387, 1.1545, 0.5978]","[-0.0887674107111519, 0.39789962618990526, -0.2634292138160048, -0.39932816831704854]","[-0.2054679883934749, 0.494462576137473, -0.24973430123559182, -0.4821391788854291]","[-0.20799999999999996, 0.4944638694638692, -0.24969129784883337, -0.4822000866175834]","[0.0, 0.0]","[6.71047576578862, 5.860123924034847, 6.997552642386123]","[71138.35849056604, 87009.48717948717, 87622.94117647059, 101694.0, 44642.07692307692]",-0.14380317388596042,-0.04936977357448735,-0.04535858357225486,,-0.025899629568125637,-0.37283437288017307,0.10771115131251041,0.38758169538605747,0.38095238095238093,0.9258391839433037,6.0925572580177825,-0.43381844050526364,4.0,0.0,2.0,7.0,10.0,11.0,0.0,0.0,0.0
BOHRAIND.NS,EQ,14.37,30.4243808,34.0,avoid,False,True,,True,True,21.904761904761905,304243808.0,14.37,-1.34,-0.1208015000610692,,-0.0423639986485659,-1528.2,0.0,1.0,1.6,,,,,2.425007574992425,0.0,,-29703000.0,0.0035488142277868,,,,0.41107646,-8.619,-1.453,0.0,22032.0,33.39,-4.619999999999997,"[0.0, 0.0, 0.0, 0.0, 0.0]","[-5655000.0, -10343000.0, -6031000.0, -6398000.0, -6931000.0]","[-0.27, -0.49, -0.28, -0.3, -0.33]",[],"[0.8290008841732979, -0.4169003190563666, 0.06085226330625093, 0.08330728352610195]","[0.8148148148148147, -0.4285714285714285, 0.0714285714285714, 0.10000000000000009]","[0.01600139861466675, 0.015620877510948004, 0.01928577880822619]","[11.975463287795616, 12.20960483324086, 7.491341410555429]","[-2080.5, -3198.0, -6930.0]",0.13748995059037084,0.0021126572798695342,-0.2211275760428666,,-0.05346552999517418,-0.3534757203880662,0.1522266479916392,0.5936229684561308,0.4444444444444444,1.0110026213607588,0.025531278274979592,-0.438891401497403,13.0,2.0,2.0,3.0,5.0,11.0,-2.0,0.0,0.0
CCCL.NS,EQ,12.78,570.958592,34.0,avoid,False,True,,True,True,48.57142857142857,5709585920.0,12.78,-0.08,,,0.228222576903226,-0.088649996,-0.01212,0.13324,0.108,18.661541032926625,,,,-1.2382684271935087,2947078000.0,0.2854410038272028,790218000.0,,,,,2.0480769,-56.802,6.401,0.0,214675.0,60.05,0.0,"[1202673000.0, 1031984000.0, 741414000.0, 513072000.0, 449628000.0]","[-54916000.0, -20020000.0, 35151000.0, 779380000.0, 559240000.0]","[-0.12, -0.03, 0.08, 1.74, 1.25]","[-0.1419246960728311, -0.28156444285957927, -0.3079817753643713, -0.12365515950977646]","[-0.6354432223759925, -2.7557942057942055, 21.17234218087679, -0.2824552849701044]","[-0.75, -3.666666666666667, 20.75, -0.2816091954022989]","[0.0010760814708455453, 0.001501956298078247]","[1.6243462591419588, 1.014909702892052]","[-1.9872078041597645, -2.6063459866705303, 2.71503442149678, 64.46753378721675, 14.672650501259321]",-0.09547385775752326,-0.22437840270595977,-0.17696267739707794,,-0.10393541141061269,-0.4869635056042233,0.0,0.30190196168553945,0.3333333333333333,0.6193058858906137,0.26962497998933316,-0.4869635056042233,4.0,8.0,7.0,7.0,3.0,5.0,0.0,0.0,0.0
DCMFINSERV.NS,EQ,4.81,10.6421512,34.0,avoid,False,True,,True,True,24.761904761904763,106421512.0,4.81,-0.43,-0.4055647265821188,,,36.42222,0.0,0.0,,-12.353970390309556,,,,1.6191638991990622,29000.0,,-10238000.0,-0.4045212664901566,,,,-0.19798312,,-0.302,0.0,17723.0,39.5,0.0,"[0.0, 0.0, 0.0, 0.0, 0.0]","[-1878000.0, -1259000.0, -2592000.0, -3832000.0, -2555000.0]","[-0.08, -0.06, -0.12, -0.17, -0.12]",[],"[-0.3296059637912673, 1.0587768069896741, 0.47839506172839497, -0.3332463465553236]","[-0.25, 1.0, 0.41666666666666674, -0.2941176470588236]","[-1.3601590544659488, -1.370731726601214, -1.3892163064628493]","[0.21799353168899843, 0.07447799357395372, 0.08557716380609089]",[],-0.0844277327779478,-0.0844277327779478,-0.052427179791586065,,-0.04337144604758347,-0.4012269517969682,0.24808184330363026,0.4378366629269144,0.42857142857142855,1.3416374790252774,0.007546562209570408,-0.4355828073692466,15.0,5.0,0.0,2.0,0.0,14.0,-2.0,0.0,0.0
HARDWYN.NS,EQ,9.19,628.4192256,34.0,avoid,False,True,,True,True,36.19047619047619,6284192256.0,9.19,0.19,0.1186889420813968,,0.0483089806322926,0.115100004,0.0646,0.14739999,1.563,18.098454545454544,,,,0.5523254933438337,1998626000.0,0.0667185055962633,132058000.0,0.1247678315261495,1.870063341663596,48.36842,4.07522547187496,1.5513166,21.822,-0.292,0.0,1020329.0,43.77,0.0,"[346020000.0, 571513000.0, 490799000.0, 506870000.0, 429445000.0]","[28003000.0, 34294000.0, 17902000.0, 43528000.0, 36334000.0]","[0.042857, 0.05, 0.028571, 0.064286, 0.05]","[0.651676203687648, -0.14122863346940484, 0.032744565494224664, -0.152751198532168]","[0.2246545013034318, -0.47798448708228847, 1.431460172047816, -0.1652729277706304]","[0.16667055556851862, -0.42858000000000007, 1.2500437506562596, -0.2222256789969821]","[0.01584589935483744, 0.015477104150583891, 0.025130257118324655]","[2.1257805911083514, 1.748036050953217, 1.7343473989655502]","[12.95866968033581, 11.13768115942029, 11.672436174816097, 33.253801782905086, 30.7277970011534]",-0.004362045967309713,-0.47721878288372566,-0.38518519327221,,-0.2973776622865173,-0.5316232954408133,0.0589893699513131,0.6472120253775975,0.42857142857142855,0.21534141968168585,0.990683404235797,-0.5418834543019183,4.0,5.0,12.0,10.0,3.0,2.0,-2.0,0.0,0.0
LAXMICOT.NS,EQ,12.52,21.4688832,34.0,avoid,False,True,,True,True,21.904761904761905,214688832.0,12.52,-1.72,-0.4106323942970269,,0.0461379696728681,0.0155299995,-0.0249,0.19833,70.182,0.8094434624243398,,,,-5.123105114109612,1506722000.0,0.0168875279380507,-12006000.0,-0.4104408041163809,-24.304374543273585,,,0.36063027,31.525,0.277,0.0,9628.0,58.63,0.0,"[182665000.0, 172754000.0, 245697000.0, 582337000.0, 505934000.0]","[-4412000.0, -14362000.0, -14792000.0, 4069000.0, 13050000.0]","[-0.26, -0.86, 0.24, 0.76]","[-0.05425779432294087, 0.42223624344443533, 1.3701428995877034, -0.13120066215953996]","[2.255213055303717, 0.029940119760478945, -1.275081124932396, 2.2071762103710983]","[2.3076923076923075, -1.2790697674418605, 2.166666666666667]","[0.7010990816343294, 0.6586813104664129, 0.7441421884971569]","[1.5554056139024162, 1.6161602969480342, 1.5579273909943685]","[0.2920271940667491, -1.4887535727600347, -0.3054645927138764, 1.4378579003181335, 3.1322232134007333]",-0.05680121243508618,-0.12239222634736835,-0.04826548508866224,,-0.073571614211281,-0.48342203324142463,0.0622895424233747,0.4556920478617735,0.4126984126984127,0.5915353340294475,0.013717303864812852,-0.5137126497733199,15.0,8.0,2.0,3.0,5.0,5.0,-4.0,0.0,0.0
ORTINGLOBE.NS,EQ,13.83,11.2457152,34.0,avoid,False,True,,True,True,26.666666666666668,112457152.0,13.83,-1.12,0.9646568890601784,,-0.3223763436064404,-20.9125,0.0,-0.69382006,81.238,-1204.6666666666667,,,,0.7558076715289033,1005000.0,-0.7444264084215497,-7404000.0,0.9924932269521536,-1.33323215797327,,,10.398496,-9.525,0.487,0.0,9367.0,,,"[116000.0, 344000.0, 123000.0, 140000.0, 398000.0]","[-3379000.0, -93000.0, -532000.0, -5025000.0, -1754000.0]","[-0.42, -0.01, -0.07, -0.62, -0.22]","[1.9655172413793105, -0.6424418604651163, 0.1382113821138211, 1.842857142857143]","[-0.9724770642201834, 4.720430107526882, 8.44548872180451, -0.6509452736318408]","[-0.9761904761904762, 6.000000000000001, 7.857142857142856, -0.6451612903225806]","[0.8123838008245089, 0.7156048014773777, 0.1264222503160556]","[1.5955261735478774, 2.086131295414683, 2.1516029354963306]","[-6.416666666666667, -455.90909090909093, -406.25]",-0.06865281701750336,-0.11887252553065664,-0.06804926571405545,,-0.03334555393015015,-0.2781124468190126,0.2850760190956456,0.43825962670663243,0.42857142857142855,0.8537256763170384,0.02132131529987812,-0.31859293067573524,15.0,0.0,11.0,2.0,0.0,10.0,-4.0,0.0,0.0
PILITA.NS,EQ,7.35,172.724992,34.0,avoid,False,True,,True,True,25.71428571428571,1727249920.0,7.35,0.12,0.1348455252486973,,0.0837609316564001,0.03388,0.03105,0.44436002,18.373,5.523834429169157,,,,0.340573259747196,1063902000.0,0.0892582472749585,44936000.0,0.1386815359062381,1.5537111711260911,61.25,4.542234522579511,2.0582469,25.316,0.501,0.0,28617.0,,,"[167131000.0, 268404000.0, 298132000.0, 240435000.0, 269168000.0]","[1883000.0, 10798000.0, 7198000.0, 15452000.0, 10719000.0]","[0.01, 0.04, 0.03, 0.07, 0.05]","[0.6059498237909184, 0.11075840896558908, -0.19352836998376555, 0.11950423191299109]","[4.734466277217207, -0.3333950731616966, 1.1467074187274244, -0.30630339114677707]","[3.0, -0.25, 1.3333333333333335, -0.2857142857142857]","[0.18373130024237888, 0.11922250788798433]","[2.6668869137054, 3.5095353566412064]","[1.7063447501403706, 4.659771233876856, 3.7849542192526604, 9.880911435941531, 6.430623384085033]",-0.06496812206885616,-0.1789708616213168,0.03672319656547929,,-0.08320474064952788,-0.44936232598663084,0.1450858544951834,0.23180904811171466,0.3968253968253968,0.4155661258679533,0.026989835821006294,-0.5191297911403154,7.0,0.0,12.0,9.0,3.0,5.0,-2.0,0.0,0.0
SAKUMA.NS,EQ,1.52,238.2932224,34.0,avoid,False,True,,True,True,29.52380952380953,2382932224.0,1.52,0.07,-0.3727002951740468,,0.0173448280495525,0.00054000004,0.00641,0.045149997,1.175,11.220726095108231,,,,28.267782998538888,17080024000.0,-0.1860030835277619,95133000.0,-0.3058733835052111,1.644453294558194,21.714285,,0.31819132,16.353,0.649,0.0,1236173.0,,,"[3333176000.0, 7146804000.0, 3633462000.0, 2543084000.0, 3756674000.0]","[28168000.0, 65200000.0, 6062000.0, 7346000.0, 16518000.0]","[0.02, 0.04, 0.0, 0.01, 0.01]","[1.144142403521446, -0.4915962435796476, -0.3000934095361394, 0.477211920644383]","[1.3146833285998296, -0.9070245398773006, 0.21181128340481692, 1.2485706506942553]","[1.0, -1.0, inf, 0.0]","[0.01175188323244425, 0.061940989411294015, 0.1492260145122279]","[4.5480216908373166, 5.053933541259444, 4.228467637787065]","[25.722306525037936, 25.248517200474495, 5.418736692689851, 4.275180539718738, 3.124922311995028]",-0.08024691040060572,-0.12352943073919431,-0.287081305872227,,-0.08575437411756759,-0.4983164999382279,0.34234233363457833,0.4335521580558253,0.30158730158730157,1.1992765661614633,0.16831988062261163,-0.626262625046329,7.0,0.0,2.0,9.0,7.0,11.0,-2.0,0.0,0.0
STEELXIND.NS,EQ,10.37,1322.7126784,34.0,avoid,False,True,,True,True,28.57142857142857,13227126784.0,10.37,0.26,,,0.0960573104232718,0.10386,0.03089,0.26516,54.377,1.655101801631691,,,,-1.4081545700418658,10582419000.0,-0.0865230082478778,269910000.0,,,39.884617,,1.6706945,12.491,0.588,0.0,7336037.0,,,"[2697139000.0, 2873275000.0, 2403505000.0, 2317630000.0, 2999989000.0]","[150256000.0, 123704000.0, 22790000.0, 21128000.0, 102288000.0]","[0.12, 0.1, 0.02, 0.02, 0.09]","[0.06530475440828232, -0.16349635868477608, -0.03572907066970943, 0.2944210249263255]","[-0.1767117452880418, -0.8157699023475393, -0.07292672224659935, 3.8413479742521774]","[-0.16666666666666663, -0.8, 0.0, 3.5]","[0.5437705629616838, 0.47764935936024766, 0.5067939191778088]","[2.2580784430728933, 1.8540473395110906, 1.9102389258890131]","[2.0746695657149394, 2.457132296494271, 1.1662205430794927, 1.1096009793953479, 1.5414756545583517]",-0.08103293717774218,-0.1506172824001636,0.2585365774232953,,-0.013863618307632608,-0.22927562134301693,0.46799422287720827,0.4056771304569871,0.4126984126984127,2.3747237291556904,14.63798747317317,-0.3466542694916934,4.0,0.0,0.0,6.0,4.0,20.0,0.0,0.0,0.0
SUVIDHAA.NS,EQ,2.11,44.8962528,34.0,avoid,False,True,,True,True,36.19047619047619,448962528.0,2.11,-0.36,0.7471609294725976,-0.30298,-0.3454871282351724,-2.8091002,-2.88003,-1.31448,4.628,-131.9078947368421,0.795,0.36,-32023750.0,0.4104929088564911,32150000.0,-0.5316120808703824,-100830000.0,0.7941076965046068,-1.493772856336247,,,1.0995309,-4.544,0.804,0.0,103643.0,,,"[24000000.0, 6800000.0, 8000000.0, 10000000.0, 10200000.0]","[-19100000.0, -12600000.0, -21700000.0, -15800000.0, -43000000.0]","[-0.09, -0.09, -0.1, -0.08, -0.2]","[-0.7166666666666667, 0.17647058823529416, 0.25, 0.020000000000000018]","[-0.3403141361256544, 0.7222222222222223, -0.27188940092165903, 1.721518987341772]","[0.0, 0.11111111111111116, -0.20000000000000007, 1.5]","[0.04828561855478203, 0.039159503342884434, 0.0945440956651719]","[0.7946210268948656, 0.8843813387423936, 1.097376190741463]","[-94.5, -186.0, -107.5, -87.0, -142.33333333333334]",-0.06334846266408267,-0.1914062580035536,-0.20077220006136287,,-0.12026815494937082,-0.48120302548993377,0.004854364437391068,0.5141623539810698,0.3333333333333333,1.4854127985278576,0.043428071914012434,-0.4837092887579426,13.0,0.0,11.0,3.0,3.0,13.0,-9.0,0.0,0.0
TVVISION.NS,BE,2.6,10.0735696,34.0,avoid,False,True,,True,True,32.38095238095238,100735696.0,2.6,-8.5,0.1790441261294617,,,-14.88712,0.0,-0.70441,,-223.53059895833331,,,,-0.1058678203581701,141509000.0,-0.4166076552427127,-344864000.0,0.2000803299519282,-0.4802608099828671,,,-0.056530338,-6.648,-0.089,0.0,69275.0,,,"[2445000.0, 1547000.0, 4800000.0, 59417000.0, 75746000.0]","[-36413000.0, -132938000.0, -60095000.0, -99890000.0, -51948000.0]","[-0.94, -3.43, -1.55, -2.58, -1.34]","[-0.36728016359918203, 2.1027795733678087, 11.378541666666667, 0.2748203376138143]","[2.6508389860764012, -0.547947163339301, 0.662201514269074, -0.4799479427370107]","[2.6489361702127665, -0.5481049562682216, 0.6645161290322581, -0.48062015503875966]","[-0.6167091618491435, -0.036179270714784065, -0.7945177371215373]","[0.006845320411829635, 0.061020838431757235, 0.1142741770635]","[-2599.9285714285716, -137.62148070907196, -187.97798742138366, -226.53986332574033, -29.432337434094904]",-0.18944103356970587,-0.48520713871286514,-0.5148699182942206,,-0.36029772985393627,-0.779374479126947,0.03984059960658093,0.5442903050863893,0.36507936507936506,2.280004735516145,0.020781132085989713,-0.7878275564961345,15.0,0.0,10.0,0.0,0.0,11.0,-2.0,0.0,0.0
BASML.NS,EQ,21.03,168.0746624,33.0,avoid,False,True,,True,True,38.095238095238095,1680746624.0,21.03,2.97,,,0.1069694916191845,0.05156,0.02632,0.29614002,83.809,1.5425729492564848,,,,8.497774351216107,8577989000.0,-0.0609795864318835,137488000.0,,,7.080808,,0.35487083,6.949,0.713,1.21,51771.0,49.55,0.0,"[2165093000.0, 2207106000.0, 2038975000.0, 2283232000.0, 2173927000.0]","[136942000.0, 13777000.0, 22600000.0, 55537000.0, 45573000.0]","[1.71, 0.16, 0.28, 0.69, 0.63]","[0.0194047091741556, -0.07617712968928547, 0.11979401414926616, -0.047872927499264195]","[-0.8993953644608667, 0.64041518472817, 1.4573893805309734, -0.1794119235824766]","[-0.9064327485380117, 0.7500000000000002, 1.464285714285714, -0.08695652173913038]","[0.8380915461911495, 0.9585486034444926, 1.1259737211558527]","[1.0610112665308018, 1.1371937155726806, 1.1286051930504213]","[1.2272153128643606, 1.282910603656186, 1.4428268202675685, 1.693375426447375, 1.6328586379606789]",-0.16472010330870068,-0.1770921002156005,-0.001679577180629499,,-0.06157852701174005,-0.3300870858885916,0.21220481881641362,0.3608194150505158,0.4444444444444444,0.6332613484167096,0.1650775123543167,-0.44735996449386695,7.0,5.0,0.0,5.0,10.0,6.0,0.0,0.0,0.0
GATECHDVR.NS,BE,0.47,60.7431872,33.0,avoid,False,True,,True,True,40.95238095238095,607431872.0,0.47,0.06,,,0.0769597830143114,0.32143003,0.33102,0.89245003,,,,,,0.3735805764159638,218745500.0,0.2818483648131871,85988250.0,,,7.8333335,,0.5210643,,0.474,0.0,233125.0,0.0,0.0,"[45000000.0, 59950000.0, 40500000.0, 51298000.0, 48398000.0]","[15210000.0, 16585000.0, 11839000.0, 25136000.0, 17496000.0]","[0.0118, 0.0139, 0.0102, 0.023, 0.0278]","[0.3322222222222222, -0.3244370308590492, 0.26661728395061735, -0.056532418417872043]","[0.09040105193951353, -0.28616219475429605, 1.1231522932680127, -0.30394653087205603]","[0.17796610169491522, -0.26618705035971213, 1.2549019607843137, 0.20869565217391295]","[0.06786250348549538, 0.0, 0.22623460121095895]","[1.4341905289686494, 4.253537917243501, 3.707922451575696]",[],-0.06122449103716454,0.045454570084564105,0.12195124965136728,,-0.007729269999893096,-0.20689651451552982,0.2432432497740662,0.46322920178063803,0.31746031746031744,0.4270958749177884,0.014845796349185257,-0.3272727331839316,10.0,0.0,7.0,3.0,8.0,9.0,-4.0,0.0,0.0
GAYAHWS.NS,EQ,1.82,43.6166464,33.0,avoid,False,True,,True,True,36.19047619047619,436166464.0,1.82,-0.09,-0.7955417154011596,,0.0805645166588918,0.07006,-0.089449994,1.05776,,,,,,22.123142250530787,145515000.0,0.2403509425020447,-12246000.0,-0.7940548659815599,-3.303731026454389,,,-0.06904401,-17489.844,0.839,0.0,163436.0,61.16,0.0,"[70901000.0, 145515000.0, 0.0, 0.0, 0.0]","[-28287000.0, 68994000.0, -27643000.0, -32422000.0, -21175000.0]","[-0.12, 0.29, -0.12, -0.14, -0.09]","[1.0523687959267147, -1.0]","[-3.4390709513203945, -1.4006580282343393, 0.1728828274789278, -0.34689408426377155]","[-3.4166666666666665, -1.4137931034482758, 0.16666666666666674, -0.3571428571428572]","[-0.9894189343605899, -0.6467381498834864, -1.042697862414928]","[1.2582801224171105, 1.2551833187333314, 1.202827230093437]","[0.2733151352927146, 0.3711173539701049, 0.06850767232926086, -0.2832343899077706, 9.368536824530253]",-0.0625000038805108,-0.005524856784194343,-0.1469194114654031,,-0.07796289063346395,-0.5774648226277801,0.04651158277636491,0.3039123685374789,0.38095238095238093,0.5585248701912964,0.030703738552286027,-0.59624414643243,13.0,8.0,7.0,1.0,0.0,4.0,0.0,0.0,0.0
KAMANWALA.NS,EQ,16.5,23.2537136,33.0,avoid,False,True,,True,True,29.52380952380953,232537136.0,16.5,-1.88,-0.3024131509723484,,-0.0264191178805903,-0.41579,-0.33882,8.9999994e-05,15.425,-7.991765028822399,,,,6.790714734856424,78210000.0,0.264028753435253,-28626000.0,-0.2960622899682975,-1.121325939376902,,,0.20592824,1.683,0.219,0.0,2416.0,41.36,0.0,"[0.0, 18693000.0, 59517000.0, 0.0, 0.0]","[2388000.0, -15582000.0, -13815000.0, 510000.0, 257000.0]","[0.17, -1.11, -0.98, 0.04, 0.02]","[inf, 2.1839191141068848, -1.0]","[-7.525125628140704, -0.11340007701193688, -1.0369163952225842, -0.49607843137254903]","[-7.529411764705882, -0.11711711711711725, -1.0408163265306123, -0.5]","[0.1511290582127994, 0.010950163970797252, 0.012780145756460765]","[5.7315488890110275, 19.472078020261076, 22.184576238011353]","[1.8313676286072773, -4.431183076521285, -10.606140350877194, 2.900199600798403]",0.028433109124683886,,,,,,,0.6533923399597459,0.45714285714285713,,0.0044949150875663755,,15.0,5.0,7.0,3.0,7.0,0.0,-4.0,0.0,0.0
KEEPLEARN.NS,EQ,1.74,27.0939008,33.0,avoid,False,True,,True,True,27.61904761904762,270939008.0,1.74,-0.07,,,-0.1619599690435363,0.052399997,-0.15956001,0.46247002,26.43,-6.349196906603212,,,,-2.067011375387797,78900000.0,0.1114016707893013,-9670000.0,,,,,4.275184,-18.04,1.126,0.0,50514.0,55.42,0.0,"[21125000.0, 14994000.0, 14534000.0, 22281000.0, 27091000.0]","[1036000.0, -7598000.0, -5419000.0, 344000.0, 3003000.0]","[0.01, -0.05, -0.03, 0.0, 0.02]","[-0.2902248520710059, -0.030678938241963438, 0.5330260079812852, 0.21587900004488136]","[-8.333976833976834, -0.2867859963148197, -1.0634803469274774, 7.729651162790697]","[-6.0, -0.4, -1.0, inf]","[0.2497411003236246, 0.31671946215432323, 0.29830280813196963]","[1.1312736878373721, 1.7207510951419993, 1.857416844758617]","[3.370967741935484, -11.075349838536061, -8.167235494880545, 1.3015312131919905, 10.189376443418015]",-0.03664918034874143,0.005464475534834312,-0.04663208114780393,,-0.040364777042381284,-0.3866666555404663,0.19480524607584693,0.44860772670486754,0.4444444444444444,0.6516273388767901,0.006651867981482744,-0.4866666793823242,13.0,8.0,5.0,4.0,0.0,7.0,-4.0,0.0,0.0
MADHUCON.NS,EQ,4.11,30.3297216,33.0,avoid,False,False,extreme_valuation_missing_core_risk_data,True,True,36.19047619047619,303297216.0,4.11,-42.05,0.4571569674068179,,,0.20127001,-0.69818,0.40762,,,,,,-0.459816559826368,5483075000.0,-0.2128328955669637,-4445264000.0,0.4570728663961323,-2.147566827855909,,,-0.016141195,107.451,0.585,0.0,36425.0,59.08,0.0,"[499421000.0, 1257497000.0, 1393310000.0, 1293979000.0, 1572926000.0]","[164191000.0, -993209000.0, -1066374000.0, -1207448000.0, -1178237000.0]","[2.22, -13.46, -14.45, -16.36, -15.97]","[1.5179097394783159, 0.10800264334626641, -0.07129138526243262, 0.2155730502581572]","[-7.049107441942615, 0.07366526078599778, 0.1322931729393253, -0.02419234617142929]","[-7.063063063063063, 0.07355126300148584, 0.13217993079584778, -0.023838630806845895]","[-1.9464634228771942, -1.9879473719219796, -2.421397491618826]","[0.3893643458443988, 0.39044273679685426, 0.49313779784676615]","[31.78502080443828, -17.024211790767694, -22.219553851516206, -18.751610093027598]",-0.18843685226216855,-0.3532423420645795,-0.15964528392215138,,-0.2132769687292082,-0.5196451171118728,0.013368971173472577,0.4389432873954637,0.42857142857142855,0.9699744931122436,0.013185959140810968,-0.5259822467902483,13.0,8.0,11.0,2.0,0.0,4.0,-5.0,0.0,0.0
MOHITIND.NS,EQ,22.99,32.5482656,33.0,avoid,False,True,,True,True,21.904761904761905,325482656.0,22.99,-0.46,-0.1811658408522236,,0.0282513414532835,-0.03639,-0.00492,0.19834,60.172,0.6803249053966112,,,,-16.34484071582688,1390557000.0,-0.0531258694719216,-7879000.0,-0.1830017571049439,3.4446825797677514,,,0.3284239,55.24,0.244,0.0,7270.0,54.94,0.0,"[248329000.0, 368271000.0, 362886000.0, 345360000.0, 322449000.0]","[-2917000.0, 661000.0, -2834000.0, -1424000.0, -4283000.0]","[-0.21, 0.05, -0.2, -0.1, -0.3]","[0.4829963475872734, -0.014622384059564841, -0.048296159124353144, -0.06633947185545519]","[-1.2266026739801166, -5.287443267776097, -0.49752999294283695, 2.0077247191011236]","[-1.2380952380952381, -5.0, -0.5, 1.9999999999999996]","[0.6017224704591994, 0.4009074610098046, 0.35025983448086223]","[0.8635733153216176, 0.9651728050881887, 0.9032821894511874]","[0.7159907055344318, 0.8965023522192678, 0.601712846347607, 0.799143170270001, 0.4328226281673542]",-0.07248206264366408,-0.04594709492693205,-0.020471699979059066,,-0.01878550659992917,-0.3493940574168851,0.1701223207758944,0.5415051523887131,0.36507936507936506,0.3476653003029763,0.020120936736345293,-0.44398467490842697,13.0,8.0,2.0,2.0,5.0,7.0,-4.0,0.0,0.0
NAGREEKEXP.NS,EQ,21.03,65.7171776,33.0,avoid,False,True,,True,True,25.71428571428571,657171776.0,21.03,1.02,-0.1757429400382886,,0.0788877515849722,0.025190001,0.00535,0.16143,108.513,1.3685235683677444,,,,5.645950359242326,5024674000.0,0.0962782454331245,30620000.0,0.0030117365067765,0.0312815890363158,20.617647,,0.40499943,12.407,1.146,0.0,56433.0,,,"[1738156000.0, 1701004000.0, 1277786000.0, 1229957000.0, 903055000.0]","[10364000.0, 4293000.0, 6223000.0, 10907000.0, 9196000.0]","[0.33, 0.14, 0.2, 0.35, 0.29]","[-0.02137437606290804, -0.24880482350423627, -0.03743115044303191, -0.26578327535027646]","[-0.5857776920108066, 0.4495690659212672, 0.7526916278322353, -0.15687173374896857]","[-0.5757575757575757, 0.4285714285714286, 0.7499999999999998, -0.17142857142857149]","[1.0851298605463218, 1.1068726971662772, 1.0773593707692157]","[1.3791526946280694, 1.2923914870659197, 1.4186355308289873]","[1.3919199316489685, 1.2918712493180577, 1.3417241379310345, 1.335533969288041, 1.2658627698730978]",-0.04527119018643033,-0.11101836181354152,-0.006993077880821041,,-0.08355576621190897,-0.37149602771705725,0.1703295793499966,0.5280483717505954,0.4444444444444444,0.927126156051964,0.0904680858182621,-0.4629683950806276,10.0,0.0,4.0,4.0,8.0,7.0,0.0,0.0,0.0
NOIDATOLL.NS,EQ,3.85,71.6850752,33.0,avoid,False,True,,True,True,55.23809523809524,716850752.0,3.85,1.53,,,1.7221250036456963,0.34463,0.64781,0.43567002,,6946.64705882353,,,,1.3765529263789693,428702000.0,0.2180189192126749,271906000.0,,,2.5163398,,-5.6368957,5.107,0.891,0.0,179713.0,,,"[113845000.0, 112360000.0, 105943000.0, 105197000.0, 105202000.0]","[52937000.0, 38750000.0, 153557000.0, 38074000.0, 41525000.0]","[0.29, 0.21, 0.83, 0.2, 0.22]","[-0.0130440511221398, -0.05711107155571382, -0.007041522328044336, 4.752987252487628e-05]","[-0.26799780871602097, 2.9627612903225806, -0.7520529835826436, 0.09063928139938016]","[-0.27586206896551724, 2.9523809523809526, -0.7590361445783133, 0.09999999999999987]","[-3.405867737761655, -1.3481122827302776, -1.0782296428275253]","[1.0059193852344335, 0.5944605589237724, 0.5139590692524232]","[7645.571428571428, 2554.2, 155291.0, 41390.0]",-0.047263696050234394,-0.1868365408309277,0.12316710478118731,,-0.1522700752930215,-0.4658298629076558,0.31164377521766307,0.3858416569745904,0.4126984126984127,0.48087350847244736,0.05013042723613977,-0.5034867636124705,10.0,0.0,7.0,7.0,5.0,4.0,0.0,0.0,0.0
OPTIFIN.NS,EQ,14.17,105.8824896,33.0,avoid,False,True,,True,True,33.33333333333333,1058824896.0,14.17,0.77,0.0118121157895649,,0.124776522484264,0.044120003,0.028180001,0.14214,35.133,4.3343712506427465,,,,-2.9424105448397224,1852609000.0,0.2460352782618864,57962000.0,0.0859414387944415,0.3493053492229808,18.402597,15.579424827732522,1.5758452,,-0.277,0.0,65553.0,,,"[598403000.0, 560967000.0, 435506000.0, 458623000.0, 397512000.0]","[13107000.0, 14023000.0, 12360000.0, 17196000.0, 14388000.0]","[0.18, 0.19, 0.17, 0.23, 1.9]","[-0.06255984679221194, -0.22365130212650652, 0.05308078419126261, -0.13324887761843607]","[0.06988632028686959, -0.11859088640091275, 0.39126213592233006, -0.16329378925331473]","[0.05555555555555558, -0.10526315789473684, 0.3529411764705881, 7.260869565217391]","[0.5861629401492013, 0.41982126980212475, 0.4008058363782054]","[2.3802677038862727, 4.719469516881445, 2.9289217399539553]","[2.7038229111928533, 4.126275882181394, 3.5017627540439653, 4.539205597859642, 3.8342403134523293]",-0.009702033289114897,,,,,,,0.983776274998204,0.42857142857142855,,0.290712252165904,,7.0,0.0,10.0,9.0,5.0,2.0,0.0,0.0,0.0
RANASUG.NS,EQ,13.18,202.4023936,33.0,avoid,False,True,,True,True,24.761904761904763,2024023936.0,13.18,0.37,-0.2786812598113505,,0.0829208346992902,-0.044180002,0.00339,0.21931,53.558,2.4685521010336657,,,,3.871394977744184,17171198000.0,0.0212519985257022,238140000.0,-0.2784670879751855,-13.10310122779306,35.62162,,0.3535977,22.434,0.12,0.0,374463.0,,,"[4644530000.0, 4378413000.0, 4293575000.0, 3453384000.0, 5309041000.0]","[-206526000.0, 277534000.0, 127219000.0, -141295000.0, -25318000.0]","[-1.35, 1.81, 0.83, -0.92, -0.16]","[-0.05729686319175464, -0.019376427029610954, -0.19568564657657084, 0.5373445293080643]","[-2.343821116953798, -0.5416093163360165, -2.1106438503682625, -0.8208146077355887]","[-2.340740740740741, -0.5414364640883979, -2.108433734939759, -0.8260869565217391]","[0.4755840542500232, 0.43162979555792336, 0.6528101442558912]","[1.213240539793788, 1.1989133076905465, 1.1193152795448573]","[-2.7874211828557747, 6.161293772354052, 3.4613994013573186, -3.307974575715877, 0.6010169560196909]",-0.11543619848254416,0.10477786823338908,0.0435471247625725,,0.06359590670210191,-0.17211053756200834,0.23872179322315823,0.42599408575501924,0.36507936507936506,0.9804005445932709,0.5959393028696107,-0.289245146724734,7.0,0.0,2.0,5.0,5.0,14.0,0.0,0.0,0.0
SUPERSPIN.NS,BE,6.8,38.0977632,33.0,avoid,False,True,,True,True,27.61904761904762,380977632.0,6.8,0.12,-0.3343492376931617,,0.0458697069439806,0.49248,-0.82401,0.91059,30.667,2.067440693757615,,,,-0.5361771802826611,63091000.0,0.0438522336873192,-58020000.0,-0.3331295043450664,-7.596637077152977,56.666668,,0.6319116,10.257,0.534,0.0,32094.0,,,"[14951000.0, 16402000.0, 15797000.0, 15852000.0, 15040000.0]","[5589000.0, -71339000.0, 11263000.0, 2574000.0, -519000.0]","[0.1, -1.3, 0.2, 0.05, -0.01]","[0.09705036452411209, -0.036885745640775514, 0.0034816737355194416, -0.05122382033812767]","[-13.764179638575774, -1.157879981496797, -0.77146408594513, -1.2016317016317015]","[-14.0, -1.1538461538461537, -0.75, -1.2]","[0.3066713909698319, 0.3725973688390833, 0.3911519945789343]","[0.33242430988423866, 0.31459277840425287, 0.317896614957625]","[3.1302857142857143, -2.040699262496586, 6.0937940761636105, 2.851728907330567, 2.2723958333333334]",-0.017167366164289044,0.3470588262793377,0.5032821942020986,,0.2373069819461533,-0.2895553431896115,0.7751938213730989,0.35582913599076743,0.6031746031746031,0.7785056312528423,0.024508392370374204,-0.5997931897594906,13.0,0.0,2.0,7.0,6.0,12.0,-7.0,0.0,0.0
SUPTANERY.NS,BE,8.52,91.9933056,33.0,avoid,False,True,,True,True,37.142857142857146,919933056.0,8.52,0.64,0.016669728629223,,0.1173322283800348,0.05785,0.02737,0.36834,83.203,2.7275075033154184,,,,0.5783554928322068,2361636000.0,0.0331552073043854,67315000.0,0.0215560795539231,0.650156681453531,13.312501,7.986033423880945,0.8418973,8.213,0.332,0.56,186083.0,,,"[720480000.0, 555834000.0, 567275000.0, 592516000.0, 646011000.0]","[24345000.0, 27167000.0, 11402000.0, 6919000.0, 21525000.0]","[0.22, 0.25, 0.11, 0.06, 0.2]","[-0.2285226515656229, 0.020583483558040738, 0.04449517429817984, 0.09028448176926873]","[0.11591702608338461, -0.5802996282254205, -0.39317663567795125, 2.1109986992339933]","[0.13636363636363646, -0.56, -0.4545454545454546, 2.3333333333333335]","[0.8357768407690342, 0.593478637968298, 0.6699255278533561]","[0.9790272968467575, 1.0428578162192736, 1.036398341997233]","[3.2591068537506747, 3.3434761828899155, 2.04628801431127, 1.7811497849041846, 3.5127077223851417]",-0.29043281291936696,,,,,,,1.1349363261614673,0.42857142857142855,,0.13116892613874911,,10.0,0.0,5.0,6.0,10.0,2.0,0.0,0.0,0.0
TIGERLOGS.NS,EQ,23.59,249.4052864,33.0,avoid,False,True,,True,True,40.95238095238095,2494052864.0,23.59,1.76,-0.1362386391749938,,0.2043310261753266,0.01661,0.030469999,0.05424,31.442,7.348805788005579,,,,-0.819178158595591,5728210000.0,0.0974736750384515,215151000.0,-0.0249901083705736,-0.2563780257666039,13.403409,,0.47300142,9.952,0.702,0.0,112536.0,,,"[1525250000.0, 1625468000.0, 1390245000.0, 1687310000.0, 1025187000.0]","[21699000.0, 22199000.0, 59377000.0, 86190000.0, 47068000.0]","[0.23, 0.22, 0.561617, 0.83, 0.55]","[0.06570594984428779, -0.14471093863428874, 0.2136781646400454, -0.392413368023659]","[0.023042536522420498, 1.6747601243299246, 0.45157215756942914, -0.45390416521638244]","[-0.0434782608695653, 1.5528045454545456, 0.47787549166068666, -0.3373493975903613]","[0.3168989873734217, 0.3235930693212603, 0.24856834214019835]","[2.2971485722366483, 1.8754994920813506, 3.289187556055516]","[3.3460885041663295, 3.2651412173387704, 6.3112938298450665, 13.628532264867145, 8.455901503492365]",-0.15204887090718766,-0.2890295378053971,-0.15719898729940218,,-0.1471619168845728,-0.49957572214631674,0.0,0.37544176325228934,0.36507936507936506,0.7085448845008517,0.28559761868985173,-0.49957572214631674,7.0,0.0,2.0,9.0,10.0,5.0,0.0,0.0,0.0
TNTELE.NS,BE,9.9,45.2146848,33.0,avoid,False,True,,True,True,31.428571428571427,452146848.0,9.9,-3.26,0.0797070703861615,,-0.1341,0.0,0.0,0.0,,-0.2363855877878822,0.036,0.024,48051864.0,0.3043269482617122,0.0,,-148899400.0,0.0755828523824915,,,,-0.22872192,-25.32,-0.013,0.0,121089.0,,,"[0.0, 0.0, 0.0, 0.0, 0.0]","[-34133600.0, -36866900.0, -34634800.0, -42982300.0, -34415500.0]","[-0.75, -0.81, -0.76, -0.94, -0.75]",[],"[0.08007652283966538, -0.06054482476150691, 0.24101481746682518, -0.19930994851369055]","[0.08000000000000007, -0.06172839506172845, 0.23684210526315774, -0.202127659574468]","[-0.20179749303703184, -0.19698926695318913, -0.1983693672605433, -0.19822780701461784, -0.20174695554584823]","[0.036386447579647936, 0.0368709575926631, 0.04875571797865642, 0.04870362657055833, 0.05023631647788928]","[-0.20453815615350684, -0.33142048183633743, -0.22544669709514206, -0.49889977298009824, -0.20425709106941656]",0.05239680037492045,0.050055597410673336,0.0666665732748355,,0.07773014385128318,-0.3516483991535617,0.1639950653525637,0.7137603636019809,0.47619047619047616,2.1305312803093477,0.08555370860517503,-0.4429945451271665,13.0,0.0,3.0,5.0,0.0,19.0,-7.0,0.0,0.0
USK.NS,EQ,18.96,104.9571392,33.0,avoid,False,True,,True,True,27.61904761904762,1049571392.0,18.96,1.18,-0.5909422575110166,,0.0277526329389342,0.10519,0.059380002,0.2189,44.985,1.0601521486278331,,,,5.439425051334703,2113256000.0,-0.0968882774550403,16558000.0,-0.5309675709992202,5.480204467930687,16.067797,,0.6162847,5.264,0.602,0.0,28346.0,,,"[462520000.0, 480471000.0, 474070000.0, 577073000.0, 581642000.0]","[24573000.0, 133547000.0, -47867000.0, 8161000.0, -77283000.0]","[0.44, 2.45, -0.86, 0.15, -1.4]","[0.038811294646718064, -0.01332234411650235, 0.21727382032189335, 0.00791754249462362]","[4.434704757253897, -1.3584281189393996, -1.1704932416905174, -10.46979536821468]","[4.568181818181818, -1.3510204081632653, -1.1744186046511629, -10.333333333333334]","[0.4498451330681268, 0.39286698126581276, 0.35611381812655535]","[1.7027034555989617, 1.572421996797866, 1.7390192823723682]","[1.9225554798151936, 10.275265957446809, -2.771734022556391, 1.4053541635067497, -3.302086811352254]",-0.10430623660121785,-0.17131477702934206,-0.06633416330748154,,-0.1024237429603877,-0.3711790720355017,0.017944531520311502,0.2406797075019331,0.38095238095238093,1.1225112791393714,0.047876369460964206,-0.38226405418638354,7.0,0.0,2.0,7.0,9.0,10.0,-2.0,0.0,0.0
ZEELEARN.NS,EQ,6.07,199.1414016,33.0,avoid,False,True,,True,True,49.523809523809526,1991414016.0,6.07,1.44,,,0.1544615363958936,0.22521,0.0994,0.45145,161.224,2.7811620518668985,,,,2.798414037455711,4387846000.0,0.1063187554706268,385255000.0,,,4.2152777,,0.843876,4.741,1.011,0.0,388010.0,,,"[933164000.0, 1767742000.0, 796705000.0, 742528000.0, 791427000.0]","[84216000.0, 454175000.0, -26468000.0, -61408000.0, 18956000.0]","[0.26, 1.39, -0.08, -0.19, 0.06]","[0.8943529754684063, -0.5493092317770354, -0.06800133047991419, 0.06585475564557841]","[4.392977581457205, -1.058277095833104, 1.3200846304972043, -1.3086894215737364]","[4.346153846153846, -1.0575539568345325, 1.375, -1.3157894736842106]","[1.6122358239170753, 2.19814789695003, 2.0323626212795123]","[1.0078034515219734, 0.9387096627434567, 0.9101193062078705]","[3.099565217391304, 6.758752825956024, 1.5236963411120714, 0.5441058603510868, 1.5241413439971903]",-0.08554577914380446,-0.31111113230387366,0.2399999618530273,,-0.13173691734852877,-0.3621399548417563,0.4588234845329733,0.37474337198491636,0.31746031746031744,0.35819496780305743,0.21033058383644582,-0.5329670525449375,7.0,0.0,5.0,6.0,10.0,5.0,0.0,0.0,0.0
INVENTURE.NS,EQ,0.81,85.0500032,32.0,avoid,False,True,,True,True,32.38095238095238,850500032.0,0.81,0.03,-0.277050436706485,,0.0265287080602877,0.46646,0.07828,0.72943,13.28,2.677381605412324,,,,0.3505264526192642,328057000.0,0.0375574747346298,38465000.0,-0.253930695959726,-6.761122726006632,27.0,,0.30740038,,0.499,0.0,682948.0,26.4,0.0,"[112759000.0, 106110000.0, 121629000.0, 112093000.0, 105678000.0]","[46130000.0, -53390000.0, 30777000.0, 7980000.0, 53104000.0]","[0.044, -0.051, 0.029, 0.01, 0.051]","[-0.05896646830851637, 0.14625388747526147, -0.07840235470159251, -0.05722926498532466]","[-2.157381313678734, -1.5764562652182057, -0.7407154693439906, 5.654636591478697]","[-2.159090909090909, -1.5686274509803924, -0.6551724137931034, 4.1]","[0.13275944246804486, 0.10444509714023727, 0.1200870479820095]","[2.463043932750951, 231.34341611319664, 3.2615936493471103]","[10.00831873905429, -17.251434034416825, 4.944252590034534, 2.4197167297714204, 13.249617931737138]",-0.11956523077136383,-0.0999999735090461,-0.20588233575413906,,-0.04681545735910819,-0.4563758408055155,0.0,0.2841889364950393,0.25396825396825395,0.7115776675914217,0.06586091219094455,-0.4563758408055155,10.0,2.0,2.0,8.0,5.0,7.0,-2.0,0.0,0.0
IRB.NS,EQ,17.48,21112.3437568,32.0,avoid,False,True,,True,True,43.80952380952381,211123437568.0,17.48,0.79,0.0556671919780007,,0.0576654299837631,0.22489999,0.15478,0.57896,95.6,1.7556758275665143,,,,2.467227997553977,62523500000.0,-0.0038247852598011,8503600000.0,0.0570314211651938,-14.911012590589037,22.126581,3.9747974010875673,0.98879963,14.885,-0.015,1.14,12987814.0,30.81,0.0199999999999995,"[17005440000.0, 15264440000.0, 14898800000.0, 14476060000.0, 18659040000.0]","[3062700000.0, 2962590000.0, 2107900000.0, 1408240000.0, 2024820000.0]","[0.25, 0.25, 0.175, 0.115, 0.17]","[-0.10237900342478645, -0.023953712026120844, -0.02837409724273099, 0.2889584596913801]","[-0.03268684494073859, -0.2884941892060663, -0.3319227667346648, 0.4378373004601488]","[0.0, -0.30000000000000004, -0.34285714285714275, 0.4782608695652175]","[0.9560015821449425, 1.0231184648362726, 1.0389750042102575]","[1.2387021412262111, 1.345230952137218, 1.5772706561056804]","[1.9509884274426452, 1.9996007600346009, 1.6759834653174952, 1.578332542431513, 1.6198796106501934]",-0.09194807572798291,-0.1363467205635157,-0.16121561468772405,,-0.09039462936591713,-0.23099184056480926,0.03615878320434329,0.2504903702075614,0.30158730158730157,1.018295173043079,31.672883415982245,-0.25782788130500955,0.0,2.0,3.0,6.0,8.0,13.0,0.0,0.0,0.0
KHANDSE.NS,EQ,17.17,26.190784,32.0,avoid,False,True,,True,True,21.904761904761905,261907840.0,17.17,-0.39,,,-0.0345090272007855,0.03299,-0.06735,0.97863996,10.393,-4.884579274464275,,,,1.6099897694184309,79132250.0,0.0802910633342712,-12707000.0,,,,,0.9392265,,0.564,0.0,2940.0,48.78,0.0500000000000042,"[22668000.0, 22993000.0, 10553000.0, 33979000.0, 11420000.0]","[843000.0, -4401000.0, -4877100.0, 2432000.0, -5860000.0]","[0.06, -0.29, -0.32, 0.16, -0.38]","[0.014337391918122444, -0.5410342278084634, 2.219842698758647, -0.6639100620971776]","[-6.220640569395018, 0.10817995910020439, -1.4986569887843184, -3.4095394736842106]","[-5.833333333333333, 0.10344827586206917, -1.5, -3.375]","[0.11065660158427296, 0.1003131721465954, 0.05203321087457073]","[0.7842786206124449, 1.556333765239708, 0.585378697982444]","[2.011015911872705, -5.315126050420168, -6.807324840764331, 5.3446428571428575, -13.384803921568627]",-0.022714452698188836,-0.02987602556277269,0.19680103946520489,,-0.011088839619996183,-0.26765961342669553,0.3767999267578126,0.3860004944221834,0.5079365079365079,0.6394134167719074,0.004854923523330688,-0.46808510638297873,13.0,5.0,2.0,4.0,5.0,7.0,-4.0,0.0,0.0
SHIVAMAUTO.NS,EQ,18.0,238.9874176,32.0,avoid,False,True,,True,True,29.52380952380953,2389874176.0,18.0,-7.39,0.2965544785765119,,-0.0277446626156907,-0.00466,-0.19639999,0.51351,,-0.1084502521779,,,,-0.061377127709279,3914783000.0,-0.038157583712218,-813316000.0,0.3281201759644214,-8.599081599062517,,,-3.967379,16.19,0.445,0.0,53358.0,,,"[1095782000.0, 1094299000.0, 961847000.0, 1132336000.0, 907315000.0]","[-209894000.0, -267186000.0, -245333000.0, -124232000.0, -176561000.0]","[-1.6, -2.98, -1.87, -0.94, -1.34]","[-0.0013533713822639903, -0.1210382171600266, 0.17725168347980502, -0.19872281725565555]","[0.2729568258263695, -0.08178946501687967, -0.49361887719956143, 0.4212199755296542]","[0.8624999999999998, -0.37248322147651003, -0.49732620320855625, 0.4255319148936172]","[-9.906720646180998, 191.97625809383166, 10.75611073169957]","[0.7625751090682675, 0.3769624364000933, 0.45680737423751]","[-0.02510329468532971, 0.04548714988015885, -0.21932886469689733, 0.15155122159654505, -0.2676728916176345]",-0.028274655122639825,-0.14212934933562948,-0.01692930661916814,,-0.012910277363877842,-0.4421994085892601,0.26236881259113165,0.5346536522889054,0.3492063492063492,2.310371145270023,0.17730915539877892,-0.5581318344947058,7.0,0.0,11.0,0.0,0.0,18.0,-4.0,0.0,0.0
VIKASLIFE.NS,EQ,1.19,221.0625792,32.0,avoid,False,True,,True,True,39.04761904761905,2210625792.0,1.19,0.1,,0.03387,0.0226810226933147,-0.16442,0.03686,0.03143,19.138,2.0949246678327045,1.648,0.896,-364365504.0,16.819868758419886,4993633000.0,0.0160660218061448,184088000.0,,,11.900001,,0.40781358,-8.478,0.342,0.0,2011003.0,,,"[1686238000.0, 1413266000.0, 923836000.0, 1352046000.0]","[415747000.0, -1189522000.0, -39597000.0, -28965000.0]","[0.22, -0.64, -0.02, -0.02]","[-0.16188224912497529, -0.3463113101143026, 0.4635130044726554]","[-3.8611679699432586, -0.9667118388730935, -0.26850518978710514]","[-3.909090909090909, -0.96875, 0.0]","[0.19120808024541594, 0.17553865480682235, 0.14423724262020585]","[1.6477216086632003, 1.6611260183071097, 1.7685954093979952]","[23.70342474571907, -64.41292150133464, -2.3535064935064933, -2.5943053173241855]",-0.08527133144027743,-0.15714288025486267,-0.20270274841846325,,-0.08887228135627145,-0.4537037496949401,0.11320755777939628,0.27270876968891794,0.25396825396825395,0.9626463486219975,0.2262176375941998,-0.5092593052504957,7.0,0.0,2.0,11.0,8.0,8.0,-4.0,0.0,0.0
VINNY.NS,EQ,0.86,40.0112096,32.0,avoid,False,True,,True,True,29.52380952380953,400112096.0,0.86,0.02,-0.3435595460326919,,0.0245855313757331,0.0011,0.00637,0.4404,19.671,2.5246741673164754,,,,16.53528455284553,1236171000.0,0.0550234228337602,9225000.0,-0.2736509274488765,-4.973353407614162,43.0,,0.43456292,7.232,0.175,0.0,272655.0,,,"[336020000.0, 371004000.0, 291159000.0, 329768000.0, 254224000.0]","[2103000.0, 4194000.0, 2103000.0, 62000.0, 2865000.0]","[0.005, 0.01, 0.0, 0.0, 0.01]","[0.10411285042556995, -0.21521331306401004, 0.1326045219278813, -0.22908226389461683]","[0.9942938659058489, -0.4985693848354793, -0.9705183071802187, 45.20967741935484]","[1.0, -1.0, inf]","[0.19670758491570778, 0.16674230051471461, 0.05478405295402418]","[1.9069383242714868, 2.353177596062242, 3.313165302520462]","[2.155304289990023, 2.186762778505898, 2.1209876543209876, 3.6282394995531724, 3.201765447667087]",-0.11881188703113865,-0.1682243532088632,-0.19819822141890198,,-0.1140984166587764,-0.3687943214442214,0.0,0.18014630566017362,0.2222222222222222,0.7919040774472896,0.027955639760002492,-0.3687943214442214,13.0,0.0,2.0,7.0,7.0,5.0,-2.0,0.0,0.0
BILVYAPAR.NS,BE,4.35,13.6442864,31.0,avoid,False,True,,True,True,21.904761904761905,136442864.0,4.35,0.13,-0.94073901451567,,,0.0,0.0,0.0,,,,,,-186.8233532934132,0.0,-1.0,-334000.0,-0.9394860567571568,0.9394860567571568,33.46154,,-0.0730724,,-0.158,0.0,5855.0,51.27,0.0,"[0.0, 0.0, 0.0, 0.0, 0.0]","[-2444000.0, 14081000.0, 609000.0, -8057000.0, -6968000.0]","[-0.08, 0.45, 0.02, -0.26, -0.22]",[],"[-6.761456628477905, -0.956750230807471, -14.229885057471265, -0.13516197095693183]","[-6.625, -0.9555555555555556, -14.0, -0.15384615384615385]","[-0.9381146766532387, -0.9301343304251489, -0.9313559936319925]","[0.11933482823944784, 0.07518750326338926, 0.07592926307934435]",[],0.01965600008154267,-0.043778813488558055,-0.26024955497324564,,-0.001496147926255964,-0.6595569944033632,0.0641025625350522,0.3438573445692743,0.4126984126984127,0.837930051227594,0.002701699009575844,-0.6800656087270514,15.0,8.0,1.0,0.0,0.0,7.0,0.0,0.0,0.0
CIFL.NS,EQ,20.07,784.8499712,31.0,avoid,False,True,,True,True,40.0,7848499712.0,20.07,0.99,,,0.0335033695226782,0.13289,0.073249996,0.584,145.741,7.736176331404026,,,,-6.5330458661812125,4996371000.0,-0.0743545703893636,388914000.0,,,20.272726,,1.1659114,67.9,0.57,0.0,200549.0,72.59,0.0,"[1226787000.0, 1212706000.0, 1421191000.0, 1275871000.0, 1218033000.0]","[-32704000.0, -1567000.0, -29247000.0, 448214000.0, -28487000.0]","[-0.08, 0.0, -0.08, 1.15, -0.07]","[-0.011477950125001302, 0.1719171835547939, -0.10225226588122216, -0.04533216916130234]","[-0.9520853718199609, 17.664326738991704, -16.325127363490274, -1.0635566939006813]","[-1.0, -inf, -15.374999999999998, -1.0608695652173914]","[1.428196845899732, 1.0421467732651866, 1.5866073676501338]","[1.4279312499404204, 65.667202169831, 1.1837576483181815]",[],0.014077460796264818,-0.10752213558227175,-0.17807663717193833,,-0.06449892202939778,-0.47651179041480307,0.0327700648820799,0.2781319761913034,0.42857142857142855,0.9767998929953047,0.39103342563530924,-0.493122208528606,4.0,10.0,0.0,8.0,5.0,8.0,-4.0,0.0,0.0
DELPHIFX.NS,BE,7.31,179.2907392,31.0,avoid,False,True,,True,True,35.23809523809524,1792907392.0,7.31,0.24,-0.3719485504682704,0.01635,0.1214418944124564,0.01883,0.00306,0.06816,134.635,1.8489080947603984,1.168,0.406,-28330000.0,14.495740271701589,13976310000.0,-0.188492371873266,43430000.0,-0.3390609452372624,1.798804598125764,30.458334,,0.5490461,3.579,0.884,0.0,87917.0,61.32,0.0,"[2784570000.0, 3578100000.0, 4199710000.0, 3428660000.0, 3083430000.0]","[-20760000.0, 2100000.0, -1660000.0, 45140000.0, 28740000.0]","[-0.08, 0.001333, -0.009311, 0.252025, 2.58]","[0.2849739816201424, 0.17372627931024853, -0.18359601020070437, -0.10068948218837681]","[-1.1011560693641618, -1.7904761904761903, -28.19277108433735, -0.36331413380593713]","[-1.0166625, -7.984996249062266, -28.067447105574054, 9.237079654796151]","[0.5329813687421144, 0.8100722054656796, 0.12356861692610485]","[1.1675085749922045, 0.9293752719249176, 3.623689596867491]","[1.5747352868751539, 1.053486274004382, 4.791887125220459, 11.667832167832168, 10.592857142857143]",0.23960058661282502,-0.15244597934052828,-0.2623762843679188,,-0.1846505302555026,-0.5583877036959486,0.5020160790257602,0.44134600366266297,0.4444444444444444,0.6605635852847993,0.09816167683713437,-0.7059869714640534,7.0,8.0,2.0,6.0,7.0,3.0,-2.0,0.0,0.0
ESSARSHPNG.NS,EQ,16.25,337.812352,31.0,avoid,False,True,,True,True,40.95238095238095,3378123520.0,16.25,4.39,,,,-79.75,758.25,0.0,,-0.5023461590025473,,,,1.1562555773692664,800000.0,-0.8903424183142244,-1120600000.0,,,3.7015946,,-0.16209799,-136.623,0.856,0.0,1162920.0,73.75,0.0,"[400000.0, 400000.0, 400000.0, 100000.0, 16900000.0]","[2304100000.0, -355700000.0, -882000000.0, -156500000.0, 273600000.0]","[11.13, -1.72, -4.26, -0.76, 1.32]","[0.0, 0.0, -0.75, 168.0]","[-1.1543769801657915, 1.479617655327523, -0.8225623582766439, -2.7482428115015978]","[-1.1545372866127583, 1.4767441860465116, -0.8215962441314554, -2.736842105263158]","[-0.7792403866561192, -0.6938547391775668, -0.6854973252144241]","[0.04603071044108395, 0.044810537901154766, 0.06843097220040835]","[10.332118266504658, -0.28783490224475017, -1.6646525679758308, 0.12078651685393259, 2.7606177606177607]",-0.021328481701657243,-0.2833556637530732,-0.3217905718340671,,-0.18180728392765655,-0.6095307792638887,0.03412747856305298,0.5582347217982063,0.38095238095238093,1.6557725635103586,1.0784578381242276,-0.6224167437474164,7.0,10.0,0.0,1.0,3.0,12.0,-2.0,0.0,0.0
MBLINFRA.NS,EQ,23.67,368.9662208,31.0,avoid,False,True,,True,True,26.666666666666668,3689662208.0,23.67,-1.23,-0.317847517137382,,0.0851805242149939,-0.10892,-0.08267,0.9211,103.497,1.2204163296329869,,,,-3.647033046803764,725584000.0,-0.2307285240116541,-225922000.0,-0.2352704881090197,1.0196853168320714,,,0.3674838,32.132,0.501,0.0,92704.0,74.57,0.5599999999999881,"[375500000.0, 521800000.0, 507000000.0, 501100000.0, 276900000.0]","[-51900000.0, -84600000.0, -93800000.0, 76600000.0, -124500000.0]","[-0.34, -0.57, -0.86, 0.54, -0.94]","[0.38961384820239675, -0.028363357608279016, -0.011637080867850091, -0.4474156854919178]","[0.630057803468208, 0.10874704491725762, -1.816631130063966, -2.62532637075718]","[0.6764705882352939, 0.5087719298245614, -1.627906976744186, -2.7407407407407405]","[1.0329460986909114, 0.9823750539224749, 1.006864743877566]","[0.26160842912869464, 0.3412848491043365, 0.29179055139805066]","[3.375824175824176, 10.020449897750511, 0.018575851393188854, 1.641778523489933, -0.03926482873851295]",0.022698020155814458,-0.08153849381666922,-0.02211305953481779,,-0.0928456269746154,-0.44439275441825465,0.25222860738943087,0.3435520663036598,0.4126984126984127,0.972732851167038,0.13398032271107674,-0.5563052606344451,7.0,10.0,1.0,2.0,5.0,8.0,-2.0,0.0,0.0
ORCHASP.NS,EQ,1.34,46.4210016,31.0,avoid,False,True,,True,True,31.428571428571427,464210016.0,1.34,0.03,0.0,,0.0086825904949519,-0.16921,0.050669998,-0.12146,6.016,,,,,-3.9938212927756656,212562000.0,-0.0322902294895335,10520000.0,0.4430272854456067,-13.720165277524847,44.666668,,0.41028783,-11.429,-0.304,0.0,184144.0,,,"[20837000.0, 16126000.0, 43537000.0, 75380000.0, 77519000.0]","[2800000.0, 1119000.0, 1903000.0, 2077000.0, 5422000.0]","[0.01, 0.003, 0.01, 0.01, 0.02]","[-0.2260882084753083, 1.6998015626937866, 0.7314008774146128, 0.028376227115945785]","[-0.6003571428571428, 0.7006255585344057, 0.09143457698370994, 1.6104959075589793]","[-0.7, 2.3333333333333335, 0.0, 1.0]","[0.060164980411859935, 0.13959001857229597]","[1.4846214486001232, 1.4297219314543075, 1.4900736851780034]",[],0.015503861641813277,-0.28415305351982356,-0.3417085746223192,,-0.16636418481356396,-0.6716792131206942,0.05645155863260798,0.6949098980268077,0.4126984126984127,0.8367752792364426,0.042703007306770686,-0.689223055996756,13.0,0.0,7.0,4.0,5.0,4.0,-2.0,0.0,0.0
SAKHTISUG.NS,EQ,18.11,215.5403264,31.0,avoid,False,True,,True,True,34.285714285714285,2155403264.0,18.11,2.31,-0.5930261607191594,,0.1546640734913262,0.045840003,0.02815,0.37497002,315.597,1.3872456823278494,,,,-0.1248147292470099,8414483000.0,-0.070853186427683,281345000.0,-0.5931659283486355,8.371760795176883,7.839827,,0.9428854,10.908,0.233,0.0,186614.0,,,"[3769099000.0, 3019241000.0, 1263531000.0, 3024241000.0, 3218325000.0]","[-18295000.0, 865010000.0, -342044000.0, -11008000.0, 740955000.0]","[-0.15, 7.28, -2.88, -0.09, 6.23]","[-0.19894887345755574, -0.5815070741288952, 1.393483816384402, 0.06417610236750315]","[-48.28122437824542, -1.3954220182425636, -0.9678170059992282, -68.31059229651163]","[-49.53333333333334, -1.3956043956043955, -0.96875, -70.22222222222223]","[3.155965831290353, 3.945736816537754]","[0.7019088214826522, 0.7895441497608419]","[0.9002185991438201, 6.023501601603316, -0.730813541806212, 0.9251514351361044, 3.8818073371637385]",-0.10420841779116785,0.07581216954928394,0.12382145394394395,,0.023471729227499072,-0.20178573815798317,0.29284159503995566,0.4830821001459656,0.38095238095238093,0.8866039842577834,0.3135298603437996,-0.34486027835904776,7.0,0.0,2.0,3.0,9.0,13.0,-3.0,0.0,0.0
SECURKLOUD.NS,EQ,15.12,50.516832,31.0,avoid,False,True,,True,True,31.428571428571427,505168320.0,15.12,-5.66,0.3991004579040884,,,-0.06594,-0.05337,0.17735,,-20.27148695665385,,,,-0.37683526539854,374778000.0,-0.5659912455378424,-1356752000.0,0.4081766841151983,-0.721171373821024,,,-0.9810537,-9.619,0.335,0.0,24446.0,,,"[135110000.0, 85531000.0, 96114000.0, 338041000.0, 110247000.0]","[-17139000.0, -72007000.0, -21374000.0, -78962000.0, -1401324000.0]","[-0.51, -2.155214, -0.64, -2.35, -41.94]","[-0.3669528532307009, 0.12373291555108668, 2.5170838795596895, -0.6738650045408693]","[3.2013536379018612, -0.7031677475800964, 2.6943014877889024, 16.746814923634155]","[3.225909803921568, -0.7030457300295934, 2.671875, 16.846808510638297]","[-1.101543564725623, -27.439152612950238, 1.5868177470758886]","[0.24386931709519977, 0.39377517248546917, 0.09847484418537313]","[-2.5321877404462683, -2.7683407188577056, -0.9656752628268488, -5.991920477915973, -82.54408871400464]",-0.11390190813955414,-0.18615876754167315,-0.2807017559726058,,-0.09527517332833502,-0.511904758251845,0.0,0.2741979563028314,0.42857142857142855,1.374568436003486,0.039610307054872514,-0.511904758251845,10.0,0.0,11.0,0.0,0.0,12.0,-2.0,0.0,0.0
SEYAIND.NS,BE,12.5,37.3024864,31.0,avoid,False,True,,True,True,21.904761904761905,373024864.0,12.5,-1.12,-0.5119443473080888,,-0.0033864752393419,0.0,0.0,0.0,94.447,,,,,5.79597091263352,0.0,-1.0,-28741000.0,-0.5116624954547346,0.5116624954547346,,,0.039924875,-821.025,0.34,0.0,7309.0,,,"[0.0, 0.0, 0.0, 0.0, 0.0]","[-7149000.0, -7058000.0, -6192000.0, -9268000.0, -19875000.0]","[-0.27, -0.27, -0.23, -0.35, -0.75]",[],"[-0.012729053014407632, -0.12269764805894023, 0.49677002583979335, 1.1444756150194215]","[0.0, -0.14814814814814814, 0.5217391304347825, 1.1428571428571428]","[0.9444697162137115, 0.9431750437596895, 0.9411585437125842]","[0.25810694642112203, 0.2729174285248516, 0.29339000954670813]",[-12563.0],0.027397272906396708,-0.03628114579323649,0.18825727343345866,,0.0005945892055874147,-0.46852854849336545,0.463834666378776,0.23482850745662368,0.49206349206349204,1.2089580362919183,0.012705468963623047,-0.6369320499688773,13.0,0.0,0.0,2.0,5.0,13.0,-2.0,0.0,0.0
SGL.NS,EQ,9.49,25.8334832,31.0,avoid,False,True,,True,True,21.904761904761905,258334832.0,9.49,-0.51,,,-0.0031675176415554,-0.05609,-0.01413,0.18042,48.323,,,,,-9.831554524361948,1015075000.0,0.0028959542909701,-2155000.0,,,,,0.9881299,-90.822,0.759,0.0,30030.0,,,"[203109000.0, 206169000.0, 297503000.0, 260230000.0, 251173000.0]","[-12459000.0, -7044000.0, 3052000.0, 2782000.0, -951000.0]","[-0.46, -0.26, 0.11, 0.1, -0.04]","[0.015065802106258186, 0.44300549549156276, -0.12528613156842117, -0.03480382738346843]","[-0.43462557187575246, -1.4332765474162408, -0.08846657929226731, -1.3418404025880661]","[-0.4347826086956522, -1.4230769230769231, -0.09090909090909083, -1.4]","[0.48322751241410056, 0.5629958815335231, 0.5650236522415312]","[2.3092392828559896, 2.0881112938895123, 2.099632169292948]","[-7.5570054945054945, -2.982175783650891, 2.4739583333333335, 2.555198285101822, 0.5618945102260495]",-0.07019324371705193,-0.06543961218023508,-0.28425998311018197,,-0.0800740408270656,-0.37354350598128316,0.07529415803797113,0.4437939398493584,0.4603174603174603,1.0689101756224386,0.01986605292848587,-0.41740919046581926,13.0,0.0,2.0,3.0,5.0,10.0,-2.0,0.0,0.0
SWISSMLTRY.NS,BE,13.99,330.3574528,31.0,avoid,False,True,,True,True,27.61904761904762,3303574528.0,13.99,0.3,0.0470663743006622,,0.0764036417822034,0.04281,0.02688,0.19268,11.623,8.667633065715135,,,,0.8065770675697127,2597757000.0,0.2595605753805838,75596000.0,0.0696814570126032,0.2684593255752801,46.63333,9.90799284901446,2.348892,25.342,0.301,0.72,67824.0,,,"[536476000.0, 648764000.0, 722232000.0, 671560000.0, 555201000.0]","[13646000.0, 13744000.0, 19956000.0, 22566000.0, 19330000.0]","[0.06, 0.06, 0.08, 0.1, 0.08]","[0.20930666050298607, 0.1132430282814707, -0.07016028090696613, -0.17326672225862172]","[0.007181591675216259, 0.4519790454016297, 0.1307877330126277, -0.14340157759461136]","[0.0, 0.3333333333333335, 0.25, -0.20000000000000007]","[0.11622513838071113, 0.12459755918468786, 0.13237351441011497]","[4.542464142052436, 4.686169800527743, 5.8734915819367846]","[7.489828866645141, 6.673409461663947, 9.44198055893074, 10.356994971901804, 8.043606206527555]",-0.07674883940344379,,,,,,,0.4678929955586134,0.4857142857142857,,0.10383597746983528,,7.0,0.0,10.0,9.0,3.0,2.0,0.0,0.0,0.0
TTL.NS,EQ,6.96,179.7844224,31.0,avoid,False,True,,True,True,21.904761904761905,1797844224.0,6.96,0.03,-0.3391781289020406,,0.0740456812059379,0.04473,0.00274,0.37313998,63.733,1.4459141494435612,,,,-20.710309278350515,1893874000.0,-0.0193302473090921,2910000.0,,,232.0,,1.4371258,24.435,0.068,0.0,432145.0,,,"[570872000.0, 405914000.0, 456716000.0, 481692000.0, 624940000.0]","[6870000.0, -9988000.0, 1756000.0, 4272000.0, -41141000.0]","[0.03, -0.04, 0.01, 0.01948, -0.18]","[-0.2889579450384675, 0.12515458939578328, 0.054686063111430316, 0.2973850510284579]","[-2.4538573508005825, -1.1758109731678013, 1.4328018223234622, -10.630383895131086]","[-2.3333333333333335, -1.25, 0.948, -10.240246406570842]","[0.6373326683227987, 0.5821813744596837, 0.9899308501494457]","[2.0027732184008, 2.815795111380275, 1.825079206503773]","[1.5747345494146474, 1.615371659555356, 1.4313958462050282, 1.2086136023916294, 0.7056660612235857]",0.05489619806542767,0.05489619806542767,-0.1732558351004031,,0.05726711011926633,-0.3156881714557668,0.238676030840566,0.4076852651303979,0.38095238095238093,1.7886126821050459,0.27124799175890446,-0.44754575731972546,7.0,0.0,0.0,5.0,3.0,18.0,-2.0,0.0,0.0
VEDAVAAG.NS,EQ,23.19,54.4134784,31.0,avoid,False,True,,True,True,35.23809523809524,544134784.0,23.19,1.77,-0.1246635899061031,,0.0535189151761246,0.07424,0.0347,0.87257004,0.9,6.279801445360976,,,,0.5420734988852156,1285414000.0,0.1477954046481722,52028000.0,-0.1178281356846857,-0.7972381547665592,13.101695,,,4.556,0.312,0.0,74884.0,,,"[221175000.0, 493859000.0, 264242000.0, 216223000.0, 311091000.0]","[11001000.0, 2051000.0, 16234000.0, 12195000.0, 21549000.0]","[0.47, 0.09, 0.69, 0.52, 0.92]","[1.2328879846275576, -0.46494444770673415, -0.18172357157454155, 0.43875073419571464]","[-0.8135624034178711, 6.915163334958557, -0.2487988172970309, 0.7670356703567036]","[-0.8085106382978724, 6.666666666666666, -0.24637681159420277, 0.7692307692307692]","[0.01241477361988249, 0.014916780172758142, 0.03165062211680181]","[3.7657674018861793, 5.502712463646905, 7.292856429843595]","[10.932090545938749, 1.7488417801488136, 10.35361596009975, 8.981216457960643, 14.021850899742931]",0.22424241214137242,,,,,,,0.7941911315844508,0.42857142857142855,,0.33447472916557314,,10.0,0.0,5.0,9.0,5.0,2.0,0.0,0.0,0.0
AXITA.NS,EQ,7.38,282.4130816,30.0,avoid,False,True,,True,True,20.0,2824130816.0,7.38,0.09,-0.5174150708430043,,0.0701619249394673,0.02668,0.01427,0.05901,,2.577870447595218,,,,0.5183237814816762,3687323000.0,-0.1211532126129576,19019000.0,-0.5184818843487222,4.279555392435952,82.0,,4.3488507,,-0.106,0.67,755089.0,41.91,-0.0200000000000031,"[582806000.0, 610314000.0, 893985000.0, 632702000.0, 1566973000.0]","[35904000.0, -23418000.0, 25958000.0, 362000.0, 16118000.0]","[0.09, -0.06, 0.063636, 0.0, 0.05]","[0.04719923954111649, 0.4647951710103324, -0.2922677673562756, 1.4766367104892981]","[-1.6522393048128343, -2.1084635750277565, -0.9860543955620618, 43.52486187845304]","[-1.6666666666666665, -2.0606, -1.0, inf]","[0.2786165227277629, 0.3406574465715981, 0.016152078718908322]","[3.3753790268422232, 2.58837191641247, 5.33900785327545]","[10.36913946587537, -7.604201883602994, 7.237540075779656, 1.4122875816993463, 7.217928413050364]",-0.07053621600962845,-0.008489256058572092,-0.18748194708468058,,0.0243638316126904,-0.3848601738689157,0.024333186580683508,0.16705092041174271,0.3333333333333333,1.134173621971439,0.5070489594256091,-0.3994729115587121,7.0,5.0,2.0,4.0,0.0,14.0,-2.0,0.0,0.0
GRADIENTE.NS,BE,2.39,79.4436032,30.0,avoid,False,True,,True,True,31.428571428571427,794436032.0,2.39,,,0.0095,0.00746,0.02313,0.0994,0.2044,3.255,,9.391,1.481,-38761500.0,,,,,,,,,0.21621133,16.998,,0.0,1049926.0,20.99,0.8399999999999999,[],[],[],[],[],[],[],[],[],-0.0681818407593342,-0.30898874222276573,,,-0.20171340256123393,-0.7245240812902134,0.20000004652069947,0.49213594484961215,0.49206349206349204,0.950358087622686,0.20764732827411414,-0.7704367433080472,10.0,4.0,0.0,10.0,5.0,5.0,-4.0,0.0,0.0
NOVAAGRI.NS,EQ,21.94,197.5034752,30.0,avoid,False,True,,True,True,29.52380952380953,1975034752.0,21.94,1.39,-0.1356710279436296,,0.0929721048182586,0.08169,0.046719998,0.31,21.663,5.097726588028087,,,,0.1313792996011964,2615942000.0,0.075029979283723,128384000.0,-0.1442915758095497,-1.9231189610744348,15.784173,,1.0394163,8.841,1.816,0.0,42476.0,,,"[600131000.0, 559144000.0, 665457000.0, 923857000.0, 467485000.0]","[32482000.0, 2204000.0, 26123000.0, 67602000.0, 32454000.0]","[0.36, 0.02, 0.28, 0.73, 0.36]","[-0.06829675520844614, 0.19013527821097953, 0.38830457865797485, -0.49398554105234904]","[-0.9321470352810788, 10.852540834845735, 1.5878344753665354, -0.5199254459927221]","[-0.9444444444444444, 13.000000000000002, 1.6071428571428568, -0.5068493150684932]","[0.21663149984351193, 0.23310214932801132, 0.24866686322471682]","[2.6465680708239745, 2.2690680952526563, 2.633128834355828]","[4.430240730978738, 1.827605476390053, 3.334531398345314, 9.006107906345436, 4.468622584648112]",-0.05834400403955342,-0.08731802664197341,-0.14558192656165925,,-0.07725767563449537,-0.542422343039963,0.19163955874183336,0.2983059341025559,0.42857142857142855,0.6693219494421749,0.10013017823435783,-0.616010014434935,7.0,0.0,2.0,9.0,7.0,5.0,0.0,0.0,0.0
RUSHIL.NS,EQ,15.62,458.3171072,30.0,avoid,False,True,,True,True,29.52380952380953,4583171072.0,15.62,0.79,-0.5940761875820755,,0.0452520914224564,0.04137,0.02487,0.44639,39.929,1.351095599611413,,,,13.194023193577165,8344400000.0,0.0029323219498185,67260000.0,-0.5575827047905093,-190.15057498206104,19.772152,,0.71431834,7.649,0.387,0.33,218633.0,,,"[2290030000.0, 2308960000.0, 2165410000.0, 2356490000.0, 1791570000.0]","[19830000.0, 101200000.0, 53000000.0, 53820000.0, -139780000.0]","[0.07, 0.34, 0.19, 0.19, -0.49]","[0.008266267254140702, -0.06217084748111701, 0.08824194956151499, -0.23972942809008313]","[4.103378719112456, -0.4762845849802372, 0.015471698113207477, -3.5971757710888146]","[3.8571428571428568, -0.4411764705882353, 0.0, -3.5789473684210527]","[0.39928864442976325, 0.4431008771377874, 0.4294662025224405]","[1.148594421019332, 1.150951821439606, 1.3109316955555381]","[1.3221821924858466, 2.779346405228758, 1.883982683982684, 2.0697641375390736, -1.1953791469194313]",-0.06566610986959831,-0.06914813021221733,-0.028728707807686438,,-0.022435453682029483,-0.4754387091641321,0.16809943917417658,0.4591268194616837,0.4126984126984127,0.6799214726214315,0.7856002764737892,-0.5509275381497294,7.0,0.0,2.0,6.0,9.0,8.0,-2.0,0.0,0.0
TREEHOUSE.NS,EQ,5.79,24.4979088,30.0,avoid,False,True,,True,True,21.904761904761905,244979088.0,5.79,-2.19,-0.461391327492029,,-0.0730001696715696,-2.58358,0.0,0.1033,3.323,,,,,-0.6310023969865538,39471940.0,-0.2502186631444604,-99691840.0,-0.3933947344948847,1.5722038058678445,,,0.20146137,-2.103,-0.064,0.0,16716.0,,,"[11498000.0, 6246000.0, 8700000.0, 10600000.0, 14372000.0]","[-21284000.0, -90740000.0, -9900000.0, -1000000.0, 1624000.0]","[-0.5, -1.44, -0.23, -0.02, 0.04]","[-0.45677509132022964, 0.39289145052833807, 0.21839080459770122, 0.35584905660377353]","[3.2632963728622437, -0.8908970685474984, -0.898989898989899, -2.624]","[1.88, -0.8402777777777778, -0.9130434782608696, -3.0]","[0.03322775473740314, 0.0, 0.00017647276268369124]","[2.9164775978706414, 4.889596602972399, 4.1318045661196425]","[-25.447852760736197, -21.684294871794872, 376.5]",-0.07377046168859613,-0.14523449602966343,-0.2681346827825277,,-0.08049834947945111,-0.44114735042193254,0.0,0.3200233863198562,0.3333333333333333,0.8615695824103938,0.011060008132529258,-0.44114735042193254,15.0,0.0,2.0,3.0,5.0,7.0,-2.0,0.0,0.0
UCOBANK.NS,EQ,23.25,29154.476032,30.0,avoid,False,True,,True,True,45.71428571428572,291544760320.0,23.25,2.24,0.1304038143380554,0.08541001,0.00735,0.60444,0.21541001,0.0,,,,,,-3.823958860327661,123288658000.0,0.0776427219827593,27678587000.0,0.1486607460101947,1.914677154713935,10.379464,0.7959478833259084,0.8623567,,0.728,1.92,3791175.0,,,"[34765500000.0, 31137500000.0, 31895600000.0, 30506300000.0, 34004300000.0]","[6563200000.0, 8011500000.0, 7395100000.0, 6197600000.0, 6074400000.0]","[0.52, 0.64, 0.59, 0.49, 0.48]","[-0.1043563302699515, 0.02434684865515857, -0.04355773210097946, 0.11466483972163122]","[0.22066979522184305, -0.07693939961305618, -0.16193154926911058, -0.01987866270814509]","[0.23076923076923084, -0.07812500000000011, -0.1694915254237288, -0.020408163265306145]","[0.7307918927885974, 0.5506840735447284, 0.7692568496123134, 0.6614458599530509, 0.8305400938217762]",[],[],-0.05978710021539291,-0.11861805155801464,-0.04055107977787775,,-0.07568778467454884,-0.30484240521548434,0.03979476459689302,0.18629820103204506,0.4444444444444444,0.5846453777875881,8.473678644665595,-0.33144730243567444,0.0,0.0,12.0,3.0,8.0,7.0,0.0,0.0,0.0
GANGAFORGE.NS,EQ,1.48,49.8768256,29.0,avoid,False,True,,True,True,29.52380952380953,498768256.0,1.48,-0.14,,,-0.0723847303209224,0.05293,-0.06577,0.26964,70.611,-3.201584747009637,,,,-0.0983851258058292,347602800.0,0.0175805157362329,-36538450.0,,,,,0.80086577,-29.008,0.059,0.0,2386605.0,35.51,0.0,"[71850000.0, 107268000.0, 88759000.0, 82682000.0, 77455000.0]","[10582000.0, -4627000.0, 394000.0, -29404000.0, -2901000.0]","[0.063548, -0.023831, 0.0, -0.174758, -0.015887]","[0.4929436325678498, -0.1725491292836634, -0.06846629637557877, -0.0632181127694057]","[-1.4372519372519372, -1.0851523665441971, -75.62944162436548, -0.9013399537477894]","[-1.375007868068232, -1.0, -inf, -0.9090914292907907]","[0.7054041023950554, 0.5819301904775059, 0.5155868885366808]","[1.3750634227325402, 1.465595912537505, 1.595167954842361]","[5.618933205189813, -1.4495738636363635, 1.2367049009384776, -11.55899248784799, 0.1485961123110151]",-0.07361963504258728,-0.291079854772871,-0.41472866855972257,,-0.23510913585341853,-0.6243781100428667,0.07857144012743134,0.5869278608102978,0.3968253968253968,0.8537835050389261,0.3940928805643791,-0.6517412978107837,13.0,5.0,2.0,3.0,5.0,5.0,-4.0,0.0,0.0
GVPTECH.NS,BE,7.13,131.2159616,29.0,avoid,False,True,,True,True,29.52380952380953,1312159616.0,7.13,-5.2,,,-1.025274809255692,-49.024017,0.0,-0.20316,18.926,-122.74957314528235,,,,0.1745513714831544,64826550.0,-0.2842028878674971,-912634250.0,,,,,1.4622642,-1.023,-0.249,2.79,51985.0,74.8,0.0,"[333000.0, 4283000.0, 1367000.0, 18195000.0, 40982000.0]","[36650000.0, -20225000.0, -13090000.0, -902923000.0, 21002000.0]","[0.21, -0.12, -0.08, -5.21, 0.13]","[11.861861861861861, -0.6808311930889563, 12.31016825164594, 1.2523770266556746]","[-1.5518417462482947, -0.3527812113720643, 67.97807486631017, -1.023260012204806]","[-1.5714285714285714, -0.33333333333333326, 64.125, -1.0249520153550864]","[0.18926269610388852, 0.0, 0.0008105559565847917]","[1.932829874054421, 2.1191024519285637, 1.1851611698829874]","[18.032619775739043, -1.6153116531165312, -4340.774038461538, 703.9333333333333]",-0.07707510753578573,0.07161090809740833,0.22444428957954488,,0.08373665879150716,-0.2616600679265534,0.3448814561236535,0.5404829373522886,0.4444444444444444,0.6037908865651431,0.036135983447930814,-0.4509999905853703,7.0,10.0,0.0,3.0,3.0,10.0,-4.0,0.0,0.0
INDOWIND.NS,EQ,8.28,133.3097984,29.0,avoid,False,True,,True,True,34.285714285714285,1333097984.0,8.28,0.07,-1.0,,0.0121322738097717,0.24673,-0.00798,0.91714996,3.094,1.4740079434817757,,,,6929.75,403313000.0,0.0590317770754309,4000.0,,,118.28571,,0.4367549,8.018,0.159,0.0,106632.0,48.2,0.0,"[84358000.0, 52678000.0, 61917000.0, 177433000.0, 115515000.0]","[19938000.0, -74590000.0, 4214000.0, 47436000.0, 22945000.0]","[0.13, -0.46, 0.03, 0.365859, 0.2]","[-0.3755423314919747, 0.17538630927521925, 1.8656588659011257, -0.34896552501507616]","[-4.741097401946033, -1.056495508781338, 10.256763170384433, -0.5162956404418585]","[-4.538461538461538, -1.065217391304348, 11.1953, -0.4533413145501408]","[0.03110093139819029, 0.06304243594635171, 0.05067131923859808]","[20.694762484774664, 4.300678414472842, 1.707800520917639]","[7.264921465968587, -57.031311154598825, 2.307824100513992, 2.902674560188101, 10.209506398537478]",-0.05836133703642976,-0.09100750168727001,0.012062772247271925,,-0.03983155856576903,-0.532069146652449,0.18838532738281977,0.238491967560518,0.47619047619047616,0.4956974312768815,0.08533935781572342,-0.6062465241151413,7.0,5.0,2.0,6.0,7.0,6.0,-4.0,0.0,0.0
INFOMEDIA.NS,EQ,5.46,27.4060192,29.0,avoid,False,True,,True,True,26.666666666666668,274060192.0,5.46,-0.4,-0.0455187827608644,,0.0656933505912291,0.66667,0.0,1.0,,0.2229211642968808,,,,0.060126582278481,0.0,,-30020000.0,-0.0460067259808265,,,,-0.42646253,106.324,0.525,0.0,14519.0,50.69,0.0,"[0.0, 0.0, 0.0, 0.0, 0.0]","[-9278000.0, -8129000.0, -9146000.0, -10281000.0, -9085000.0]","[-0.19, -0.17, -0.18, -0.21, -0.18]",[],"[-0.12384134511748224, 0.12510763931602908, 0.12409796632407599, -0.11633109619686799]","[-0.10526315789473684, 0.0588235294117645, 0.16666666666666674, -0.1428571428571429]","[-0.6289364371272645, -0.6518773500155451]","[1.7200061604805175, 1.1072961373390557]","[0.0024691358024691358, 0.00686641697877653, 0.010227446191421158, -0.000949667616334283, -0.0009668508287292818]",0.003683237856129562,-0.05545930203105354,0.009259206113829244,,-0.033846653307534225,-0.3229814061945232,0.18995631005493419,0.3959478388617486,0.38095238095238093,0.9489557411266677,0.007752467939083576,-0.43105592357905786,13.0,8.0,0.0,2.0,0.0,8.0,-2.0,0.0,0.0
LEXUS.NS,EQ,9.89,19.9686272,29.0,avoid,False,True,,True,True,31.428571428571427,199686272.0,9.89,0.84,,,-0.0195414657034826,-1.37804,-0.047509998,0.70735,305.089,-0.3300916583598745,,,,0.6219938784433756,738040000.0,-0.1859801905232674,-50314000.0,,,11.77381,,1.1092418,-9.91,-0.94,0.0,60180.0,52.91,-0.2100000000000008,"[137062000.0, 221026000.0, 180353000.0, 195228000.0]","[7084000.0, 3663000.0, 6217000.0, 5249000.0]","[0.35, 0.17, 0.31]","[0.6125986779705535, -0.18401907467899703, 0.08247714204920342]","[-0.48291925465838514, 0.6972426972426973, -0.15570210712562327]","[-0.5142857142857142, 0.8235294117647058]","[3.3293808458281937, 14.93683100689908]","[1.6409293547232435, 1.415394939886028]","[1.8366355618049341, 1.336083419273519, 1.6826478743068392, 1.374157519738109]",-0.27503738966369584,-0.3031609370617432,-0.5978441346698796,,-0.16826252635016314,-0.7468024155168058,0.023206780343041133,0.5737117074700333,0.36507936507936506,1.0945737290329653,0.048367534106726645,-0.7525450482273905,15.0,8.0,0.0,0.0,6.0,7.0,-7.0,0.0,0.0
RKDL.NS,EQ,16.68,40.032,29.0,avoid,False,True,,True,True,26.666666666666668,400320000.0,16.68,0.08,,,0.0041657274243722,-0.053979997,0.00895,0.24841999,109.187,3.347826086956522,,,,12.885964912280702,198710000.0,-0.1065982372680079,1368000.0,,,208.50002,,0.98204297,-61.76,-0.439,0.0,9945.0,,,"[36930000.0, 69055000.0, 48395000.0, 43957000.0, 41483000.0]","[683000.0, 495000.0, 192000.0, 403000.0, 278000.0]","[0.03, 0.02, 0.01, 0.02, 0.01]","[0.8698889791497428, -0.2991818115994497, -0.09170368839756171, -0.05628227586050005]","[-0.2752562225475842, -0.6121212121212121, 1.0989583333333335, -0.3101736972704715]","[-0.33333333333333326, -0.5, 1.0, -0.5]","[1.0918738001955368, 1.010455236434164, 0.9660655729880148]","[1.128159434916836, 1.1117773509611735, 1.2118777771954843]","[1.7859608745684694, 3.6062717770034842, 1.7384615384615385, 7.2, 4.564102564102564]",-0.11232872531838611,-0.14058353129453116,-0.13783927761534132,,-0.049553589881301874,-0.3966480248499463,0.0,0.2551278776405596,0.4603174603174603,0.8180705994974273,0.02568577579091072,-0.3966480248499463,13.0,0.0,0.0,6.0,5.0,9.0,-4.0,0.0,0.0
ROLLT.NS,BE,5.33,133.3192832,29.0,avoid,False,True,,True,True,36.19047619047619,1333192832.0,5.33,0.68,,,0.8272469787599144,0.0,0.0,0.0,121.05,767.8461538461538,,,,-0.044706463287587,0.0,-1.0,166061000.0,,,7.838235,,14.805554,-138.535,1.412,0.0,368869.0,,,"[0.0, 0.0, 0.0, 0.0, 0.0]","[-602000.0, 175789000.0, -5901000.0, -3225000.0, 514000.0]","[0.0, 0.7, -0.02, -0.01, 0.0]",[],"[-293.00830564784053, -1.0335686533287065, -0.4534824605998983, -1.1593798449612402]","[inf, -1.0285714285714285, -0.5, -1.0]","[1.2105002262979805, -1.387766963877175, -0.0]","[0.6532806111241027, 0.7614375317850484, 0.775622149747422]","[-9.56140350877193, 3126.910714285714, -58.58181818181818, -31.056603773584907, -36.65384615384615]",0.13537115630722307,1.1224488604321992,3.297520368039458,,0.6062758409854643,-0.1887675611467421,3.7706418807594355,0.6288794062685512,0.6349206349206349,1.0402383268028996,0.3453133086870456,-0.43977589988823707,7.0,0.0,0.0,5.0,3.0,14.0,0.0,0.0,0.0
ALLCARGO.NS,EQ,10.53,1577.1606016,28.0,avoid,False,True,,True,True,24.761904761904763,15771606016.0,10.53,0.17,-0.8016781074047632,,0.0597014925373134,0.03663,0.01467,0.19498,120.732,1.032258064516129,,,,39.375,20550000000.0,-0.5150199830992606,80000000.0,-0.766648432850199,1.488579973609377,61.941174,,2.8222997,8.294,0.815,0.0,5552280.0,40.28,0.0,"[5460000000.0, 5140000000.0, 5160000000.0, 5370000000.0, 4910000000.0]","[140000000.0, 200000000.0, 0.0, -40000000.0, -90000000.0]","[0.09, 0.13, 0.0, -0.03, -0.06]","[-0.05860805860805862, 0.0038910505836575737, 0.04069767441860472, -0.08566108007448792]","[0.4285714285714286, -1.0, -inf, 1.25]","[0.44444444444444464, -1.0, -inf, 1.0]","[1.2073170731707317, 0.774712643678161, 1.3896797153024911]","[1.0602409638554218, 0.9927641099855282, 1.0028328611898016]","[2.2666666666666666, 2.066666666666667, 0.8125, -0.2, 0.6470588235294118]",-0.19124428857509934,0.31954883556425995,0.26410562177848695,,0.12374781720811123,-0.7041303824719003,0.46657381402858933,0.7210095823106365,0.4603174603174603,0.5633785679986183,8.09380247015448,-0.7982579433111765,4.0,5.0,2.0,4.0,3.0,12.0,-2.0,0.0,0.0
DPSCLTD.NS,BE,6.14,597.9068416,28.0,avoid,False,True,,True,True,31.428571428571427,5979068416.0,6.14,0.08,-0.2631937002719227,0.014479999,0.0280240732746412,-0.07063,0.018760001,0.16323,14.229,1.877035796525016,0.838,0.262,429153760.0,5.870067740525691,6830128000.0,0.037166674724903,128136000.0,-0.0681588394888969,-1.8338697231697156,76.75,,0.95031726,276.483,0.483,0.0,113579.0,59.15,-0.1799999999999997,"[1660779000.0, 1553243000.0, 1979380000.0, 1636726000.0, 1367224000.0]","[41351000.0, 18490000.0, 37807000.0, 30488000.0, -18661000.0]","[0.03, 0.01, 0.02, 0.02, -0.01]","[-0.06475033704062971, 0.2743530793314375, -0.17311178247734138, -0.16465920380075838]","[-0.5528524098570773, 1.044726879394267, -0.19358848890417113, -1.6120768827079508]","[-0.6666666666666666, 1.0, 0.0, -1.5]","[0.14228910011625379, 0.10676856665647275, 0.17774938866482579]","[0.8383589013849251, 0.8820777162017175, 0.9219250124676973]","[1.5748190802272197, 1.819782747603834, 2.238303925842645, 2.011084162567718, 0.3141292684466326]",-0.11281336520128671,-0.14953269957068105,-0.26358379578270863,,-0.06971124846246302,-0.4691666762034098,0.0,0.2174883468792776,0.36507936507936506,0.681065436929876,0.060759554952619074,-0.4691666762034098,4.0,8.0,2.0,10.0,5.0,5.0,-6.0,0.0,0.0
ENERGYDEV.NS,EQ,14.27,67.7825024,28.0,avoid,False,True,,True,True,26.666666666666668,677825024.0,14.27,-0.79,,,0.1837564017644306,-0.01356,-0.08748,0.99099,,1.3743952687963543,,,,-108.13572607260726,462541000.0,0.072970511382463,-2424000.0,,,,,17.317963,7.503,0.251,0.0,17312.0,58.14,0.0,"[63353000.0, 41660000.0, 111377000.0, 206649000.0, 102855000.0]","[-18117000.0, -137550000.0, 12988000.0, 105670000.0, 16468000.0]","[-0.38, -2.9, 0.27, 2.22, 0.35]","[-0.34241472384891003, 1.6734757561209794, 0.8554010253463462, -0.5022719684102028]","[6.5923166087100515, -1.0944238458742275, 7.135971666153372, -0.8441563357622788]","[6.63157894736842, -1.0931034482758621, 7.222222222222223, -0.8423423423423424]","[28.532505758894292, 8.866636958916658, 30.490675873191876]","[0.35675805969152313, 0.43764696101854555, 0.32301928300159605]","[0.18988263124374488, -2.524137010082126, 1.6341130963344999, 5.835518629105543, 1.6473039632590576]",-0.0836033659325538,-0.1608308591569655,-0.00632461010602603,,-0.09887948986902295,-0.4833759623765215,0.0752852284039176,0.2512604215723377,0.36507936507936506,0.6781960765939752,0.03388614410029889,-0.5195469778838856,10.0,8.0,2.0,1.0,2.0,5.0,0.0,0.0,0.0
EXXARO.NS,EQ,6.09,272.4731136,28.0,avoid,False,True,,True,True,27.61904761904762,2724731136.0,6.09,0.09,-0.2833267158414427,,0.0475062011979677,0.05347,0.0125899995,0.23539,33.349,1.3658811766756254,,,,11.627366487708391,3019880000.0,-0.0138523352346697,28312000.0,-0.2697915467982801,19.47625019376104,67.666664,,1.027328,13.175,0.406,0.0,523868.0,42.07,0.0,"[852224000.0, 999046000.0, 711093000.0, 689637000.0, 649253000.0]","[20728000.0, 1973000.0, 6266000.0, 11977000.0, 8094000.0]","[0.05, 0.0, 0.01, 0.03, 0.02]","[0.1722809965455092, -0.28822796948288665, -0.030173268475431447, -0.05855834301233842]","[-0.9048147433423389, 2.1758743030917387, 0.9114267475263327, -0.3242047257243049]","[-1.0, inf, 2.0, -0.33333333333333326]","[0.33349290593141717, 0.3165717203723453, 0.3329996058137237]","[1.6973215978427532, 1.591604520600147, 1.5844553383570643]","[1.9417614155668483, 1.1377232213658135, 1.2486658657204326, 1.6047878717561976, 1.41200913412945]",-0.06451613848346749,-0.07022901141249649,-0.12999997820172993,,-0.03755029674688126,-0.3860886990171194,0.015000025431315178,0.4944532424903886,0.38095238095238093,0.44380937518307056,0.23309302441418647,-0.39516129497434793,7.0,5.0,2.0,6.0,4.0,8.0,-4.0,0.0,0.0
HEADSUP.NS,EQ,6.02,13.2937296,28.0,avoid,False,True,,True,True,26.666666666666668,132937296.0,6.02,-1.25,-0.868223028911192,,0.0154981116568498,-0.64652,-0.51479,-0.50746,,,,,,29.11656441717792,172634000.0,1.8676004653631564,-326000.0,-0.8499794997659129,-0.4551184878831317,,,0.8679354,-2.779,0.518,0.0,8194.0,13.56,0.0,"[0.0, 28022000.0, 0.0, 29588000.0, 115024000.0]","[-189000.0, -31168000.0, -6093000.0, 7821000.0, 29142000.0]","[-0.01, -1.41, -0.28, 0.35, 1.32]","[inf, -1.0, inf, 2.8875219683655535]","[163.9100529100529, -0.8045110369609856, -2.2836041358936487, 2.7261219792865363]","[140.0, -0.801418439716312, -2.25, 2.771428571428572]","[0.0, 0.0, 0.0]","[1.223904569892473, 3.2748924182313943, 5.873090522124198]",[],-0.14488636171214342,-0.12372633461308935,-0.14488636171214342,,-0.03683335072534688,-0.4451613115878018,0.0,0.48721062504276713,0.3968253968253968,0.6408395956472531,0.00900195953866005,-0.4451613115878018,15.0,0.0,7.0,0.0,5.0,6.0,-5.0,0.0,0.0
LANCER.NS,EQ,11.02,409.7040384,28.0,avoid,False,True,,True,True,32.38095238095238,4097040384.0,11.02,0.55,-0.5637860087130003,,0.0171414345246828,0.0054900004,0.03709,0.04378,4.22,2.052490986561783,,,,1.6571176885130374,3940267000.0,-0.2221363150083383,56760000.0,-0.5272955872371481,2.3737477918338343,20.036364,,0.41021442,78.431,-0.064,0.0,184387.0,35.07,3.41,"[1318825000.0, 1388661000.0, 544023000.0, 936713000.0, 1070870000.0]","[52411000.0, 109045000.0, -74277000.0, 67702000.0, -46156000.0]","[0.15, 0.42, -0.3, 0.28, -0.13]","[0.052953196974579564, -0.6082391598813534, 0.7218260992641856, 0.1432210292800462]","[1.0805746885195857, -1.6811591544775093, -1.9114800005385248, -1.681752385453901]","[1.7999999999999998, -1.7142857142857144, -1.9333333333333336, -1.4642857142857142]","[0.04231048277872964, 0.10301142692639234, 0.13617159764528575]","[1.6985958774146372, 2.299236327587572, 2.0002665448176074]","[22.09716908951798, 9.468253370490322, -6.890668975968825, 3.6859611050830483, -1.728254142886612]",-0.16435186019840986,,,,,,,2.3739669266722863,0.375,,0.2727613372915411,,7.0,7.0,2.0,7.0,7.0,2.0,-4.0,0.0,0.0
RHETAN.NS,EQ,17.4,1386.5624576,28.0,avoid,False,True,,True,True,37.142857142857146,13865624576.0,17.4,0.17,0.1304038143380557,,0.1079557108546046,-0.19995001,0.54109,0.39240003,38.419,9.678750329554443,,,,0.130532735147313,244407000.0,-0.3425911549057916,102978000.0,0.2387295562755884,-0.6968351425804795,102.352936,7.848921944465728,12.765957,264.965,0.934,0.0,17482356.0,,,"[40626000.0, 84926000.0, 61548000.0, 47577000.0, 50356000.0]","[31583000.0, 22185000.0, 44478000.0, 28734000.0, 7580000.0]","[0.04, 0.02784, 0.06, 0.04, 0.01]","[1.090434696992074, -0.2752749452464498, -0.22699356599727039, 0.0584105765390841]","[-0.29756514580628823, 1.0048681541582152, -0.3539727505733171, -0.7362010162177212]","[-0.30400000000000005, 1.1551724137931032, -0.33333333333333326, -0.75]","[0.38792993917922336, 0.41664387315539025, 0.2415621365741652]","[4.252751634481194, 5.79957194007161, 4.436567723558953]","[10.93780048076923, 14.498428661219359, 16.121058893515766, 9.044597823201487, 2.9678089304257527]",-0.3155922031477829,-0.31687240772192926,-0.25530179902177597,,-0.26207641624962097,-0.45912318907803307,0.20369150540853398,0.9339881720889428,0.5873015873015873,1.1463878676399293,21.289786327402194,-0.5506516341673502,4.0,0.0,10.0,8.0,0.0,10.0,-4.0,0.0,0.0
VISHAL.NS,EQ,17.14,424.4035328,28.0,avoid,False,True,,True,True,32.38095238095238,4244035328.0,17.14,1.52,,,0.0940408626560726,0.05108,0.02123,0.103149995,34.862,2.866782006920415,,,,0.0822109988776655,15824600000.0,0.0104190294682342,356400000.0,-0.1229054088227827,-11.79624351745038,11.276316,,0.6562775,5.816,0.66,0.0,67840.0,,,"[3790872000.0, 3481479000.0, 4237018000.0, 4330919000.0, 3971682000.0]","[71560000.0, 75082000.0, 77781000.0, 106975000.0, 91640000.0]",[],"[-0.08161525896944033, 0.21701667595869467, 0.022162048874939888, -0.08294706042759059]","[0.04921743991056449, 0.0359473642151249, 0.37533587894215814, -0.14335125029212437]",[],"[0.3486059781348096, 0.409980696090753, 0.6101627712854758]","[2.369556356795736, 2.5034272525870698, 1.9411413460718245]","[1.947177177177177, 2.101984790285265, 1.9781590413943355, 2.465648612945839, 2.077142798218116]",-0.09649124182932722,,,,,,,0.48583589549948253,0.375,,0.10613976706914902,,7.0,0.0,2.0,7.0,10.0,2.0,0.0,0.0,0.0
VIVOBIOT.NS,EQ,14.93,33.130608,28.0,avoid,False,True,,True,True,27.61904761904762,331306080.0,14.93,-1.43,,,0.0719213438111085,0.1065,-0.05187,0.84615,72.329,1.8223738202708248,,,,-20.44177200374532,533347000.0,0.006999811479657,-17088000.0,,,,,0.3283339,4.796,0.346,0.0,47789.0,,,"[142797000.0, 142011000.0, 135130000.0, 131090000.0, 125116000.0]","[1876000.0, -51627000.0, 12481000.0, 8686000.0, 13371000.0]","[0.08, -2.52, 0.56, 0.45, 0.74]","[-0.005504317317590712, -0.048453993000542206, -0.029897136091171506, -0.04557174460294455]","[-28.519722814498934, -1.2417533461173418, -0.304062174505248, 0.5393737048123417]","[-32.5, -1.2222222222222223, -0.1964285714285715, 0.6444444444444444]","[0.7232934619608213, 0.584192599665594, 0.6934763800853865]","[0.9399351025227984, 2.399298006379863, 1.5063452095733103]","[1.2735940530058176, 1.1700758602004877, 2.1202540679417643, 2.0280653950953678, 1.984499733901011]",-0.23591361749513795,,,,,,,0.610238797742165,0.4857142857142857,,0.05813386931096077,,13.0,0.0,2.0,5.0,7.0,1.0,0.0,0.0,0.0
ACEINTEG.NS,EQ,17.2,17.544,27.0,avoid,False,True,,True,True,31.428571428571427,175440000.0,17.2,-0.93,,,-0.0710023866348448,-2.38462,-1.7,-1.2,0.479,-119.0,,,,0.1684210526315789,8100000.0,-0.5105943368220396,-9500000.0,,,,,1.459978,-9.989,0.194,0.0,1407.0,73.53,0.0,"[900000.0, 1100000.0, 1700000.0, 4400000.0, 14400000.0]","[-3400000.0, -2700000.0, -400000.0, -3000000.0, -13800000.0]","[-0.24, -0.26, -0.04, -0.29, -1.32]","[0.22222222222222232, 0.5454545454545454, 1.5882352941176472, 2.272727272727273]","[-0.20588235294117652, -0.8518518518518519, 6.5, 3.5999999999999996]","[0.08333333333333348, -0.8461538461538461, 6.249999999999999, 3.5517241379310347]","[0.004793289394847214, 0.006395348837209302, 0.00798175598631699]","[39.130434782608695, 26.513513513513512, 19.6]",[-37.0],-0.06214367706349233,-0.21027360426352393,-0.10010940125636669,,-0.0944696297560288,-0.3614130195349964,0.07868857461898049,0.3467815945679407,0.38095238095238093,0.1458289138735681,0.003820312285633087,-0.40799689966998276,15.0,10.0,0.0,3.0,3.0,3.0,-7.0,0.0,0.0
AKSHOPTFBR.NS,BE,7.58,123.325056,27.0,avoid,False,True,,True,True,24.761904761904763,1233250560.0,7.58,-0.12,-0.0121963387111576,,-0.5495204935556777,0.15334,-0.01269,0.35575,,-0.4066373161448963,,,,-0.0168590464388706,1269233000.0,-0.2353422966636644,-130731000.0,-0.0125228515357158,0.0532112234530144,,,-9.416149,14.273,0.393,0.0,305183.0,19.1,-0.2699999999999996,"[498700000.0, 408301000.0, 264041000.0, 311898000.0, 268950000.0]","[47084000.0, 22426000.0, -58054000.0, -30519000.0, -64583000.0]","[0.29, 0.14, -0.36, -0.19, -0.4]","[-0.18126930018046927, -0.35331777291752897, 0.18124836673092437, -0.13769886308985635]","[-0.5237023192591963, -3.5886916971372513, -0.47429978985082855, 1.11615714800616]","[-0.5172413793103448, -3.571428571428571, -0.4722222222222222, 1.1052631578947367]","[-7.925296890018914, -64.92234774704583, 8.535129219341107]","[0.6331741906243356, 0.633915144146162, 0.656352633768186]","[3.429017857142857, 2.146772767462423, -1.3791510738006136, -0.19196910122133687, -1.5357154662347536]",-0.05256414284916067,0.16377952401137952,0.5020324698962628,,0.11398812384819168,-0.15927191142698216,0.8614609101331918,0.5525836591809408,0.49206349206349204,1.4747062228724823,0.30608913023907663,-0.49746835687530666,7.0,0.0,0.0,2.0,1.0,21.0,-4.0,0.0,0.0
GVKPIL.NS,BE,2.3,363.2183808,27.0,avoid,False,True,,True,True,31.428571428571427,3632183808.0,2.3,-0.04,,,-13.582554517133955,0.0,0.0,0.0,,-44.02605863192182,,,,-0.0070398208478755,805300000.0,-0.6638632225992818,-8395100000.0,,,,,-0.23679604,-55.017,0.083,0.0,1492938.0,54.25,0.0,"[0.0, 0.0, 0.0, 0.0, 805300000.0]","[-5500000.0, -30000000.0, -10900000.0, -12100000.0, -8342100000.0]","[0.0, -0.02, -0.01, -0.01, -5.28]",[inf],"[4.454545454545454, -0.6366666666666667, 0.11009174311926606, 688.4297520661157]","[-inf, -0.5, 0.0, 527.0]","[-0.48084948657404863, -0.4823615250655635, -5.459384161847838]","[0.8038023137121469, 0.820798182315444, 0.3895756318685914]",[-43.21669341894061],0.07981212616976219,-0.07630524357138779,-0.09090909947605397,,-0.037338175094979165,-0.35754189906928846,0.12195122234882305,0.23337274727441581,0.4126984126984127,1.2533944061563371,0.24090278334781529,-0.42737430279213473,7.0,8.0,0.0,0.0,0.0,16.0,-4.0,0.0,0.0
HLVLTD.NS,EQ,6.11,402.807808,27.0,avoid,False,True,,True,True,27.61904761904762,4028078080.0,6.11,0.07,-0.3700394750525634,,0.0096596746622049,-0.07305,0.02306,0.63507,7.492,1.7456442245644224,,,,17.547093610269723,2009150000.0,0.0513642119552806,20799000.0,-0.3520835376755031,-6.854646927748813,87.28571,,0.8581461,19.891,0.592,0.0,151400.0,39.07,0.0,"[466800000.0, 634500000.0, 609000000.0, 358300000.0, 407400000.0]","[-7800000.0, 86000000.0, 68700000.0, -99200000.0, -34700000.0]","[-0.01, 0.13, 0.1, -0.15, -0.05]","[0.35925449871465287, -0.04018912529550822, -0.4116584564860427, 0.13703600334914867]","[-12.025641025641026, -0.2011627906976744, -2.4439592430858808, -0.6502016129032258]","[-14.0, -0.23076923076923073, -2.5, -0.6666666666666666]","[0.07492286050691485, 0.08381279897713996, 0.08775103663489078]","[1.7530352985409166, 1.5300433919246892, 1.769835629153883]","[-0.21875, 9.775510204081632, 10.67605633802817, -10.951807228915662, -4.688524590163935]",-0.054602170509235326,-0.20784315460998992,-0.1843876066233261,,-0.10393615058835881,-0.47758622900909464,0.059440588297031915,0.294051732858168,0.30158730158730157,0.9498787772582745,0.1321192032468152,-0.5068965860269288,7.0,5.0,2.0,5.0,5.0,7.0,-4.0,0.0,0.0
MINALIND.NS,BE,3.93,75.41696,27.0,avoid,False,True,,True,True,34.285714285714285,754169600.0,3.93,0.04,,,0.0140454885839707,0.14462,0.008119999,0.37944,9.846,38.015325670498086,,,,-72.24829600778968,428337000.0,0.1692208828424846,-1027000.0,,,98.25001,,1.4177489,73.375,-0.068,0.0,2256.0,40.8,0.009999999999998,"[131119000.0, 151786000.0, 87125000.0, 89005000.0, 100421000.0]","[10037000.0, 3576000.0, -9705000.0, -4123000.0, 5282000.0]","[0.12, 0.018635, -0.05, -0.04, 0.04]","[0.15762017709103948, -0.42600108046855445, 0.021578192252510675, 0.1282624571653277]","[-0.6437182425027399, -3.713926174496644, -0.5751674394641937, -2.28110599078341]","[-0.8447083333333334, -3.683123155352831, -0.20000000000000007, -2.0]","[0.11872699726692756, 0.15615535230935684, 0.15476282160856408]","[4.751304948270212, 5.6371421750213715, 5.881394669204427]","[147.6, 212.21978021978023, -49.99487179487179, 35.513513513513516]",-0.28520496730010647,,,,,,,0.9108263209243765,0.42857142857142855,,0.008721663628370761,,10.0,5.0,5.0,10.0,3.0,0.0,-6.0,0.0,0.0
PREMIER.NS,BE,2.61,8.3586552,27.0,avoid,False,True,,True,True,21.904761904761905,83586552.0,2.61,-1.88,-0.245306998492703,,,-7.52174,0.0,0.0,,-277.2037914691943,,,,0.2737432071003901,0.0,-1.0,-58701000.0,-0.2452287548209089,0.2452287548209089,,,-0.023037203,-100.82,0.056,0.0,17744.0,,,"[0.0, 0.0, 0.0, 0.0, 0.0]","[-17600000.0, -17600000.0, -17500000.0, -4200000.0, -19400000.0]","[-0.58, -0.58, -0.58, -0.14, -0.64]",[],"[0.0, -0.005681818181818232, -0.76, 3.6190476190476186]","[0.0, 0.0, -0.7586206896551724, 3.571428571428571]","[-0.5086915925908689, -0.5169508485489488, -0.5233940150076097]","[0.04546567958249148, 0.046257637354798146, 0.043882076323127545]","[-5.769230769230769, -5.285714285714286, -4.833333333333333, -0.3548387096774194, -4.878787878787879]",-0.04744529707607459,-0.13000003496805823,-0.1270903388725385,,-0.04256436367876515,-0.30952383205013045,0.035714251924804374,0.45788581681903956,0.4603174603174603,1.9103528665438316,0.005628691097060442,-0.33333333333333337,15.0,0.0,0.0,0.0,0.0,14.0,-2.0,0.0,0.0
RADIOCITY.NS,EQ,5.72,200.9688576,27.0,avoid,False,True,,True,True,27.61904761904762,2009688576.0,5.72,-1.21,,,-0.0972731913909584,0.10876001,-0.24714,0.56575,5.308,-4.630097627598766,,,,-0.4070204654180755,1744325000.0,-0.0427494213286053,-533241000.0,,,,,0.44313604,5.711,0.252,0.0,82166.0,,,"[445432000.0, 407914000.0, 464753000.0, 378413000.0, 493245000.0]","[92225000.0, -479559000.0, 36838000.0, -68778000.0, -21742000.0]","[0.27, -1.39, 0.11, -0.2, -0.06]","[-0.08422834461825823, 0.13934064533210422, -0.18577610042323556, 0.3034568051309019]","[-6.1998807264841425, -1.0768164084085587, -2.867039470112384, -0.6838814737270639]","[-6.148148148148147, -1.079136690647482, -2.8181818181818183, -0.7]","[0.0530790754364444, 0.2721935572471161, 0.253157141114971]","[7.03596808255434, 1.8394751083800547, 1.8543195037668219]","[18.07092395068569, -40.05236363636364, 2.9941022280471823, -1.8612609079321503, 0.2876004967644944]",-0.08346709138595587,-0.04355104877421301,-0.08199353203337711,,-0.03814221371558524,-0.3169856133204123,0.23593077480260294,0.3141050085203727,0.38095238095238093,1.0606023932762865,0.044642127855167385,-0.447368412046641,7.0,0.0,0.0,5.0,7.0,12.0,-4.0,0.0,0.0
SALASAR.NS,EQ,4.08,713.1637248,27.0,avoid,False,True,,True,True,30.47619047619048,7131637248.0,4.08,0.08,-0.2727636964628609,,0.0999153062191711,0.05205,0.00914,0.19392,50.613,1.8494531820041415,,,,9.35231728071653,14520970000.0,0.140522413587931,172163000.0,-0.246048388095904,-1.750954753861673,51.0,,0.8553459,10.032,0.457,0.0,7933126.0,,,"[2955398000.0, 4446525000.0, 3307783000.0, 4271684000.0, 3001697000.0]","[49920000.0, -124906000.0, 54151000.0, 157771000.0, 85147000.0]","[0.03, -0.08, 0.04, 0.09, 0.05]","[0.5045435504794955, -0.25609706456165204, 0.2914039403431241, -0.2973035926814811]","[-3.5021233974358976, -1.433534017581221, 1.9135380694724011, -0.46031273174411014]","[-3.666666666666667, -1.5, 1.25, -0.4444444444444444]","[0.5064593273031648, 0.43040698169769254, 0.4039742703547692]","[1.1617630902005947, 1.396806542425737, 1.3193377452044888]","[1.2392572422164627, 0.794215546418282, 1.5518952283529224, 2.787498005728308, 1.8546800534697199]",-0.19646364833438634,-0.3306055543021129,-0.3746177100238025,,-0.2209882398896975,-0.6209453042587878,0.012376284952223093,0.34736801979012116,0.30158730158730157,1.0680160425289857,2.626538318117981,-0.6255792422487446,4.0,0.0,5.0,5.0,6.0,9.0,-2.0,0.0,0.0
SETCO.NS,BE,17.86,239.5170304,27.0,avoid,False,True,,True,True,30.47619047619048,2395170304.0,17.86,-0.01,-0.2232227556029444,,0.07592,0.05371,-0.00014,0.49139,,1.2504240801454425,0.216,0.103,606377472.0,-2052.114912280702,8049266000.0,0.138417286383913,-1140000.0,-0.9092378399427612,-6.5688171159554924,,,-0.33731848,12.091,0.454,143.57,67631.0,,,"[2506300000.0, 1965500000.0, 1790100000.0, 1787500000.0, 2106300000.0]","[1194400000.0, -506900000.0, -266500000.0, -349200000.0, -182800000.0]","[8.93, -3.79, -1.99, -2.61, -1.37]","[-0.21577624386545902, -0.08923937929280079, -0.001452432824981864, 0.17834965034965045]","[-1.4243971868720697, -0.47425527717498517, 0.3103189493433396, -0.4765177548682703]","[-1.4244120940649496, -0.474934036939314, 0.31155778894472363, -0.4750957854406129]","[-1.8236494617471855, -1.5095183765559501, -1.9346152205554175]","[0.21649822287000103, 0.18821103818762783, 1.4145667369244297]","[0.3726468222043443, 0.3235053235053235, 0.24473593372454264, 0.6132530120481928]",0.03308613240089042,-0.014153522972440213,0.39597573567713784,,0.023326736002162063,-0.06068464909881244,1.7582995718542853,0.2891070269966119,0.4603174603174603,0.4325754541585899,0.09344984975958824,-0.3924242016412185,7.0,0.0,5.0,7.0,1.0,10.0,-3.0,0.0,0.0
SINDHUTRAD.NS,EQ,20.86,3843.2129024,27.0,avoid,False,True,,True,True,38.095238095238095,38432129024.0,20.86,0.36,,0.03516,0.0431242050758267,0.106300004,0.12578,0.24450001,25.008,2.2978874892418437,5.323,2.775,,1.045012297584653,5240811000.0,-0.2356684978245738,414309000.0,3.679194237783981,-15.611735432381325,57.944443,,2.3924763,420.946,1.015,0.0,731449.0,,,"[1292132000.0, 1152586000.0, 1191498000.0, 1243322000.0, 1653405000.0]","[387397000.0, 139608000.0, 138736000.0, 108166000.0, 187934000.0]","[0.17, 0.08, 0.06, 0.05, 0.08]","[-0.10799670621886925, 0.03376060441476825, 0.0434948275196434, 0.3298284756483034]","[-0.639625500455605, -0.006246060397684938, -0.22034655749048548, 0.7374590906569531]","[-0.5294117647058824, -0.25, -0.16666666666666663, 0.5999999999999999]","[0.28150370711781314, 0.2641674442294119, 0.2730730805318621, 0.2726346552616748, 0.23179072973625967]","[5.323050033015707, 4.837995628060405, 5.211248400862447, 4.317775770015047, 3.736330253675388]","[4.729326878237793, 1.9372146719275172, 2.3903654636404226, 1.9916019788440655, 3.3682000958393234]",-0.1679207830145808,-0.17607842239679072,-0.05018085751528534,,-0.05880234748525304,-0.24041936569831368,0.17243304349510558,0.34343791265543855,0.30158730158730157,0.6709898158201397,3.7896712738099954,-0.31837202539958553,2.0,0.0,7.0,13.0,3.0,8.0,-6.0,0.0,0.0
HAVISHA.NS,EQ,1.44,43.6812192,26.0,avoid,False,True,,True,True,22.857142857142858,436812192.0,1.44,-0.17,,,-0.0159672502094362,-0.19739,-0.37324002,0.38454,237.227,-0.1934498273516794,,,,-0.0972961168903359,135113000.0,-0.0588079851207083,-50372000.0,,,,,1.8677043,180.751,0.8,0.0,112122.0,33.99,0.0,"[28810000.0, 33030000.0, 42971000.0, 31230000.0, 27882000.0]","[-18232000.0, -10640000.0, -6798000.0, -15106000.0, -17828000.0]","[-0.06, -0.04, -0.02, -0.05, -0.06]","[0.14647691773689697, 0.3009688162276718, -0.2732307835516976, -0.10720461095100864]","[-0.4164107064501975, -0.3610902255639098, 1.222124154162989, 0.18019330067522832]","[-0.33333333333333326, -0.5, 1.5, 0.19999999999999996]","[2.3722728514557803, 2.082189499833488, 1.6819339818610812]","[0.6180771885858815, 0.7025316048509023, 0.8063504114946316]","[-0.4534438775510204, -0.382132012146396, 0.4240935276177567, -0.28627384196185285, -0.5116160759708326]",0.06818175044926988,0.20512822080332604,-0.1849711265456897,,0.007476505895442465,-0.3815789542479969,0.2702702238288628,0.5512230479161436,0.5396825396825397,1.0046243054645996,0.009409503620638847,-0.5131578823536055,13.0,2.0,0.0,0.0,3.0,14.0,-6.0,0.0,0.0
HAZOOR.NS,EQ,16.27,468.8558592,26.0,avoid,False,True,,True,True,34.285714285714285,4688558592.0,16.27,1.11,-0.2693890017093021,,0.1008831974353884,0.096590005,0.05625,0.72852,72.949,2.343450226958931,,,,2.2791222846648127,5795755000.0,-0.0926279124311487,426881000.0,-0.0216107047634532,0.2333066156437103,14.657658,,0.6396949,2.938,1.07,0.0,747050.0,13.7,-0.8900000000000006,"[1196638000.0, 1584066000.0, 1390387000.0, 1021120000.0, 1800183000.0]","[2998000.0, 323760000.0, 64597000.0, -99353000.0, 137877000.0]","[0.01, 1.32, 0.22, -0.44, 0.61]","[0.3237637447582309, -0.12226700150120007, -0.2655857685665933, 0.7629495064243184]","[106.99199466310874, -0.8004787496911292, -2.5380435623945385, -2.387748734310992]","[131.0, -0.8333333333333334, -3.0, -2.3863636363636362]","[0.7294887828316846, 0.7918482570956688, 0.42632937748787614]","[2.2321362328163556, 2.5622587410194297, 1.8127548006235723]","[1.2224631396357328, 5.210824075982091, 1.2683759486690185, -0.8724413718313677, 4.812536636836141]",-0.18527786593946094,,,,,,,0.42017700147829995,0.30303030303030304,,1.1681604049127101,,7.0,0.0,0.0,6.0,10.0,3.0,0.0,0.0,0.0
KAMOPAINTS.NS,EQ,4.06,133.5740032,26.0,avoid,False,True,,True,True,26.666666666666668,1335740032.0,4.06,-0.16,,,0.0227199855051368,-0.08099,-0.021070002,0.40592998,19.079,1.1314408820174884,,,,54.10604558969276,2452625000.0,-0.0186379610664276,2018000.0,,,,,0.71428573,35.086,1.308,0.0,192614.0,52.54,0.0,"[462924000.0, 750039000.0, 632320000.0, 567877000.0, 502389000.0]","[-44134000.0, -26738000.0, 9913000.0, 10113000.0, 8729000.0]","[-0.13, -0.09, 0.03, 0.03, 0.03]","[0.620220597765508, -0.1569505052403941, -0.10191516953441293, -0.11532074727449781]","[-0.3941632301626864, -1.3707457551050939, 0.020175527085645184, -0.13685355483041628]","[-0.3076923076923077, -1.3333333333333333, 0.0, 0.0]","[0.1907881081365352, 0.192297365830375, 0.16271403750741023]","[2.5112433517644512, 2.4112495541654297, 2.4951918803478783]","[-4.106265494703629, -2.7262159681859894, 2.2353090172239107, 2.4578374016542264, 2.6024584970219236]",-0.07272731016490008,-0.18072291002417984,-0.1410526476408306,,-0.10517721302102068,-0.52336451825913,0.12087906761570366,0.23878580332013907,0.31746031746031744,0.8204306584375783,0.08759526089741707,-0.5747663637302524,7.0,8.0,0.0,4.0,5.0,6.0,-4.0,0.0,0.0
KRIDHANINF.NS,EQ,2.0,22.3158416,26.0,avoid,False,False,extreme_valuation_missing_core_risk_data,True,True,27.61904761904762,223158416.0,2.0,0.09,,,,-0.23261999,0.35402,0.83362,,2.206820991122598,,,,0.8032496857395596,34439000.0,-0.1507154366675865,21479000.0,,,22.222221,,-0.07690829,37.538,0.968,0.0,41220.0,40.05,-4.830000000000005,"[8172000.0, 4364000.0, 2150000.0, 12500000.0, 15425000.0]","[382000.0, 9284000.0, -2700000.0, 2581000.0, 12314000.0]","[0.0, 0.09, -0.03, 0.03, 0.13]","[-0.46598139990210474, -0.5073327222731439, 4.813953488372093, 0.23399999999999999]","[23.30366492146597, -1.2908229211546747, -1.9559259259259258, 3.7710189848895777]","[inf, -1.3333333333333333, -2.0, 3.333333333333334]","[-0.042928081419427326, -0.08091320148327752, -0.08993850060122151]","[0.052162157434383086, 0.053770536719141684, 0.025090157374435807]","[1.1726163578852238, 4.286371681415929, 0.40711462450592883, 1.5057809131883206, 3.301252102410764]",-0.08542711370349709,-0.34532371540196904,-0.19111108779907227,,-0.228941321930882,-0.5973451194397965,0.0,0.28312523976101034,0.31746031746031744,0.8301189387658205,0.00889370511043906,-0.5973451194397965,15.0,5.0,0.0,3.0,2.0,3.0,-2.0,0.0,0.0
LCCINFOTEC.NS,BE,3.39,57.1531456,26.0,avoid,False,True,,True,True,26.666666666666668,571531456.0,3.39,-0.03,-0.1565673346982508,,-0.0105057946864878,-29.1125,0.0,0.0,5.567,-10.065022421524665,,,,86.54812563323202,307000.0,-0.7020355784492818,-4935000.0,-0.1252164450308719,0.1783619646563513,,,1.339921,-128.153,-0.231,0.0,132641.0,34.43,-11.420000000000002,"[0.0, 4000.0, 0.0, 10000.0, 293000.0]","[-1218000.0, -2837000.0, -35000.0, -610000.0, -1454000.0]","[-0.0072, -0.0168, -0.0003, -0.0048, -0.0115]","[inf, -1.0, inf, 28.3]","[1.3292282430213467, -0.9876630243214664, 16.428571428571427, 1.3836065573770493]","[1.333333333333333, -0.9821428571428571, 15.0, 1.3958333333333335]","[0.05567218286538088, 4.856158484065461]","[1.4496119243200956, 1.6803120444426933]","[-13.878048780487806, -2.5901234567901232]",-0.10554086041554533,-0.25494506312170917,-0.33529408464794697,,-0.1276054215143595,-0.3957219208156244,0.13377929568281366,0.592739663161197,0.3968253968253968,1.944456792626916,0.05235781700677156,-0.46702318389007824,10.0,2.0,0.0,3.0,3.0,12.0,-4.0,0.0,0.0
NECLIFE.NS,EQ,10.13,196.786368,26.0,avoid,False,True,,True,True,40.95238095238095,1967863680.0,10.13,0.35,1.3150498526775136,,-0.1483232233064859,-1687.0759,0.0,0.055170003,,-596.8163265306123,,,,1.4249396533181289,0.0,-1.0,-2928910000.0,1.2964938337758256,-1.2964938337758256,28.942858,0.2200894357051997,0.3495997,-1.14,0.661,0.0,152643.0,,,"[145000.0, 0.0, 0.0, 49966000.0, 0.0]","[-153977000.0, -679242000.0, 142697000.0, -3293000.0, -632308000.0]","[-0.79, -3.38, 0.64, -7.85, -2.82]","[-1.0, inf, -1.0]","[3.411321171343772, -1.2100827098442086, -1.02307686917034, 191.01579107197085]","[3.2784810126582276, -1.1893491124260356, -13.265625, -0.6407643312101912]","[0.0, 0.640071761925168, 0.6087421269189818]","[8.40034535432025, 0.23879564075607976, 1.2114902877123874]","[-155.91204588910134, -8.64809761884586, 2.872676561476413, 1355.0]",-0.16625510843709024,-0.09472739103588723,-0.0611677339893858,,-0.03966421408088261,-0.5447190959801835,0.08924730179392282,0.4191047384989484,0.3968253968253968,0.6130972041973068,0.1490154863735485,-0.582022463337759,7.0,0.0,11.0,0.0,5.0,7.0,-4.0,0.0,0.0
PIONEEREMB.NS,EQ,20.43,62.9559488,26.0,avoid,False,True,,True,True,21.904761904761905,629559488.0,20.43,-0.11,-0.6029318504037443,,0.0391869902199722,0.02104,-0.00097000005,0.35563,58.416,1.0949711310444377,,,,30.718693877551026,3354131000.0,0.0438593952757941,6125000.0,-0.5837899789182581,-13.3104885566092,,,0.4031335,7.433,0.449,0.0,5211.0,,,"[963158000.0, 858995000.0, 810694000.0, 825368000.0, 859074000.0]","[1203000.0, 41556000.0, -8160000.0, -37947000.0, 10677000.0]","[0.04, 1.35, -0.27, -1.23, 0.35]","[-0.10814736522979618, -0.05622966373494609, 0.018100541017942673, 0.040837541557220636]","[33.54364089775561, -1.1963615362402542, 3.6503676470588236, -1.28136611589849]","[32.75, -1.2, 3.5555555555555554, -1.2845528455284554]","[0.5856299073942449, 0.5903119847096927, 0.6209408541057612]","[1.369683753356499, 1.1816321753886365, 1.3038877188860827]","[1.0907522243192236, 3.2514849132810646, 0.37337042491681666, -1.248768898488121, 1.5381236152494462]",-0.05473783562953605,-0.10652177230171533,-0.1387259550972092,,-0.08373298520474581,-0.42932518203501024,0.03162646377277589,0.3474362337423684,0.3968253968253968,0.4044465375568702,0.016334998206996916,-0.44682029978373494,10.0,0.0,2.0,4.0,7.0,5.0,-2.0,0.0,0.0
PRAKASHSTL.NS,EQ,3.5,61.2501376,26.0,avoid,False,True,,True,True,22.857142857142858,612501376.0,3.5,0.03,-0.4071844492516562,,0.1074048249895412,0.01469,0.00682,0.15997,4.665,80.79020979020979,,,,7.882198640753547,907096000.0,-0.0149075478278413,8387000.0,-0.412976316202203,27.70249815539273,116.66667,,6.822612,29.586,-0.18,0.0,75640.0,,,"[168102000.0, 248066000.0, 244512000.0, 250589000.0, 164300000.0]","[1635000.0, 364000.0, 3346000.0, 872000.0, 3806000.0]","[0.01, 0.0, 0.02, 0.0, 0.02]","[0.47568738028101976, -0.014326832375255005, 0.02485358591807363, -0.34434472383065495]","[-0.7773700305810398, 8.192307692307692, -0.7393903167961746, 3.364678899082569]","[-1.0, inf, -1.0, inf]","[0.046646451148686846, 0.2277225597320911, 0.45580340094795246]","[1.0670298661418256, 1.077931655513981, 1.104521498118735]","[7.764150943396227, 10.621621621621621, 20.232758620689655, 18.0, 25.066265060240966]",-0.0906666437784831,-0.1743341425325109,-0.18028841083924263,,-0.10002228296937887,-0.4316666523615519,0.0,0.24130536134382188,0.3492063492063492,0.816138222348148,0.03535709394044995,-0.4316666523615519,10.0,0.0,2.0,9.0,0.0,7.0,-2.0,0.0,0.0
RAJRILTD.NS,BE,21.22,1194.8766208,26.0,avoid,False,True,,True,True,26.666666666666668,11948766208.0,21.22,0.43,,,0.1570149601045462,0.059899997,0.030940002,0.21489,142.191,3.0186635008903746,,,,3.502509354922219,11797170000.0,1.0485631670184494,339928000.0,,,49.348835,,9.060632,21.335,-0.971,0.0,10947.0,,,"[2044635000.0, 2948172000.0, 3053901000.0, 3193176000.0, 2601921000.0]","[68588000.0, 140321000.0, 58682000.0, 80197000.0, 60727000.0]","[0.12, 0.25, 0.11, 0.14, 0.11]","[0.44190625710701426, 0.03586256161445123, 0.045605604110938724, -0.18516204556216131]","[1.045853502070333, -0.5818017260424313, 0.366637128932211, -0.24277716124044535]","[1.0833333333333335, -0.56, 0.27272727272727293, -0.2142857142857143]","[1.4219084618791409, 1.5209589472220393, 1.9492777467953613]","[0.8627302679685148, 0.8545778376649658, 0.8349562419928304]","[2.558444066749073, 2.5770506854746156, 2.5071603427172584, 3.3474598329429024, 2.8607186616988822]",-0.03879908394404463,-0.05409093336625537,0.005313946809116343,,-0.03647027344589049,-0.19528232889475272,0.06445014209991773,0.2076867544139655,0.4126984126984127,0.7722372344949588,0.01963767708197594,-0.24400623450740255,4.0,0.0,7.0,7.0,0.0,8.0,0.0,0.0,0.0
SEPC.NS,EQ,5.28,1026.0744192,26.0,avoid,False,True,,True,True,29.52380952380953,10260744192.0,5.28,0.13,,,0.0469508990864045,0.0583,0.023039998,0.13114999,18.404,2.5246400125554205,,,,-4.918305365868236,10544985000.0,0.406676365898565,535384000.0,,,40.615387,,0.5398221,18.774,0.942,0.0,7447518.0,,,"[2738022000.0, 2738316000.0, 3409702000.0, 2374184000.0, 2022783000.0]","[-110509000.0, 137334000.0, 149596000.0, 82982000.0, 165472000.0]","[-0.06, 0.07, 0.08, 0.04, 0.11]","[0.00010737678513894622, 0.24518207540692893, -0.3036975078760549, -0.1480091686238303]","[-2.242740410283325, 0.08928597433993035, -0.4452926548838204, 0.9940710033501241]","[-2.166666666666667, 0.1428571428571428, -0.5, 1.75]","[0.18421264642928648, 0.19376668639096342, 0.23864489070130246]","[2.5425601202822365, 2.9214887748433473, 2.9101432769608495]","[2.148065489163601, 2.628935778610399, 2.7085763494735193, 1.9041068363545024, 3.007271500985341]",-0.011235944019676425,-0.1951219122158776,-0.2478632159324472,,-0.1654318973012373,-0.55292125129495,0.13548389280003592,0.35142792241923526,0.38095238095238093,0.49855637733858776,5.710664366687102,-0.6062658822904301,4.0,0.0,7.0,7.0,5.0,5.0,-2.0,0.0,0.0
UMAEXPORTS.NS,BE,19.8,66.9434624,26.0,avoid,False,True,,True,True,26.666666666666668,669434624.0,19.8,0.02,-0.6887296476002949,,0.1730057636974375,0.0070499997,6.0000002e-05,0.05684,72.162,1.053530776070967,,,,74.14610197562996,15299131000.0,0.0092440747957751,8453000.0,-0.6887064920949298,-74.50247940547722,990.0,,0.33748657,7.548,0.711,0.0,26178.0,,,"[2084106000.0, 2639297000.0, 5604392000.0, 4052151000.0, 3003291000.0]","[-3223000.0, 3689000.0, 12735000.0, -12324000.0, 4323000.0]","[-0.1, 0.11, 0.38, -0.37, 0.13]","[0.2663928802085882, 1.1234412042297626, -0.276968670285733, -0.2588403048158867]","[-2.1445857896369844, 2.4521550555706155, -1.9677267373380447, -1.3507789678675755]","[-2.0999999999999996, 2.4545454545454546, -1.973684210526316, -1.3513513513513513]","[0.7241190031836645, 0.9626129253562558, 1.09274699058514]","[1.551562071586441, 1.3869243474913557, 1.541260626879802]","[0.9680955120828538, 1.060247757990286, 1.2816383542509706, 0.7684977128641362, 1.0839501575035302]",-0.15404258890354883,-0.053783962675157615,-0.23183926563242874,,-0.05935168299049276,-0.6098901193500224,0.07285474495929356,0.36740248913521684,0.49206349206349204,0.5050920299413718,0.044260852499437335,-0.6363814556603566,10.0,0.0,2.0,5.0,7.0,4.0,-2.0,0.0,0.0
UNIINFO.NS,EQ,11.5,12.297088,26.0,avoid,False,True,,True,True,17.142857142857142,122970880.0,11.5,-1.02,,,-0.0269480041906442,0.0309,-0.025009999,0.54883,16.826,-1.5552668052668053,,,,-0.8694488584093,435176000.0,0.0673377946678264,-11957000.0,,,,,0.3843583,45.084,0.352,0.0,2797.0,,,"[83600000.0, 121747000.0, 110173000.0, 118474000.0, 84783000.0]","[1347000.0, -7551000.0, -6076000.0, 1424000.0, 245000.0]","[0.13, -0.71, -0.57, 0.13, 0.02]","[0.45630382775119616, -0.09506599751944611, 0.07534513900865014, -0.2843746307206645]","[-6.605790645879733, -0.19533836577936692, -1.2343647136273865, -0.8279494382022472]","[-6.461538461538461, -0.19718309859154937, -1.2280701754385965, -0.8461538461538461]","[0.16826051294299552, 0.15550203039234078, 0.15125922590616198]","[4.0945925308083595, 4.172237739823252, 4.6513090536785135]","[1.7870879120879122, -5.42730627306273, -4.629032258064516, 1.9294790343074968, 1.3422599608099282]",0.009041539240635554,-0.08524589984527808,0.0026953937702360875,,-0.04323099635543903,-0.3754896853216455,0.12048190809930892,0.2986685230933093,0.4126984126984127,0.5704200902673302,0.002754054037914276,-0.4426413223059342,15.0,0.0,2.0,4.0,5.0,6.0,-6.0,0.0,0.0
ADVIKCA.NS,EQ,0.99,60.2435264,25.0,avoid,False,True,,True,True,36.19047619047619,602435264.0,0.99,-0.39,,-0.14338,-0.1994441506214879,-0.08623999,0.0,0.99844,100.75,-38.22051144731557,1.628,0.22,359342496.0,-1.6352650657000454,32784000.0,-0.8242862680059154,-220700000.0,,,,,0.42145595,-15.425,-0.549,0.0,417649.0,22.49,0.0,"[41468000.0, -88856000.0, -28297000.0, 74096000.0, 65233000.0]","[-11897000.0, -22661000.0, -208733000.0, 4781000.0, -12223000.0]","[-0.02, -0.04, -0.34, 0.01, 0.01]","[-3.14276068293624, -0.681540920140452, -3.618510796197477, -0.11961509393219605]","[0.9047659073716063, 8.211111601429769, -1.0229048593178847, -3.5565781217318553]","[1.0, 7.5, -1.0294117647058822, 0.0]","[1.0075040091349505, 0.9300411198271293]","[1.6438955309923051, 1.7979517144034105]",[],-0.10909091106131052,,,,,,,0.27861219589907316,0.11428571428571428,,0.037231708672465086,,10.0,2.0,0.0,11.0,5.0,1.0,-4.0,0.0,0.0
AQYLON.NS,EQ,15.75,399.6256256,25.0,avoid,False,False,extreme_valuation_missing_core_risk_data,True,True,40.95238095238095,3996256256.0,15.75,1.12,,,,0.55356,0.5486,0.38141,,3.6551132095718426,,,,1.145658214657867,132044000.0,,57580000.0,,,14.0625,,-69.38326,67.53,0.108,0.0,655263.0,45.6,-12.729999999999997,"[84650000.0, 38812000.0, 49457000.0, 347000.0, 13854000.0]","[42557000.0, -79931000.0, 14806000.0, -18357000.0, 1227000.0]","[0.17, -0.32, 0.058, -0.72, 0.0]","[-0.5415002953337271, 0.2742708440688446, -0.9929838041126635, 38.92507204610951]","[-2.878210400169185, -1.1852347649847994, -2.2398352019451573, -1.0668409870893938]","[-2.8823529411764706, -1.18125, -13.413793103448274, -1.0]","[-3.178854485892423, -5.587715769775617]","[0.41885041954525, 0.6580179326071062]","[10.894675656823994, -14.255785920925748, 5.347034644744569, -0.2623435565946912, 112.54545454545455]",-0.31818182944125506,-0.5974955387150818,-0.6341463349796934,,-0.46909782070066763,-0.9907292955596771,0.018758082867882386,0.6028536818024337,0.3333333333333333,0.8123504471749151,5.027577966068578,-0.9908999942221561,7.0,5.0,0.0,7.0,3.0,5.0,-2.0,0.0,0.0
KESORAMIND.NS,EQ,11.06,343.5940096,25.0,avoid,False,True,,True,True,29.52380952380953,3435940096.0,11.06,-0.29,-0.2536098855205049,,-0.1273332001050464,-0.18802,-0.03398,0.20993,59.044,-2.657541345870803,,,,1.2141176230308035,2454702000.0,-0.5974031382122255,-881324000.0,-0.2316189973151771,0.3877097097419251,,,0.9283197,-9.543,0.952,0.0,571226.0,43.34,0.0,"[776607000.0, 666177000.0, 647900000.0, 610499000.0, 672803000.0]","[-201893000.0, 310653000.0, 60200000.0, -993440000.0, 57656235000.0]","[-0.65, 1.0, 0.19, -3.2, 185.59]","[-0.1421954733861528, -0.027435651486016455, -0.05772650100324128, 0.10205422121903562]","[-2.538701193206302, -0.806214651073706, -17.50232558139535, -59.036957440811726]","[-2.5384615384615383, -0.81, -17.842105263157894, -58.996874999999996]","[0.5904368347749498, 0.44053576411496603]","[0.6568148672348543, 0.675938382379095]","[-2.122803033743585, 7.022624609836956, 1.878832116788321, -15.67903512597712, -3.4851298530752235]",-0.023830494784419898,0.06653814288064641,-0.028972775571469822,,-0.01943713776164102,-0.20545974432484992,1.3582090159230056,0.3941301212682409,0.4603174603174603,0.6485958029121058,0.7269098699529314,-0.4612068995047882,7.0,5.0,0.0,2.0,5.0,10.0,-4.0,0.0,0.0
MTNL.NS,EQ,22.91,1443.3299456,25.0,avoid,False,False,extreme_valuation_missing_core_risk_data,True,True,26.666666666666668,14433299456.0,22.91,-47.72,0.0215066294034966,,,-0.43855998,0.0,0.38274,,-0.1226117871491747,,,,-0.0567802937655282,4245900000.0,-0.2146450103622276,-31072400000.0,0.021503715403943,-0.1001826940568247,,,-0.048197586,67.57,0.657,0.0,6043064.0,56.25,0.0,"[2168900000.0, 3705100000.0, 1975200000.0, 1897600000.0, 1722200000.0]","[-8423600000.0, -3069500000.0, -8969400000.0, -9602100000.0, -9431500000.0]","[-13.37, -4.87, -14.24, -15.24, -14.97]","[0.708285305915441, -0.4668969798386009, -0.039287160793843645, -0.0924325463743676]","[-0.6356071038510851, 1.9221045772927186, 0.0705398354404978, -0.01776694681371782]","[-0.6357516828721017, 1.924024640657084, 0.0702247191011236, -0.017716535433070835]","[-1.1830729562162567, -1.182830911650986, -1.2130845968160755]","[0.3497850574422359, 0.33119356324932864, 0.41196679601219677]","[-0.12684271075795275, 0.5843223324120739, -0.19802853021317518, -0.2942230968298469, -0.2502651254043162]",-0.12437619447254011,-0.2120898492292006,-0.11176015596288569,,-0.13879477673408758,-0.46891736761912717,0.062412677943329165,0.3072880426837197,0.3968253968253968,1.9065412513572477,7.507031276207848,-0.500116439302128,4.0,8.0,3.0,0.0,0.0,14.0,-4.0,0.0,0.0
PEARLPOLY.NS,EQ,16.63,27.9964896,25.0,avoid,False,True,,True,True,21.904761904761905,279964896.0,16.63,-3.16,-0.1649418440835276,,-0.1624896115989626,-0.29536,-0.26801002,0.40527,,-104.24839400428266,,,,1.0390664318067435,197031000.0,0.0478757277703387,-47688000.0,-0.1643690495854172,-3.433243884539995,,,0.96764797,-0.628,0.615,0.0,10731.0,,,"[50403000.0, 55937000.0, 46956000.0, 44960000.0, 49178000.0]","[23498000.0, -40822000.0, -16426000.0, -19386000.0, 28944000.0]","[1.4, -2.43, -0.98, -1.15, 1.72]","[0.10979505188183247, -0.16055562507821297, -0.04250787971718206, 0.09381672597864776]","[-2.737254234402928, -0.5976189309685953, 0.18020211859247537, -2.4930362116991645]","[-2.7357142857142858, -0.5967078189300412, 0.1734693877551019, -2.4956521739130437]","[0.0, 0.0]","[4.748152199131616, 7.006585214330089, 5.603233324098369]","[187.4920634920635, -225.15508021390374, -122.50375939849624, -321.98333333333335, 302.5]",0.11699346010054223,-0.06304822549127564,0.10045076924919183,,-0.013763311279097024,-0.4359735781219175,0.3136049079114209,0.39128486154840564,0.5079365079365079,0.8235456929229776,0.02182025597521305,-0.5706270443410097,13.0,0.0,2.0,0.0,5.0,9.0,-4.0,0.0,0.0
SAMBHAAV.NS,EQ,5.68,108.5509632,25.0,avoid,False,True,,True,True,22.857142857142858,1085509632.0,5.68,-0.09,,,0.0211461372553092,-0.13389,-0.03669,0.30071,5.923,2.0474174428450467,,,,33.9568345323741,431008000.0,0.0223746273938612,2363000.0,,,,,1.2994738,27.144,0.64,0.0,70472.0,,,"[96172000.0, 125078000.0, 112858000.0, 100818000.0, 92253000.0]","[-20294000.0, 3935000.0, 3182000.0, -3118000.0, -1641000.0]","[-0.11, 0.02, 0.02, -0.02, -0.01]","[0.300565653204675, -0.09769903580165973, -0.10668273405518436, -0.08495506754746174]","[-1.1938996747807233, -0.1913595933926302, -1.9798868636077938, -0.47370109044259145]","[-1.1818181818181819, 0.0, -2.0, -0.5]","[0.06057761948942029, 0.10880554457444214, 0.13195771102373588]","[6.1927717946702305, 4.470889758108929, 3.5460702088609066]","[-6.204964776920496, 3.37657597876576, 2.138924731182796, 2.1141642132809944, -0.1451223715960014]",-0.0410256025693454,-0.15256794101279347,-0.031088053458469433,,-0.08436033448971392,-0.4909255988676373,0.10000004674874186,0.3779575655839148,0.3968253968253968,1.0790237738910382,0.02898291788869381,-0.5372051095479238,7.0,0.0,2.0,5.0,3.0,10.0,-2.0,0.0,0.0
SURANASOL.NS,EQ,23.41,115.1926528,25.0,avoid,False,True,,True,True,32.38095238095238,1151926528.0,23.41,1.3,-0.1839300384831915,,0.0285328067411206,0.00118,0.18052,0.14646,,19.55172413793104,,,,4.279341776236186,208343000.0,-0.2095408082787233,12397000.0,-0.1843888871037535,0.8799664782169131,18.007692,,2.0165389,-124.331,0.867,0.0,25452.0,,,"[171506000.0, 136135000.0, 25577000.0, 20865000.0, 25202000.0]","[54407000.0, 1980000.0, 2191000.0, 2797000.0, -8245000.0]","[1.11, 0.04, 0.06]","[-0.2062376826466713, -0.8121203217394498, -0.18422801735934624, 0.20786005271986574]","[-0.9636076240189682, 0.10656565656565653, 0.2765860337745323, -3.94780121558813]","[-0.963963963963964, 0.5]",[],"[3.198925283577182, 9.639682402692673]","[1275.14, 1.0995203836930456, 4.995850622406639, 10.480519480519481, -11.654033041788145]",-0.08236662868687683,-0.06464332844880682,0.05890226255296693,,-0.04264234769297548,-0.27519858504333483,0.2635782041856247,0.307356608542769,0.36507936507936506,0.2798789594851244,0.06525871695124626,-0.4263897457587128,7.0,0.0,1.0,6.0,5.0,8.0,-2.0,0.0,0.0
VARDMNPOLY.NS,EQ,5.26,267.4284032,25.0,avoid,False,True,,True,True,51.42857142857142,2674284032.0,5.26,6.6,0.4221775328479846,,0.1397181707051593,-0.049650002,1.33946,0.17502001,,1.8529281129938484,,,,-3.9503860023693904,2360577000.0,-0.2734576650619346,76813000.0,0.7269517195386297,-2.658370243064807,0.7969698,0.0188775985927931,-1.1772606,59.494,0.519,0.0,189897.0,,,"[607473000.0, 648466000.0, 505964000.0, 617240000.0, 595369000.0]","[3111900000.0, 8826000.0, 1450000.0, 64592000.0, 1945000.0]","[6.44, 0.02, 0.0, 0.14, 0.004]","[0.06748118846434337, -0.21975246196408138, 0.2199286905787763, -0.03543354286825218]","[-0.9971637906102381, -0.8357126671198731, 43.54620689655172, -0.9698879118157048]","[-0.9968944099378882, -1.0, inf, -0.9714285714285714]","[-1.8775415709002683, -0.22054587736118478, -1.6444909526041882]","[0.7971049109365483, 0.7059447026266391, 0.5769531698388323]","[89.42383428522717, 2.5579876434245366, 1.3202296819787986, 2.5117373089615467, 1.0526686344065639]",-0.10865872342837024,-0.22106822280662686,-0.25,,-0.08925910355082833,-0.4120940850408339,0.0,0.29979674357286684,0.3492063492063492,0.6708308446029199,0.09878062337933778,-0.4120940850408339,7.0,0.0,11.0,2.0,3.0,4.0,-2.0,0.0,0.0
VIKASECO.NS,EQ,1.01,140.2239488,25.0,avoid,False,True,,True,True,24.761904761904763,1402239488.0,1.01,0.02,-0.4151964523574267,,0.0243293603239641,0.01071,0.00098,0.08009,7.133,2.219230685314075,,,,-67.87161352193719,3531805000.0,-0.0354243898800084,16684000.0,-0.4405280728498582,12.435727879634372,50.5,,0.21330516,24.897,0.368,0.0,1442795.0,,,"[1191516000.0, 1161871000.0, 687203000.0, 647174000.0, 1035556000.0]","[10628000.0, -7994000.0, -16564000.0, 17542000.0, 23700000.0]","[0.01, 0.0, 0.0, 0.01, 0.02]","[-0.02488006875274862, -0.4085376087362539, -0.058249163638691925, 0.6001199059294717]","[-1.7521640948438089, 1.0720540405303978, -2.0590437092489737, 0.3510432105803216]","[-1.0, inf, 1.0]","[0.07525724672265359, 0.09468464919842491, 0.07186714990033496]","[3.7705079210194614, 2.78929963359705, 2.236594899774116]","[4.062505865790708, -1.6452287946428572, 2.225468648998061, 2.987487969201155, 3.819054903960564]",-0.05607482153980292,-0.151260553026894,-0.25735295600028996,,-0.10250848939111712,-0.48205129960741633,0.020202000741265103,0.2042563469685188,0.20634920634920634,0.9467940640678867,0.16417093721697568,-0.4923076998317498,7.0,0.0,2.0,7.0,5.0,8.0,-4.0,0.0,0.0
ABAN.NS,BE,17.71,103.3649856,24.0,avoid,False,False,extreme_valuation_missing_core_risk_data,True,True,24.761904761904763,1033649856.0,17.71,-32.94,-0.2579898349763766,,,0.47147998,-0.41777,0.91315,,0.1062459676502831,,,,-0.02990952835629,4096170000.0,0.0107150628314656,-5288950000.0,-0.2143752718894772,-20.00690758993476,,,-0.003647344,76.77,-0.541,0.0,31277.0,46.0,0.0,"[991150000.0, 913080000.0, 1047740000.0, 1144200000.0, 1157130000.0]","[18030000.0, 295570000.0, -3074410000.0, -2528120000.0, -2598690000.0]","[5.06, -52.66, -43.32]","[-0.07876708873530747, 0.1474788627502519, 0.09206482524290371, 0.01130047194546413]","[15.393233499722683, -11.40163074736949, -0.1776893777993176, 0.027914023068525307]","[-11.40711462450593, -0.1773642233194075]","[-0.6049462825386488, -0.605689090930604, -0.6179512428865827]","[0.019521426324885988, 0.02254034309646612, 0.02109913273963566]","[7.777257107154014, -0.014290164047899219, 0.11932264935881856, -0.02833779954351413]",0.2560646359830312,0.37463118088718583,-0.11364722867150312,,-0.043954281293971165,-0.5599622492665083,0.4142639573633786,0.42999776068547996,0.42857142857142855,0.8062009972600593,0.07016142185913563,-0.6888574099322612,7.0,5.0,2.0,2.0,0.0,10.0,-2.0,0.0,0.0
BRNL.NS,EQ,15.45,129.7027456,24.0,avoid,False,True,,True,True,26.666666666666668,1297027456.0,15.45,-19.23,-0.4789671046557612,,-0.0632223340273663,-1.9691701,-0.86336,0.96983004,81.271,,,,,4.239690191302823,1543011000.0,-0.2209478182385729,-296441000.0,-0.4789670849345804,2.167783727184877,,,0.18423124,-2.739,-0.106,0.0,22267.0,51.73,0.0,"[473946000.0, 489029000.0, 420484000.0, 171040000.0, 462458000.0]","[-943364000.0, -630382000.0, 184117000.0, 47530000.0, 102294000.0]","[-10.4, -13.13, 2.193175, 1.44, 1.59]","[0.03182430065872488, -0.14016551165677293, -0.593230658003634, 1.7038002806361083]","[-0.33177225334017413, -1.292072108657925, -0.7418489330154195, 1.1521986114033242]","[0.26249999999999996, -1.1670354150799696, -0.34341764793051177, 0.10416666666666674]","[1.0786877379529287, 1.051040128939204, 1.313122893202586]","[1.583596768809133, 1.4438419864128444, 0.7968229550298866]","[-218365.25, -4915.522321428572, 83147.33333333333, 40955.666666666664, 45903.0]",-0.08718547441864932,-0.14473681045921405,-0.21843681878696442,,-0.08633701607306954,-0.39110070763227545,0.0,0.17939343446461875,0.3333333333333333,0.7870174520858706,0.04100814226940155,-0.39110070763227545,7.0,8.0,2.0,2.0,5.0,5.0,-5.0,0.0,0.0
COMFINTE.NS,EQ,6.19,198.0416768,24.0,avoid,False,True,,True,True,31.428571428571427,1980416768.0,6.19,0.07,-1.0,,0.0283570718215537,0.039049998,-0.02306,0.15512,10.439,2.9472108239991126,,,,-0.8742954739538855,1450418000.0,0.0109383544651848,-29275000.0,,,88.42857,,1.0852034,20.574,0.079,0.8,859432.0,56.12,0.0399999999999991,"[317172000.0, 252086000.0, 613661000.0, 381680000.0, 202990000.0]","[46697000.0, -57520000.0, -4086000.0, -21166000.0, 51032000.0]","[0.15, 0.0, -0.01, -0.07, 0.16]","[-0.20520726924192556, 1.434331934339868, -0.3780279339896132, -0.4681670509327185]","[-2.2317707775660107, -0.9289638386648122, 4.180127263827704, -3.4110365680808843]","[-1.0, -inf, 6.000000000000001, -3.2857142857142856]","[0.11087105778994254, 0.12291864683527266, 0.07971618294844467]","[2.5311646056227133, 2.2938748112989793, 2.3513748714099036]","[7.035619093772716, 0.8958299264104661, 2.900995285489785, 1.039834831187758, 8.28242924528302]",0.028080646205811854,,,,,,,0.6034385634529013,0.4,,0.33370225619345906,,7.0,8.0,2.0,6.0,3.0,2.0,-4.0,0.0,0.0
JISLDVREQS.NS,EQ,19.55,1434.0125696,24.0,avoid,False,True,,True,True,24.761904761904763,14340125696.0,19.55,-0.74,,,0.0608168702119726,0.06005,-0.0084,0.43355,71.789,1.0467590714984374,,,,-25.14303128809427,63659700000.0,0.0396799606820086,-246100000.0,,,,,0.24525793,6.986,0.281,0.0,16635.0,30.37,0.0,"[15083700000.0, 18239700000.0, 15975800000.0, 15456500000.0, 17487300000.0]","[-149300000.0, -120100000.0, -418600000.0, 139300000.0, 289100000.0]","[-0.2, -0.17, -0.57, 0.2, 0.42]","[0.2092324827462757, -0.12411936599834428, -0.03250541443933952, 0.1313880891534307]","[-0.19557937039517748, 2.485428809325562, -1.3327759197324416, 1.0753768844221105]","[-0.15000000000000002, 2.352941176470588, -1.3508771929824561, 1.0999999999999996]","[0.7360135108570608, 0.7202125918123328]","[1.1633672884920145, 1.3113612801717303]","[0.911993487698987, 1.2551151442513484, 0.562874251497006, 1.1835803876852908, 1.4155517643889737]",-0.14915874128172957,-0.189692552584255,-0.11952945484834554,,-0.08773530255406692,-0.43559583036922356,0.0,0.3579731746743245,0.3968253968253968,0.6231540704752302,0.04353783366453171,-0.43559583036922356,4.0,2.0,2.0,4.0,7.0,5.0,0.0,0.0,0.0
QUINTEGRA.NS,EQ,1.69,4.5315376,24.0,avoid,False,True,,True,True,17.142857142857142,45315376.0,1.69,-0.04,-0.0914397035839301,,-0.4037795997153358,0.0,0.0,0.0,,,,,,0.1915931286743846,0.0,,-828370.0,-0.0932168645448963,,,,-0.3514975,,-0.098,0.0,6922.0,,,"[0.0, 0.0, 0.0, 0.0, 0.0]","[-528000.0, -136000.0, -24000.0, -356000.0, -312000.0]","[-0.02, -0.005, -0.001, -0.013, -0.012]",[],"[-0.7424242424242424, -0.8235294117647058, 13.833333333333334, -0.1235955056179775]","[-0.75, -0.8, 12.0, -0.07692307692307687]","[-1.0156886541679284, -1.0166073274376939, -1.0209400500072612]","[0.0, 0.0, 0.0]",[],0.4000000414641016,0.2384615948919735,0.2983870983247827,,-0.06109716899479134,-0.1868686874768355,0.43750000665230404,0.35511072765094426,0.1746031746031746,1.286451003307059,0.0008401190912234783,-0.43434343738417736,15.0,0.0,0.0,0.0,0.0,15.0,-6.0,0.0,0.0
RRIL.NS,EQ,15.76,191.0337152,24.0,avoid,False,True,,True,True,25.71428571428571,1910337152.0,15.76,0.81,-0.1394990562331014,,0.0991237765224297,0.0561,0.07042,0.18219,30.103,7.069847968403398,,,,0.4688051489670923,1220050000.0,-0.0757575046352037,86697000.0,-0.1426274362256249,1.882683925670744,19.45679,,1.6962651,21.014,1.086,0.0,18815.0,,,"[294917000.0, 274005000.0, 333682000.0, 372515000.0, 239848000.0]","[17590000.0, 29438000.0, 17396000.0, 25368000.0, 14495000.0]","[0.15, 0.24, 0.21, 0.21, 0.12]","[-0.07090808600385867, 0.21779529570628275, 0.11637726937623238, -0.3561386789793699]","[0.673564525298465, -0.4090631157007949, 0.45826626810761084, -0.428610848312835]","[0.6000000000000001, -0.125, 0.0, -0.4285714285714286]","[0.30102510012320155, 0.07300969772274157, 0.14129124951451608]","[2.6367397137745976, 3.915488567394613, 3.0414731358272658]","[4.876559640658792, 6.606925087108014, 9.46944603083952, 8.320637549161665, 4.852158273381295]",-0.03446194782029499,,,,,,,0.39256652396223607,0.3142857142857143,,0.03483542794317246,,7.0,0.0,2.0,9.0,5.0,1.0,0.0,0.0,0.0
TFL.NS,EQ,12.05,66.4150144,24.0,avoid,False,True,,True,True,18.09523809523809,664150144.0,12.05,-0.67,-0.3719718814414923,,-0.0901411970511058,0.02722,-0.31249002,0.65246004,107.02,-87.7971602434077,,,,-4.496330746232598,125970000.0,0.1022528459898735,-33113000.0,-0.2834064108175109,-2.771623694909947,,,2.3521373,,0.356,0.0,5084.0,,,"[24805000.0, 40471000.0, 31241000.0, 33406000.0, 39126000.0]","[-1210000.0, -13985000.0, -9072000.0, -12611000.0, -8568000.0]","[-0.02, -0.25, -0.17, -0.23, -0.16]","[0.6315662164886111, -0.22806454004101706, 0.06929995838801584, 0.17122672573789144]","[10.557851239669422, -0.3513049696102968, 0.39010141093474426, -0.32059313297914516]","[11.5, -0.31999999999999995, 0.3529411764705881, -0.30434782608695654]","[1.0701986385253366, 1.1495242038412712, 1.3235591148848578]","[1.9202735912932267, 2.3983111188837394, 0.3961022355139125]",[],-0.002518869299373616,0.027681633495548752,0.0,,0.006882271275003182,-0.3128976584511315,0.1412104023607883,0.4096680632174326,0.5238095238095238,0.3552925507764022,0.005799273261995315,-0.39791791230829987,10.0,0.0,5.0,2.0,3.0,8.0,-4.0,0.0,0.0
TRIDENT.NS,EQ,21.96,11189.9025408,24.0,avoid,False,True,,True,True,32.38095238095238,111899025408.0,21.96,0.78,-0.0561209446947706,,0.1067414878289224,0.13338,0.05829,0.47823003,38.323,5.581284694686756,,,,2.015804407202143,63046700000.0,0.0176423057160788,3771100000.0,-0.0506452510438,-2.8706707535196485,28.153847,,2.3466551,14.097,0.12,2.29,3016667.0,,,"[17868300000.0, 16325300000.0, 15744600000.0, 17871700000.0, 17068900000.0]","[1580900000.0, 1019800000.0, 442400000.0, 909300000.0, 1399600000.0]","[0.31, 0.2, 0.09, 0.18, 0.27]","[-0.0863540459920642, -0.035570556130668396, 0.13510028835283205, -0.04492018106839302]","[-0.3549244101461193, -0.5661894489115513, 1.0553797468354431, 0.5392059826239965]","[-0.35483870967741926, -0.55, 1.0, 0.5000000000000002]","[0.38322553872851267, 0.34742038147610904, 0.35387005814771294]","[1.5744814934983902, 1.631650552886007, 2.008675261898474]","[8.210736912304101, 5.546414157094071, 3.416503715291357, 5.986323411102172, 6.990427568602425]",-0.08965803417733376,-0.1391956073220525,-0.07425355206815054,,-0.06479793639706266,-0.2387182681962,0.010096011662360294,0.14659979757955735,0.31746031746031744,0.5721633752917776,6.893416352957077,-0.24632735599962963,0.0,0.0,2.0,10.0,4.0,8.0,0.0,0.0,0.0
URJA.NS,EQ,8.33,464.1526272,24.0,avoid,False,True,,True,True,29.52380952380953,4641526272.0,8.33,0.02,0.0,,0.0128500493900431,0.03181,0.02053,0.1767,24.759,4.665006456373363,,,,-19.56309443570733,667007000.0,0.1900125292088026,13353000.0,-0.0435851406284449,-0.2293803509164901,416.5,,2.3326797,246.407,0.375,0.0,546622.0,,,"[139621000.0, 175774000.0, 146142000.0, 190115000.0, 171753000.0]","[4317000.0, 1979000.0, 3713000.0, 5012000.0, 1185000.0]","[0.0, 0.004, 0.007, 0.009, 0.002]","[0.2589366929043626, -0.16858010854847705, 0.3008922828481888, -0.09658364674013098]","[-0.5415798007875839, 0.876200101061142, 0.34985187180177757, -0.7635674381484437]","[inf, 0.75, 0.2857142857142856, -0.7777777777777778]","[0.18345628544436815, 0.2567237149862681]","[1.857895445945128, 1.4334725833105506]","[4.6125523012552305, 4.0050590219224285, 2.9517405063291138, 7.869503546099291, 7.4534606205250595]",-0.08333335947572174,-0.11627910962304766,-0.10010767588746894,,-0.07745254003292046,-0.37284323296882893,0.04369530808918198,0.27729639670620126,0.31746031746031744,0.4304720478288522,0.48668178318838123,-0.3990997543340671,7.0,0.0,5.0,9.0,3.0,6.0,-6.0,0.0,0.0
WILLAMAGOR.NS,EQ,20.18,22.1099344,24.0,avoid,False,True,,True,True,26.666666666666668,221099344.0,20.18,-14.21,,,,-1391.5,0.0,1.0,,76.80813953488372,,,,-0.8344597280750576,15384000.0,-0.1212611797056801,-12577000.0,,,,,-0.0998155,-3104.664,0.772,0.0,4927.0,,,"[2000.0, 642000.0, 9241000.0, 613000.0, 4897000.0]","[-125432000.0, -25284000.0, 227099000.0, -232074000.0, 17683000.0]","[-11.45, -2.31, 20.73, -21.18, 1.61]","[320.0, 13.394080996884735, -0.9336651877502435, 6.988580750407831]","[-0.7984246444288539, -9.981925328270844, -2.0219067455162727, -1.0761955238415333]","[-0.7982532751091703, -9.974025974025974, -2.0217076700434156, -1.0760151085930123]","[-2.5011292975669717, -3.053893516761822, -2.4360590844598695]","[0.11753375356614916, 14.332669442935602, 0.11467344508342449]",[],-0.16203705153124537,-0.24725900668747425,-0.2096070097143028,,-0.09544644144203374,-0.420209675045337,0.0,0.42626582487249987,0.42857142857142855,0.819001327133923,0.008294761788654327,-0.420209675045337,15.0,0.0,0.0,4.0,0.0,5.0,0.0,0.0,0.0
ANTGRAPHIC.NS,EQ,0.69,10.6956624,23.0,avoid,False,True,,True,True,24.761904761904763,106956624.0,0.69,-0.02,-1.3080082135523614,0.12187,-0.0222858995408958,0.01454,0.051220004,0.10086001,,-121.77142857142856,,,,-0.0935536420758668,8393000.0,-0.0981822834971306,-4297000.0,,,,,0.6699029,,0.693,0.0,178245.0,0.96,0.0,[],[],[],[],[],[],[],[],[],-0.05479454851034116,-0.10389608479527279,-0.1481481535989616,,-0.06582578434819542,-0.3669724986364754,0.014705868173635617,0.26977290700851664,0.25396825396825395,0.9678944566372318,0.01408151928954184,-0.37614680153283453,15.0,0.0,0.0,2.0,5.0,7.0,-6.0,0.0,0.0
DHATRE.NS,EQ,3.87,42.1653888,23.0,avoid,False,True,,True,True,26.666666666666668,421653888.0,3.87,-0.2,,,-0.0454503591821698,-48.34837,0.0,-0.35992,,-142.85526315789474,,,,-4.903344499972541,91218000.0,-0.5517683548685126,-18209000.0,,,,,0.63998675,-7.727,1.343,0.0,48574.0,61.92,0.0,"[0.0, 0.0, 0.0, 953000.0, 90264000.0]","[-2928000.0, 790000.0, -3235000.0, -16808000.0, 1044000.0]","[-0.03, 0.01, -0.03, -0.15, 0.01]","[inf, 93.71563483735572]","[-1.269808743169399, -5.094936708860759, 4.195672333848532, -1.0621132793907664]","[-1.3333333333333335, -4.0, 4.0, -1.0666666666666667]",[0.0],"[28.653331101439573, 19.991124122868165, 27.98351060836288]",[],-0.14879650792441768,,,,,,,0.44372796197260356,0.5142857142857142,,0.021508433065196276,,13.0,8.0,0.0,0.0,5.0,1.0,-4.0,0.0,0.0
DHRUV.NS,EQ,23.03,43.6800064,23.0,avoid,False,True,,True,True,24.761904761904763,436800064.0,23.03,-18.63,,,-0.4450521433439401,-0.27934,-0.93101996,-0.70944,38.855,-24.33389183030628,,,,0.1208911575850556,429040000.0,-0.1914936274686733,-284843000.0,,,,,0.64959246,-1.694,0.19,0.0,7616.0,49.44,0.0,"[155543000.0, 83222000.0, -56854000.0, 192310000.0, 210363000.0]","[-47597000.0, -740000.0, -310145000.0, 10074000.0, 15967000.0]","[-2.51, -0.26, -16.37, 0.51, 0.84]","[-0.46495824305818967, -1.6831607026988056, -4.382523657086573, 0.09387447350631795]","[-0.9844528016471626, 418.11486486486484, -1.0324815811958923, 0.5849712130236251]","[-0.896414342629482, 61.96153846153846, -1.0311545510079414, 0.6470588235294117]","[0.32152749310318085, 0.22270984641253383, 0.17187051645596527]","[2.279452535059331, 3.0591428550239907, 3.1799018553850256]","[-7.434823441021788, -40.378794356562636, -67.3967656180771, 2.6641240783117213, 6.07279322853688]",-0.08157889321239853,-0.2028930274392462,-0.40646254935967574,,-0.16720293958938726,-0.6096924522181628,0.07550083577531774,0.4053438685828049,0.3333333333333333,0.8301665403985325,0.01629717235244751,-0.6370922877986716,13.0,5.0,0.0,3.0,5.0,4.0,-7.0,0.0,0.0
DNAMEDIA.NS,EQ,2.43,28.6030496,23.0,avoid,False,True,,True,True,31.428571428571427,286030496.0,2.43,-0.56,,,-0.0118351447584534,0.22313,-0.88564,0.54239,,-14.271668822768437,,,,0.2141875295761317,65088000.0,-0.116698736919984,-88754000.0,,,,,-0.11362574,-990.636,-0.559,0.0,34910.0,62.17,0.0,"[17183000.0, 16249000.0, 14076000.0, 26896000.0, 7867000.0]","[3999000.0, -60237000.0, -2978000.0, -6679000.0, -18860000.0]","[0.03, -0.51, -0.02, -0.06, -0.16]","[-0.054356049583891064, -0.1337313065419411, 0.9107701051435066, -0.7075029744199881]","[-16.063015753938487, -0.9505619469761111, 1.24278038952317, 1.8237760143734092]","[-18.0, -0.9607843137254902, 2.0, 1.666666666666667]","[-1.7271347413844296, -1.7711823808062255, -1.789731227877867]","[42.15940460081191, 33.742839207245986, 5.728502383373098]","[11.333333333333334, 11.835858585858587, -5.721354166666667, -15.31266149870801, -46.636591478696744]",-0.07224336462086012,-0.1285713932952096,-0.2129031831342384,,-0.09981684370355293,-0.469565193955073,0.05627710721260604,0.3828347056832236,0.38095238095238093,0.9636262701071299,0.011062089898928403,-0.4978260889846572,13.0,8.0,0.0,2.0,0.0,7.0,-7.0,0.0,0.0
GSS.NS,EQ,9.94,25.6520016,23.0,avoid,False,True,,True,True,17.142857142857142,256520016.0,9.94,-18.55,,,-0.1087603235713783,0.01815,-0.54532003,0.15922,48.025,-51.66928132287471,,,,1.2811759616796503,881267000.0,-0.0832627506863687,-503962000.0,,,,,0.08611578,21.494,0.566,0.0,33712.0,12.71,0.0,"[235034000.0, 281628000.0, 167354000.0, 191433000.0, 240852000.0]","[1483000.0, -491443000.0, 2037000.0, 2586000.0, -15221000.0]","[0.06, -18.79, 0.08, 0.1, -0.58]","[0.19824365836432167, -0.4057622111437783, 0.14388063625607983, 0.2581529830280045]","[-332.38435603506406, -1.004144936442273, 0.26951399116347563, -6.885924207269915]","[-314.1666666666667, -1.0042575838211816, 0.25, -6.799999999999999]","[0.5240862788717194, 0.4107354212504499, 0.5037712078616345]","[2.933523388080447, 3.424370724828993, 2.9856518672838255]","[1.5324955116696588, -172.11256637168142, 2.175598631698974, 2.2745917204709456, -4.027235772357724]",-0.07168792039121763,-0.17765274217789628,-0.16761598258834354,,-0.15900925254123954,-0.6102857317243304,0.17316504919351638,0.4077727235387783,0.38095238095238093,1.095197602362322,0.041594518897047045,-0.6678095136369977,13.0,0.0,0.0,4.0,5.0,8.0,-7.0,0.0,0.0
PSB.NS,EQ,21.01,14907.8245376,23.0,avoid,False,True,,True,True,38.095238095238095,149078245376.0,21.01,1.95,-0.0139391001995742,0.09786,0.0080699995,0.35354,0.28516,0.0,,,,,,-1.432076422563241,56324087000.0,0.1316922423379285,13219342000.0,0.0022556351990121,0.0171280795206152,10.774359,,1.0127254,,0.506,1.88,903751.0,,,"[13710500000.0, 14021700000.0, 14934600000.0, 13691400000.0, 17987800000.0]","[3315100000.0, 4218300000.0, 3364200000.0, 2691600000.0, 3127800000.0]","[0.47, 0.59, 0.47, 0.38, 0.46]","[0.02269793224171246, 0.0651062282034276, -0.08324293921497727, 0.31380282513110425]","[0.2724503031582757, -0.20247493065927036, -0.1999286606028179, 0.16205974141774404]","[0.25531914893617014, -0.2033898305084746, -0.1914893617021276, 0.21052631578947367]","[1.1536348334992794, 0.9872570958187739, 1.0337212843029953, 0.9120702266668327, 0.8895347586457305]",[],[],-0.09486511525681396,-0.13606792186165606,-0.08122704476709575,,-0.0679920823061505,-0.3367301322660541,0.022835327038042363,0.16732612291598284,0.4444444444444444,0.6181992177553909,1.9250896978367615,-0.351537974685854,0.0,0.0,7.0,3.0,6.0,7.0,0.0,0.0,0.0
RENUKA.NS,EQ,21.72,4623.079424,23.0,avoid,False,True,,True,True,31.428571428571427,46230794240.0,21.72,-3.66,0.5874010519681994,,-0.2732007082595563,-0.05609,-0.08415,0.20343,,-0.3379288872665477,,,,0.1537593329983511,91604750000.0,0.0056468036709422,-7920820000.0,0.5902180782783182,104.52250736385682,,,-1.7396876,43.985,-0.246,0.0,13882050.0,,,"[21180000000.0, 25469000000.0, 21196000000.0, 20075000000.0, 27130000000.0]","[-2511000000.0, -1222000000.0, -383000000.0, -2630000000.0, 916000000.0]","[-1.18, -0.57, -0.18, -1.24, 0.43]","[0.20250236071765815, -0.1677725862813616, -0.0528873372334403, 0.35143212951432123]","[-0.5133412982875348, -0.6865793780687397, 5.866840731070496, -1.3482889733840304]","[-0.5169491525423728, -0.6842105263157894, 5.888888888888889, -1.346774193548387]","[-2.6803200815334445, -3.514595965624254]","[0.48430504134857405, 0.5904533501784901]","[-0.7357142857142858, 0.1545253863134658, 1.1322128851540616, -0.7698289269051322, 1.4736842105263157]",-0.13775312215700752,-0.04443467880432983,-0.21645022181185325,,-0.006288680930036095,-0.28693368462947466,0.01780689587860751,0.3764655124515311,0.4603174603174603,0.9585216802619919,28.035062295110972,-0.2994090349967802,2.0,0.0,15.0,0.0,0.0,12.0,-6.0,0.0,0.0
SADBHAV.NS,EQ,6.72,115.2955776,23.0,avoid,False,True,,True,True,40.95238095238095,1152955776.0,6.72,1.74,,,0.6656552730693542,0.5672,0.0312,0.75818,,1.4452081795580132,,,,28.466001596169196,9313588000.0,-0.1925063943044181,263130000.0,,,3.862069,,-1.039604,6.247,0.831,0.0,204206.0,,,"[2040379000.0, 2709415000.0, 2299159000.0, 2498863000.0, 2219848000.0]","[156690000.0, 811404000.0, -726257000.0, 56076000.0, 121908000.0]","[0.91, 4.73, -4.23, 0.33, 0.71]","[0.32789790524211426, -0.15141866417658423, 0.0868595864835795, -0.11165678150422809]","[4.178403216542217, -1.8950621392056237, -1.0772123366797153, 1.1739781724802056]","[4.197802197802198, -1.8942917547568712, -1.0780141843971631, 1.1515151515151514]","[-29.434753514680537, -16.46955447385232, -15.360773974090849]","[1.0615659225929597, 0.8730862528928512, 0.8763584708313091]","[1.9091790224109817, 3.3097059425686752, 0.44438208908750076, 1.2494319618056173, 1.4575614979649998]",-0.162094837078665,-0.18742449598257505,-0.24153498300339182,,-0.12425769329870895,-0.5264270620922648,0.1016393270905187,0.5145273396466923,0.3968253968253968,0.9407273906330967,0.14768072302497148,-0.5701197966865764,7.0,0.0,0.0,4.0,5.0,7.0,0.0,0.0,0.0
SADBHIN.NS,EQ,2.63,92.6352384,23.0,avoid,False,False,extreme_valuation_missing_core_risk_data,True,True,31.428571428571427,926352384.0,2.63,0.05,-0.6253611545247885,,,0.55389,0.0019200001,0.75267,,1.2424244778717055,,,,-49.36324743305818,7700170000.0,-0.0211553705384163,-198680000.0,-0.6244579184517384,29.51770177306878,52.600002,,-0.15397227,5.192,0.633,0.0,102261.0,,,"[2002620000.0, 2016790000.0, 2055370000.0, 1810600000.0, 1862810000.0]","[333610000.0, 668100000.0, -1091200000.0, 104660000.0, 119780000.0]","[0.95, 1.9, -3.1, 0.3, 0.34]","[0.007075730792661661, 0.01912940861467982, -0.11908804740752277, 0.02883574505688724]","[1.0026378106171876, -2.6332884298757673, -1.0959127565982405, 0.14446780049684693]","[1.0, -2.6315789473684212, -1.096774193548387, 0.13333333333333353]","[-4.1911500303967095, -5.8967398579520465, -5.877724117446453]","[0.8710870962500338, 0.824129724354898, 0.8330936913022555]","[2.4602360981671327, 7.063787185354691, 0.03185117232819793, 1.3874628718357938, 1.4016580193999548]",0.034883781104384504,-0.02909088134765625,0.11715479460240319,,-0.0400224543840223,-0.38051041490918247,0.24766352589197793,0.4121718950851193,0.42857142857142855,0.5558810225611484,0.027459615881402492,-0.5034802474906582,10.0,0.0,2.0,4.0,2.0,7.0,-2.0,0.0,0.0
TARAPUR.NS,EQ,16.58,32.3310208,23.0,avoid,False,False,extreme_valuation_missing_core_risk_data,True,True,17.142857142857142,323310208.0,16.58,-1.46,-0.550784021900159,,,-1.3843601,0.0,0.0,,0.2495023885350318,,,,-0.8082302204667284,0.0,-1.0,-24811000.0,-0.5505576019637934,0.5505576019637934,,,-17.471022,817.178,-0.463,0.0,31799.0,,,"[0.0, 0.0, 0.0, 0.0, 0.0]","[-4446000.0, -12556000.0, -2427000.0, -4434000.0, 952000.0]","[-0.23, -0.64, -0.12, -0.23, 0.05]",[],"[1.824111560953666, -0.8067059573112456, 0.8269468479604449, -1.2147045557059089]","[1.7826086956521738, -0.8125, 0.9166666666666667, -1.2173913043478262]","[-4.624885881531604, 16.206256877849395]","[0.5687975682378276, 0.6289779750787249, 0.6408812924208145]","[-1.2472906403940887, 0.3325153374233129, 0.4215919923736892, -1.6174734356552538, 1.5551020408163265]",0.2922837117926327,-0.08750688750201674,-0.3085904820597075,,-0.23526170865514984,-0.5678915719247419,0.4392360472982706,0.7450738069060516,0.4603174603174603,1.6506201553263609,0.1048899421315527,-0.6997654214634141,13.0,0.0,0.0,0.0,0.0,12.0,-2.0,0.0,0.0
VISHWARAJ.NS,EQ,5.33,116.1021568,23.0,avoid,False,True,,True,True,31.428571428571427,1161021568.0,5.33,-1.62,0.2637492915648527,-0.15317,-0.0586350571085352,-0.12909001,-0.10724,0.06995,184.771,-0.8590959530846551,0.73,0.094,-436095744.0,-1.3198172614779529,3768101000.0,-0.1507140359702617,-281714000.0,0.0631156398950887,-0.4187774515410258,,,0.47555315,-91.361,0.737,0.0,382721.0,,,"[1070661000.0, 1110280000.0, 776835000.0, 550399000.0, 1330588000.0]","[-258357000.0, 109286000.0, -67133000.0, -143657000.0, -163866000.0]","[-1.19, 0.53, -0.31, -0.66, -0.75]","[0.03700424317314255, -0.3003251432071189, -0.2914853218508435, 1.41749712481309]","[-1.4230038280363992, -1.6142872829090642, 1.1398864939746471, 0.14067535866682435]","[-1.4453781512605042, -1.5849056603773586, 1.1290322580645165, 0.13636363636363624]","[1.8477056941125085, 1.6626585661289148, 1.457753474415341, 1.231104052043046, 1.3234804425886917]","[0.7304631298648754, 0.7610363238395268, 0.8848693662589378, 0.8782388403895841, 0.9383899013199093]","[-1.1504124251933112, 0.11880217028380634, -0.6472334682860998, -2.1134349060488504, -1.455657125730556]",-0.09044371974962628,-0.007448782626717443,0.01717560238913629,,-0.02978183578109106,-0.35860413302459226,0.2751196513384808,0.5458088726809396,0.4126984126984127,0.8160815162094763,0.18522394838518383,-0.4969916224707692,7.0,0.0,6.0,1.0,5.0,10.0,-6.0,0.0,0.0
AGL.NS,EQ,12.24,1202.9252608,22.0,avoid,False,True,,True,True,26.666666666666668,12029252608.0,12.24,,,,,-0.00653,-0.01864,0.83700997,,,,,,,,,,,,,,0.92853886,,,0.0,1505558.0,63.28,,[],[],[],[],[],[],[],[],[],-0.23595509229924083,-0.24397780312793382,,,,-0.41435406724763835,0.007407420198650039,0.6234043600088583,0.3968253968253968,0.4594095292479903,2.48181666950634,-0.418660294722786,4.0,8.0,0.0,0.0,5.0,5.0,0.0,0.0,0.0
BAJAJHIND.NS,EQ,20.42,4878.1053952,22.0,avoid,False,True,,True,True,21.904761904761905,48781053952.0,20.42,1.23,,,0.0174959033893294,-0.15623,0.0217,0.16738,92.996,7.795121951219512,,,,1.81291952933744,53979500000.0,-0.043836770166138,1266300000.0,,,16.601625,,4.8446026,40.95,0.152,0.0,17824691.0,13.33,-0.0899999999999998,"[11259700000.0, 16687100000.0, 13804400000.0, 11571900000.0, 12484200000.0]","[-1846500000.0, 3907200000.0, 147500000.0, -1050900000.0, -1737500000.0]","[-0.23, 2.3, 0.12, -0.83, -1.4]","[0.482019947245486, -0.172750208244692, -0.16172379820926663, 0.07883752884141759]","[-3.1160032493907392, -0.962249180999181, -8.124745762711864, 0.6533447521172329]","[-10.999999999999998, -0.9478260869565217, -7.916666666666667, 0.6867469879518071]","[0.9297770500062981, 0.8715642915211963, 23.54363347877826]","[0.5612961447042695, 0.4388333717243103, 0.34557592901445466]","[-15.228070175438596, 17.516574585635357, 3.108853410740203, -40.55511811023622, -13.956521739130435]",-0.09885259427192727,0.17694522347694375,0.18720925410030032,,0.05505927852103687,-0.157243068011661,0.3677159851909009,0.5582601064833085,0.4603174603174603,0.8259770469020986,34.083526239728755,-0.3411297261380668,2.0,0.0,0.0,7.0,2.0,15.0,-4.0,0.0,0.0
IDEA.NS,EQ,13.0,140845.9472896,22.0,avoid,False,True,,True,True,37.142857142857146,1408459472896.0,13.0,3.45,,,0.3690382957439667,-0.03766,0.82278,0.45202,,2.604868304919404,,,,0.5346434359805511,447890000000.0,0.0205086260452318,345520000000.0,,,3.768116,,-3.939394,26.825,0.737,0.0,401168795.0,25.64,0.0,"[116820000000.0, 113030000000.0, 113080000000.0, 111696000000.0, 110080000000.0]","[-37540000000.0, 519700000000.0, -52860000000.0, -55242000000.0, -66080000000.0]","[-0.35, 4.8, -0.49, -0.51, -0.63]","[-0.03244307481595621, 0.00044236043528256275, -0.012239122744959308, -0.014467841283483773]","[-14.843899840170485, -1.1017125264575718, 0.04506242905788871, 0.1961913037181855]","[-14.714285714285715, -1.1020833333333333, 0.04081632653061229, 0.23529411764705888]","[-5.3841937468538505, -2.8285378885814003, -3.3166808873720135]","[0.5511854670059714, 0.45724765904448006, 0.5581148631639515]","[0.2681640625, 11.416032064128256, 0.09231297185998627, -0.15527547863890978, -0.12183947055828949]",-0.15693904437875783,-0.08386184746815595,0.4130435075561587,,-0.01642155161188874,-0.16666668704432253,0.5550239873056362,0.37549646335014525,0.3968253968253968,0.870538975820026,550.2527495226778,-0.29270319766354547,0.0,2.0,2.0,3.0,3.0,12.0,0.0,0.0,0.0
ODIGMA.NS,EQ,20.71,64.7362496,22.0,avoid,False,True,,True,True,26.666666666666668,647362496.0,20.71,-0.33,,,-0.0265797066491014,-0.01041,-0.02159,0.08732,,,,,,6.8187609638999165,424462000.0,0.5363594747380125,-10831000.0,,,,,1.257896,-31.587,,0.0,12073.0,,,"[123163000.0, 137490000.0, 95626000.0, 125669000.0, 65677000.0]","[1488000.0, 1298000.0, -14397000.0, 1206000.0, 1062000.0]","[0.05, 0.04, -0.46, 0.04, 0.03]","[0.1163255198395623, -0.3044875990981162, 0.31417187794114576, -0.4773810565851563]","[-0.12768817204301075, -12.091679506933744, -1.0837674515524067, -0.11940298507462688]","[-0.20000000000000007, -12.5, -1.0869565217391304, -0.25]",[],"[4.892521343198634, 3.3330799886325333, 5.635372769056288]",[],-0.07969719862616542,-0.12674271188552166,-0.11967629986055561,,-0.07075257050310169,-0.5128446870698575,0.010263978554166275,0.24169260560526987,0.4444444444444444,0.6456060980794829,0.03723678653139115,-0.5177940387151762,10.0,0.0,7.0,0.0,3.0,4.0,-2.0,0.0,0.0
RAJMET.NS,EQ,3.08,85.15584,22.0,avoid,False,True,,True,True,20.0,851558400.0,3.08,0.0,-0.6817404605698272,,0.0488761502489063,0.01444,0.00853,0.06458,23.66,1.0318471337579618,,,,-67.65625,2633300000.0,-0.3650904328432266,-3200000.0,,,,,1.5446339,24.109,0.063,0.0,210750.0,,,[],[],[],[],[],[],[],[],[],-0.028571476147016606,-0.15702483572763382,-0.20725387928965844,,-0.09362319619283543,-0.3729508461025697,0.05517235936222864,0.31115634129086167,0.31746031746031744,0.7098706624116147,0.07070839351488829,-0.4057376993115761,10.0,0.0,0.0,6.0,3.0,5.0,-2.0,0.0,0.0
RAJTV.NS,BE,10.07,52.276736,22.0,avoid,False,True,,True,True,20.0,522767360.0,10.07,-0.11,-0.1198510144560919,,0.0276927336054138,-0.038510002,-0.00828,0.14557,16.564,1.420193775360364,,,,9.518165204401203,700452070.0,-0.0616852463170269,7912380.0,-0.1108132131691389,1.7964297751138454,,,0.44602913,32.636,-0.566,0.0,69395.0,,,"[149675330.0, 213234070.0, 163938000.0, 157597670.0, 165682330.0]","[-10076930.0, 2202600.0, 547300.0, 1660720.0, 3501760.0]","[-0.19, 0.04, 0.01, 0.03, 0.07]","[0.4246440612491049, -0.2311828968044366, -0.0386751698812966, 0.05129936248422973]","[-1.21857847578578, -0.7515209298102243, 2.0343869906815275, 1.1085794113396599]","[-1.2105263157894737, -0.75, 2.0, 1.3333333333333335]","[0.17987388225745962, 0.19756108509146336, 0.2304684409521652]","[1.1655324595961642, 1.1927110296691747, 1.1243142405024986]","[-0.943488082765846, 1.4257260153011801, 1.1314797391877318, 1.3827733893486955, 1.6876529524849926]",0.18181817158233038,-0.1651375796524871,-0.5632635167730591,,-0.18759423635263228,-0.7694610628509618,0.2800511520647688,0.48285841615778957,0.49206349206349204,0.9943926296887288,0.06862167615022897,-0.8198986526615202,10.0,0.0,2.0,4.0,5.0,5.0,-4.0,0.0,0.0
TICL.NS,BE,8.23,127.564992,22.0,avoid,False,True,,True,True,32.38095238095238,1275649920.0,8.23,0.46,,,0.0224096450679858,0.0462,0.10577,0.31985,113.682,12.191176470588236,,,,-2.3045751633986926,674500000.0,-0.1040359685965295,76500000.0,,,17.891302,,0.38682082,60.267,0.303,0.0,1465381.0,,,"[110400000.0, 225100000.0, 208300000.0, 123700000.0, 117400000.0]","[5100000.0, 16100000.0, 17000000.0, 32200000.0, 11000000.0]","[0.03, 0.11, 0.11, 0.21, 0.07]","[1.0389492753623188, -0.07463349622390048, -0.4061449831973115, -0.05092966855295067]","[2.156862745098039, 0.05590062111801242, 0.8941176470588235, -0.6583850931677019]","[2.666666666666667, 0.0, 0.909090909090909, -0.6666666666666666]","[1.1365446371226717, 1.139990258158792, 1.115810276679842]","[0.5549122762856495, 0.5165562913907285, 0.5087616822429907]","[3.217391304347826, 8.136363636363637, 12.333333333333334, 15.636363636363637, 8.333333333333334]",0.08114851435166703,-0.22470906103293597,-0.6436213942671849,,-0.44869428867210503,-0.7409512483291443,0.5575539454201548,0.5743522397605206,0.42857142857142855,0.9652840071058165,0.5250881125073695,-0.8336823244982526,7.0,0.0,0.0,7.0,7.0,5.0,-4.0,0.0,0.0
TIJARIA.NS,BE,6.08,17.6412272,22.0,avoid,False,True,,True,True,21.904761904761905,176412272.0,6.08,-0.48,-0.4852857507999106,,-0.0412804103657614,-4.10397,0.0,0.99836,,-1.7328168589468678,,,,-3.889138009392516,0.0,-1.0,-12871950.0,-0.4855779075898701,0.4855779075898701,,,-0.5150796,-74.255,0.316,0.0,37647.0,,,"[0.0, 0.0, 0.0, 0.0, 0.0]","[-3611000.0, -2992000.0, -3258000.0, -3960000.0, -2662000.0]","[-0.13, -0.1, -0.11, -0.14, -0.09]",[],"[-0.17142065909720294, 0.08890374331550799, 0.2154696132596685, -0.3277777777777777]","[-0.23076923076923073, 0.09999999999999987, 0.27272727272727293, -0.3571428571428572]","[-2.1552849838472903, -2.161881727654111, -2.1831194010499115, -2.362086381211339, -2.381432568308916]","[1.0565096588780138, 1.05891697700497, 1.0637967399726884, 1.6506785191227453, 1.6635949580177978]","[-1.507638888888889, -1.101123595505618, -1.2391752577319588, -1.018348623853211, -59.5]",-0.29768466373884084,0.46774185751139363,0.484848471375654,,0.28356457083457864,-0.33228512462993887,0.6502590825591061,0.8928314380401449,0.4603174603174603,0.5639919923237376,0.03598299408617019,-0.43854747673221095,15.0,0.0,0.0,0.0,0.0,11.0,-4.0,0.0,0.0
VIRTUALG.NS,BE,0.43,24.34504,22.0,avoid,False,True,,True,True,26.666666666666668,243450400.0,0.43,-0.01,,,-0.0041745625178394,-4.97179,0.0,0.0,2.354,,,,,32.10455352770058,0.0,-1.0,-3389460.0,,,,,0.30758226,-31.855,0.444,0.0,231355.0,,,"[319000.0, 0.0, 0.0, 1841000.0, 0.0]","[700000.0, -2148000.0, 463000.0, -1565000.0, 25000.0]","[0.001, -0.004, 0.01, 0.0, 0.0]","[-1.0, inf, -1.0]","[-4.0685714285714285, -1.2155493482309125, -4.38012958963283, -1.0159744408945688]","[-5.0, -3.5, -1.0]","[0.023544939826518937, 0.042765674707043046, 0.034414058394792314]","[8.168171410643652, 5.469909679952877, 5.4559389635068785]",[],-0.04444440323629384,,,,,,,0.7804373234888488,0.35294117647058826,,0.011145735032996535,,15.0,0.0,0.0,3.0,5.0,1.0,-2.0,0.0,0.0
VIVIDHA.NS,EQ,0.51,14.927728,22.0,avoid,False,True,,True,True,26.666666666666668,149277280.0,0.51,-0.04,-1.0,,-0.1858876312837769,-1.52557,0.0,0.23812,,-2.091395793499044,,,,-0.1136555851928957,1151000.0,-0.4733792118566882,-15371000.0,0.0327887758253251,-0.0692653479579742,,,-51.0,-45.274,-0.049,0.0,316599.0,,,"[2268000.0, 0.0, 67000.0, 0.0, 1085000.0]","[-3879000.0, -4237000.0, -2175000.0, -2999000.0, -5962000.0]","[-0.01, -0.01, -0.01, -0.01, -0.02]","[-1.0, inf, -1.0, inf]","[0.09229182779066769, -0.48666509322633944, 0.3788505747126436, 0.9879959986662221]","[0.0, 0.0, 0.0, 1.0]","[-15.450392927308448, 26.226165027789655, 5.620762899371626]","[31.923390383048083, -34.524112829845315, -22.166747927840078]","[-8.257756563245824, -1.358950328022493, -2.4414556962025316, -3.223943661971831, -6.03066037735849]",-0.01960782480441492,-0.03846150319251662,-0.1071428609441738,,-0.021284696601037933,-0.37500000931322564,0.16279067833272776,0.3200613884263276,0.30158730158730157,0.8392648881626168,0.013094185619612932,-0.46249999906867745,15.0,0.0,2.0,0.0,0.0,9.0,-4.0,0.0,0.0
ZENITHSTL.NS,EQ,5.2,73.9858304,22.0,avoid,False,True,,True,True,33.33333333333333,739858304.0,5.2,0.28,,,,-0.07705,0.09283,0.50044,,2.835566181623315,,,,-0.2495094684006388,510175000.0,-0.2986532977130276,43830000.0,,,18.571428,,-0.29073018,-16.36,0.115,0.0,52339.0,,,"[71774000.0, 112918000.0, 94033000.0, 140410000.0, 189187000.0]","[4383000.0, 13918000.0, 14688000.0, 7162000.0, 9565000.0]","[0.03, 0.1, 0.1, 0.05, 0.07]","[0.57324379301697, -0.16724525762057418, 0.49319919602692663, 0.34738978705220425]","[2.1754506046087156, 0.05532404081046138, -0.5123910675381264, 0.3355208042446245]","[2.3333333333333335, 0.0, -0.5, 0.40000000000000013]","[-0.7980993998760304, -0.8559891038895314, -0.7541902269970813]","[0.23508036797596643, 0.22999105379722667, 0.22901965911988337]","[1.7493451211525868, 3.375250836120401, 3.2972213549797065, 2.170505438259757, 2.588645579886456]",-0.1525704882725345,-0.07927928686470898,0.07127885826990088,,-0.03533310744139806,-0.48279351474445154,0.1108696172728667,0.37736404483064573,0.4603174603174603,0.6731332725636285,0.03834487536271572,-0.534412970511097,10.0,0.0,0.0,3.0,2.0,7.0,0.0,0.0,0.0
ALOKINDS.NS,EQ,9.0,4468.7163392,21.0,avoid,False,True,,True,True,26.666666666666668,44687163392.0,9.0,-1.44,-0.0536771409243642,,-0.109369280705114,-0.0095,-0.18827,0.48192,,-1.534886885524749,,,,-0.5634650790877693,36440700000.0,-0.1917216338630832,-7441100000.0,-0.0545414284292355,0.2844823890254659,,,-0.20757894,413.835,0.236,0.0,37877255.0,75.0,0.0,"[9931100000.0, 9829700000.0, 8582400000.0, 9324900000.0, 9529600000.0]","[-1382500000.0, -1925400000.0, -2176300000.0, -1715600000.0, -744700000.0]","[-0.28, -0.39, -0.44, -0.35, -0.15]","[-0.010210349306723376, -0.12689095292837016, 0.08651426174496635, 0.021951978037298092]","[0.3926943942133816, 0.1303105848135453, -0.21168956485778612, -0.565924457915598]","[0.3928571428571428, 0.1282051282051282, -0.20454545454545459, -0.5714285714285714]","[-1.0480407399372995, -1.086771671711071]","[0.6126950614235972, 0.9262898504181128]","[0.08389106089722351, -0.30343434343434345, -0.4229763305871584, -0.10066080708282543, 0.5226995440827072]",0.206434310184743,-0.2845786920045855,-0.3357933672832001,,-0.3117390352261614,-0.4972066931955069,0.27659571014307693,0.5276919503596,0.36507936507936506,2.100284902080031,24.288689600491352,-0.606145232347568,2.0,10.0,0.0,0.0,0.0,15.0,-6.0,0.0,0.0
BLUECOAST.NS,EQ,21.27,41.858416,21.0,avoid,False,False,extreme_valuation_missing_core_risk_data,True,True,23.809523809523807,418584160.0,21.27,-0.74,-0.3715429665084191,,,0.08371,-0.47149,0.65954,,-0.0312840199392654,,,,-1.776742630547991,20382000.0,,-20931000.0,-0.3358585967557823,,,,-1.3491057,45.5,0.606,0.0,2061.0,74.92,3.5,"[3500000.0, 12337000.0, 1000000.0, 5700000.0, 1345000.0]","[-2783000.0, -1403000.0, -3772000.0, -2667000.0, -13088000.0]","[-0.15, -0.14, -0.15, -0.3, -0.88]","[2.524857142857143, -0.9189430169409094, 4.7, -0.7640350877192983]","[-0.49586776859504134, 1.6885245901639343, -0.292948038176034, 3.907386576677915]","[-0.06666666666666654, 0.0714285714285714, 1.0, 1.9333333333333336]","[-0.47079464603138693, -0.8340468265268597, -0.3220907655267041]","[0.11491764753042807, 0.14853662662832007, 0.18146004784988665]","[0.3970970537261698, 1.338799025038777, 0.14486510995239174, 0.381636911662416, -2.1043643263757117]",-0.08065959582059468,-0.250635719352743,-0.02504729160999153,,-0.17568428928584656,-0.6193024601665416,0.06670108572910727,0.5353866010597089,0.36507936507936506,0.6768494952204608,0.0037083334636688232,-0.6431075725649555,13.0,10.0,0.0,1.0,0.0,1.0,-4.0,0.0,0.0
ZEEMEDIA.NS,EQ,7.03,460.7663616,21.0,avoid,False,True,,True,True,24.761904761904763,4607663616.0,7.03,-0.02,,,0.0434297515377041,-0.05145,-0.00184,0.44081002,37.194,0.7018495556933251,,,,51.97463002114165,7591750000.0,0.0175228978493851,18920000.0,,,,,1.9841943,4.87,0.865,0.0,897851.0,,,"[1908500000.0, 1577800000.0, 2403200000.0, 1787200000.0, 1823600000.0]","[-121200000.0, -265300000.0, 527700000.0, -155300000.0, -88100000.0]","[-0.19, -0.42, 0.84, -0.25, -0.14]","[-0.17327744301807702, 0.5231334769932818, -0.2563249001331558, 0.020367054610564095]","[1.188943894389439, -2.9890689785148887, -1.2942960015160128, -0.43271088216355436]","[1.2105263157894735, -3.0, -1.2976190476190477, -0.43999999999999995]","[0.3719153043804689, 0.5464790168782826, 0.7870799956504404]","[0.647020083847789, 0.537748678893379, 0.5565287766915974]","[-1.6031434184675835, -4.841796875, 11.466809421841543, -1.728952772073922, -1.3833333333333333]",-0.11460955174484866,-0.14891040980515713,-0.07010578531516887,,-0.09289319408003505,-0.38116193465937165,0.05714287353253367,0.5670465427525719,0.3333333333333333,0.5224775484843975,0.8569432846777891,-0.41461264996969815,7.0,0.0,2.0,3.0,5.0,6.0,-2.0,0.0,0.0
JYOTISTRUC.NS,EQ,8.93,1065.9383296,20.0,avoid,False,True,,True,True,35.23809523809524,10659383296.0,8.93,0.54,,,0.0234241438824263,0.07071,0.07603,0.24031,439.045,21.262962962962963,,,,-4.800642512939497,7413800000.0,0.4818628671950884,560300000.0,,,16.537037,,2.245976,79.051,0.568,0.0,5567524.0,,,"[2514600000.0, 2343600000.0, 2089600000.0, 1506000000.0, 1561600000.0]","[194600000.0, 181400000.0, 170100000.0, 97200000.0, 111600000.0]","[0.163, 0.1522, 0.1428, 0.0817, 0.0939]","[-0.06800286327845384, -0.10838026967059222, -0.27928790199081166, 0.036918990703851184]","[-0.06783144912641315, -0.062293274531422305, -0.4285714285714286, 0.14814814814814814]","[-0.0662576687116565, -0.06176084099868584, -0.4278711484593838, 0.14932680538555698]","[4.390446893238659, 3.8542888635200567, 3.5497270480288776]","[6.000674209384152, 7.101265508684864, 6.0135657338106085]","[9.641255605381167, 12.70807453416149, 16.45, 146.28571428571428, 513.0]",-0.1387795146248212,-0.2540494167545543,-0.16187736094920924,,-0.1690794183826998,-0.40150478327685757,0.0978670301557929,0.34835577512771343,0.3333333333333333,0.7466153024141079,4.756681983928375,-0.4548563712326684,4.0,0.0,7.0,6.0,5.0,5.0,-7.0,0.0,0.0
RAMASTEEL.NS,BE,4.07,665.8686976,20.0,avoid,False,True,,True,True,24.761904761904763,6658686976.0,4.07,0.1,-0.4074523119522241,,0.0549642050440317,0.02002,0.011460001,0.05252,26.867,2.457544844641619,,,,-8.644292901595174,11173968000.0,-0.055723705114888,125817000.0,-0.2215443324973584,3.9757645698646695,40.7,,1.2167414,38.383,1.104,0.0,1672909.0,,,"[2233364000.0, 2461527000.0, 2893828000.0, 3204495000.0, 2681345000.0]","[51140000.0, 42822000.0, 21729000.0, 13943000.0, 53249000.0]","[0.03, 0.03, 0.01, 0.04, 0.03]","[0.10216113450382469, 0.17562309899505468, 0.10735503284922254, -0.16325505266820517]","[-0.16265154477903798, -0.49257391060669753, -0.35832297850798467, 2.8190489851538407]","[0.0, -0.6666666666666666, 3.0, -0.25]","[0.27165666267260896, 0.26920954524193064, 0.24380156441805362]","[1.8020856702848422, 2.1230929490265553, 1.6644793000143066]","[3.2338813857897826, 2.0758638990446987, 2.472130233206679, 1.7381720096732187, 3.417193171125151]",0.012195168755581687,-0.08791210518670955,-0.12076265257653207,,-0.06314223978465028,-0.623069935595369,0.1432506789346486,0.35326507995248296,0.36507936507936506,0.5866400952062587,1.1141747139299334,-0.6702997239801531,4.0,0.0,2.0,7.0,3.0,6.0,-2.0,0.0,0.0
SGLRES.NS,EQ,2.42,60.6161152,20.0,avoid,False,True,,True,True,27.61904761904762,606161152.0,2.42,-0.03,-1.0,,0.0015404587709996,-2.6734202,-0.01739,0.68151003,43.543,1.518463810930576,,,,342.98691588785044,348687000.0,0.2704815548842014,1070000.0,-0.430598683464068,-1.5919706009099803,,,,-16.538,1.093,0.0,50326.0,,,"[13617000.0, 22252000.0, -82657000.0, 391931000.0, 47161000.0]","[-6842000.0, 880000.0, -3966000.0, 4447000.0, -292000.0]","[-0.03, 0.0, -0.02, 0.02, 0.0]","[0.6341338033340678, -4.71458745281323, -5.741655274205452, -0.8796701460206006]","[-1.1286173633440515, -5.506818181818182, -2.121280887544125, -1.0656622442095796]","[-1.0, -inf, -2.0, -1.0]","[0.43543196865288475, 0.07913827855383196, 0.0856514347807979]","[1.4187869538026578, 3.037230074875601, 2.6737174715301646]","[6.425531914893617, -40.36231884057971, -333.46666666666664, 36.6, 9.383333333333333]",-0.09600000381469731,,,,,,,0.4616573827705546,0.5142857142857142,,0.014283995276666881,,10.0,0.0,7.0,4.0,0.0,1.0,-2.0,0.0,0.0
UTKARSHBNK.NS,EQ,13.58,2416.5931008,20.0,avoid,False,True,,True,True,21.904761904761905,24165931008.0,13.58,-6.39,,,,-0.10515001,-1.4614199,0.0,,,,,,-0.6782851007455918,19078979000.0,0.0143078294838636,-11509784000.0,,,,,0.86784256,,0.986,0.0,5962704.0,,,"[5408845000.0, 4914217000.0, 4289066000.0, 4478222000.0, 5395581000.0]","[-339197000.0, -1880156000.0, -3750176000.0, -3484647000.0, -2394805000.0]","[-0.19, -1.06, -2.46, -2.682941, -2.17]","[-0.09144798935817167, -0.12721273806183164, 0.04410190936674785, 0.20484893334899423]","[4.542961759685374, 0.9946089579800825, -0.07080441024634576, -0.3127553522638018]","[4.578947368421053, 1.3207547169811318, 0.09062642276422772, -0.1911860901898328]","[0.9113119212088736, 0.8178777566183821, 0.7916498487378165]",[],[],-0.1344805425817417,-0.0724043985490862,0.08293460646066442,,-0.018221914102242276,-0.37448178275517796,0.32876708110439967,0.30351430868795326,0.4126984126984127,1.059513559698931,13.224224457855192,-0.5292491617681219,2.0,0.0,2.0,0.0,5.0,14.0,-3.0,0.0,0.0
CENTRUM.NS,EQ,19.58,929.0856448,19.0,avoid,False,True,,True,True,27.61904761904762,9290856448.0,19.58,-4.8,-0.0455629737520493,,0.1020455339428689,-0.41333,-0.20095,0.82601,1218.677,0.8060941824010786,,,,13.124650711958074,31425641000.0,0.3730969366742238,-1382455000.0,-0.0263726235380935,-0.0706857144772573,,,3.0584192,,-0.019,0.0,397292.0,39.44,0.0,"[8886636000.0, 9950090000.0, 8665687000.0, 8328859000.0, 8093669000.0]","[-924272000.0, 135791000.0, -972448000.0, -406508000.0, -139290000.0]","[-1.9, 0.29, -2.23, -0.96, -0.33]","[0.11966890508399364, -0.12908456104417143, -0.03886916294114939, -0.028237961526302757]","[-1.1469167085013936, -8.161358263802462, -0.5819745631643028, -0.6573499168528049]","[-1.1526315789473685, -8.689655172413794, -0.5695067264573992, -0.65625]","[51.5235892116116, 11.043820950745522, 59.43260324810699]","[0.63824981721936, 74.57962891215722, 1.0974275886019558]","[0.6040481289218173, 1.055237220453576, 0.6270997507216461, 0.9307745584846483, 0.8205763963860572]",-0.1348464117440391,-0.2019704414212221,-0.27381396333074226,,-0.08183071212772852,-0.44153979410717514,0.0,0.35498517425630544,0.4126984126984127,0.500720882994979,0.6254579729864026,-0.44153979410717514,4.0,5.0,7.0,0.0,1.0,5.0,-3.0,0.0,0.0
ORIENTPPR.NS,EQ,15.8,335.2530944,19.0,avoid,False,True,,True,True,26.666666666666668,3352530944.0,15.8,-3.35,,,-0.0437086734172835,-0.0293,-0.07936,0.32484,19.89,-3.214755855514393,,,,0.9284271113950066,8882543000.0,-0.0158953317051231,-288056000.0,,,,,0.2283435,-26.397,0.311,0.0,139927.0,,,"[2276136000.0, 2314702000.0, 2363852000.0, 1997525000.0, 2383435000.0]","[-82503000.0, -109425000.0, -212598000.0, -305962000.0, 339929000.0]","[-0.39, -0.52, -1.0, -1.44, 1.6]","[0.016943627270075146, 0.02123383485217545, -0.15497036193467273, 0.19319407767111807]","[0.32631540671248316, 0.9428649760109664, 0.4391574709075343, -2.111017054405449]","[0.33333333333333326, 0.9230769230769229, 0.43999999999999995, -2.111111111111111]","[0.19889504079487863, 0.163771886424913, 0.26028341480364586]","[0.567802427503705, 0.6064256860895929, 0.7979701696250322]","[-0.6483124762988244, -1.8784430012320672, -3.9151218043099987, -6.494044884255168, -1.199982742042849]",-0.16374269065146652,-0.054119041728730055,-0.08546518345920728,,-0.027646006801615886,-0.4099775081670437,0.1251788309944435,0.3720393045942036,0.4126984126984127,0.7280659626175614,0.3178539119285679,-0.4756189188953289,7.0,0.0,0.0,3.0,5.0,8.0,-4.0,0.0,0.0
RCOM.NS,BE,0.85,234.976768,19.0,avoid,False,True,,True,True,26.666666666666668,2349767680.0,0.85,-0.02,-0.0844802633008272,,,-0.08108,0.0,0.48525003,,-10.136363636363637,,,,0.0012584269662921,3140000000.0,-0.1313102211665386,-111250000000.0,-0.0845091881792298,0.643584234558924,,,-0.0022733535,-135.545,0.8,0.0,2922649.0,,,"[740000000.0, 810000000.0, 630000000.0, 870000000.0, 830000000.0]","[-8090000000.0, -30970000000.0, -27670000000.0, -27010000000.0, -25600000000.0]","[-2.95, -11.29, -10.08, -9.84, -9.33]","[0.09459459459459452, -0.2222222222222222, 0.38095238095238093, -0.04597701149425293]","[2.828182941903585, -0.10655473038424279, -0.023852547885796938, -0.05220288781932614]","[2.827118644067796, -0.10717449069973417, -0.023809523809523836, -0.05182926829268286]","[-0.4603129722614927, -0.4880497033101081, -0.5160782599191168]","[0.23437533927317733, 0.24467144681269032, 0.25478753942101245]","[42.72727272727273, -27.09090909090909, -4.7272727272727275, -6.7272727272727275, -2.090909090909091]",0.0,-0.03409087676400968,-0.055555504045367354,,0.04247324150370657,-0.4014084158235057,0.11842109803677991,0.35738409045329383,0.2698412698412698,1.2032887482828432,0.31945786286018163,-0.464788722935188,7.0,0.0,0.0,0.0,0.0,14.0,-2.0,0.0,0.0
RTNPOWER.NS,EQ,6.54,3512.0492544,19.0,avoid,False,True,,True,True,21.904761904761905,35120492544.0,6.54,0.21,,,0.0608409073354102,0.080019996,0.03753,0.23446,80.012,1.118163996484824,,,,7.0972540045766594,29913600000.0,-0.0253771648167774,524400000.0,,,31.142859,,0.7551091,15.961,0.425,0.0,11820153.0,,,"[7985500000.0, 7876900000.0, 7279900000.0, 8219600000.0, 9362500000.0]","[458500000.0, 428400000.0, 542600000.0, -131100000.0, 1259400000.0]","[0.09, 0.08, 0.1, -0.02, 0.23]","[-0.01359964936447311, -0.07579123766964158, 0.1290814434264207, 0.1390456956542898]","[-0.06564885496183204, 0.26657329598506063, -1.2416144489495025, -10.606407322654462]","[-0.11111111111111105, 0.25, -1.2, -12.5]","[0.9113678949309034, 0.9136472389493635]","[2.243976275793896, 2.9488685972060535]","[1.5335738391714187, 1.4723263506063946, 1.4911740744093418, 0.9115265217978135, 2.0638621388748097]",-0.10164838277865973,-0.2725250135307188,-0.25171623190828485,,-0.17257330507111523,-0.4303135694569007,0.01710733070778736,0.23783808810807947,0.3333333333333333,0.8642321274109309,10.320243075181759,-0.43989546300225324,2.0,0.0,0.0,5.0,5.0,7.0,0.0,0.0,0.0
SHYAMTEL.NS,EQ,10.64,12.179108,19.0,avoid,False,True,,True,True,21.904761904761905,121791080.0,10.64,-2.71,0.0101073836038698,,,-1.12937,0.0,1.0,,,,,,0.0079477322072386,0.0,,-50203000.0,0.0101073741057893,,,,-0.3815261,-2.363,1.142,0.0,5651.0,,,"[0.0, 0.0, 0.0, 0.0, 0.0]","[-19935000.0, -3552000.0, -2738000.0, -4455000.0, -39458000.0]","[-1.77, -0.3, -0.24, -0.4, -3.5]",[],"[-0.8218209179834461, -0.22916666666666663, 0.627100073046019, 7.857014590347923]","[-0.8305084745762712, -0.19999999999999996, 0.6666666666666667, 7.75]","[-0.0, -0.0]","[0.016320653879667003, 0.01706489126387946, 0.022001540963958566]",[],0.012727303938432133,-0.36342855181012834,0.16649215924942729,,-0.2764599312415519,-0.5552893939077836,0.40656568636493784,0.5477884365199148,0.36507936507936506,0.2727345734415351,0.004975941441679001,-0.5880239517310579,15.0,0.0,3.0,0.0,0.0,1.0,0.0,0.0,0.0
SUMEETINDS.NS,EQ,11.74,815.6359168,19.0,avoid,False,True,,True,True,27.61904761904762,8156359168.0,11.74,0.31,,,0.1260051800518748,0.0152900005,0.01907,0.21205,76.104,4.6917345267480215,,,,-1.294330549598542,10504152000.0,0.0055480334280049,273254000.0,,,37.870968,,2.7714825,10.831,-0.116,0.0,1112468.0,,,"[2723589000.0, 2657169000.0, 2669248000.0, 2692988000.0, 2484746000.0]","[11423000.0, 75039000.0, 90377000.0, 98577000.0, 79798000.0]","[0.03, 0.129195, 0.155033, 0.158479, 0.15]","[-0.02438693943910042, 0.004545815490094807, 0.008893890713788988, -0.07732748901963171]","[5.569114943534974, 0.20440037846986225, 0.0907310488287949, -0.19050082676486402]","[3.3065000000000007, 0.19999225976237467, 0.02222752575258169, -0.05350235677913173]","[0.7846409423846561, 0.4826446264705042, 0.38427207017403664]","[1.5643779271167126, 1.7976344121637848, 1.6174523046597884]","[1.5048784521250207, 2.478931288909384, 4.587385384829119, 5.573277661795407, 5.184039429530201]",0.030728658230514627,-0.629886506139504,-0.6029759928210932,,-0.4784791353826455,-0.6988971719485235,0.25561489755498323,0.6027183759841679,0.36507936507936506,0.341059293535484,1.1999621591169547,-0.7601949223143147,4.0,0.0,2.0,8.0,2.0,3.0,0.0,0.0,0.0
TCIFINANCE.NS,EQ,14.13,18.188832,19.0,avoid,False,True,,True,True,21.904761904761905,181888320.0,14.13,-1.34,-0.1067080993982599,,-0.3550321802721621,1.84472,0.0,0.0,,,,,,0.9714606111578356,0.0,,-17835000.0,-0.1076898580215889,,,,-0.23668738,,0.453,0.0,14364.0,,,"[0.0, 0.0, 0.0, 0.0, 0.0]","[-3462000.0, 1050000.0, -10931000.0, -3800000.0, -4154000.0]","[-0.27, 0.08, -0.85, -0.3, -0.32]",[],"[-1.3032928942807627, -11.41047619047619, -0.6523648339584667, 0.0931578947368421]","[-1.2962962962962963, -11.625, -0.6470588235294117, 0.06666666666666665]","[-0.03326722829920075, -0.021195725379790642]","[0.12690980778708724, 0.41986644407345575]",[],-0.07171053725431509,-0.1208722537446425,-0.02890571810134923,,-0.07892364601648194,-0.6147966354017018,0.2992633612103057,0.2480900457160774,0.36507936507936506,0.3478001905442102,0.022650269868659974,-0.6579306751951479,15.0,0.0,0.0,2.0,0.0,4.0,-2.0,0.0,0.0
TECILCHEM.NS,EQ,9.32,17.674168,19.0,avoid,False,True,,True,True,12.38095238095238,176741680.0,9.32,-0.3,-0.3325834264393953,,,0.0,0.0,0.0,,-6.666064981949458,,,,0.8441252648928655,0.0,,-4247000.0,-0.3277749763517397,,,,,,,0.0,25518.0,,,"[0.0, 0.0, 0.0, 0.0, 0.0]","[-2124000.0, -1646000.0, -725000.0, -1093000.0, -782000.0]","[-0.11, -0.09, -0.04, -0.06, -0.04]",[],"[-0.2250470809792844, -0.5595382746051033, 0.5075862068965518, -0.28453796889295513]","[-0.18181818181818188, -0.5555555555555556, 0.5, -0.33333333333333326]","[-0.6922331292943249, -0.6958888659950332, -0.6888038885814021]","[0.09311487773896475, 0.10045083684095035, 0.09395706070796107]",[],-0.0031578666285464463,-0.05299997329711914,-0.21605957559282152,,-0.07195277761185925,-0.557476615147753,0.1287246578679322,0.6716263654311211,0.47619047619047616,0.801118441500043,0.016646079933915137,-0.6079439022018558,15.0,0.0,0.0,0.0,0.0,6.0,-2.0,0.0,0.0
VIRINCHI.NS,EQ,12.81,144.3781504,19.0,avoid,False,True,,True,True,24.761904761904763,1443781504.0,12.81,-2.52,,,0.0138987327920799,0.01985,-0.09487,0.59524,56.699,0.3032827224176585,,,,-0.8036321448263187,2336280000.0,-0.0279902368943929,-261168000.0,,,,,0.27533585,6.403,0.779,0.0,52491.0,,,"[701342000.0, 659665000.0, 768882000.0, 617726000.0, 797366000.0]","[4832000.0, -146119000.0, 16601000.0, -135978000.0, 4327000.0]","[0.04, -1.38, 0.14, -1.32, 0.04]","[-0.0594246458931591, 0.16556433947533966, -0.19659193478323067, 0.2908085461839067]","[-31.23985927152318, -1.113612877175453, -9.190952352267935, -1.031821324037712]","[-35.5, -1.1014492753623188, -10.428571428571429, -1.0303030303030303]","[0.575511833218988, 0.6391345626534934, 0.6168914915932934]","[1.692500353960458, 1.6983044477555582, 1.4866513417677116]","[0.18395030425963488, -1.3065514378443657, 1.5229862375393077, -0.4413265941289246, 1.3161546085232905]",-0.10831587318544478,-0.176774178781817,-0.21621623521497324,,-0.10770324761125116,-0.5527514924016594,0.0,0.2741624746256834,0.36507936507936506,0.726635198425649,0.06739708640228272,-0.5527514924016594,7.0,0.0,0.0,3.0,7.0,4.0,-2.0,0.0,0.0
A2ZINFRA.NS,EQ,14.0,248.5313024,18.0,avoid,False,True,,True,True,21.904761904761905,2485313024.0,14.0,0.2,,,0.1871895162289516,-0.0074400003,0.01005,0.12979001,301.806,2.1434096950509245,,,,-3.7994237233872257,3864379000.0,0.0341138849289337,43729000.0,,,70.0,,4.996431,48.018,0.034,0.0,233780.0,27.92,-0.2299999999999968,"[684507000.0, 922429000.0, 1089682000.0, 947155000.0, 905113000.0]","[386000.0, 60023000.0, -6449000.0, -17333000.0, 7488000.0]","[0.0, 0.34, -0.04, -0.1, 0.04]","[0.3475815440893957, 0.18131802014030352, -0.13079687468454104, -0.04438766622147383]","[154.5, -1.1074421471769156, 1.6877035199255697, -1.432008307852074]","[inf, -1.1176470588235294, 1.5, -1.4]","[1.9535469422075613, 2.0663286669759966, 2.0285723774520656]","[0.8347986347696239, 0.7932623080575456, 0.7742299357176576]","[1.1444137121783589, 4.022995677169214, 1.0866915172274834, 0.4855211200191456, 2.0761806273698724]",-0.12944162006511373,0.011799398411569628,-0.16545013252243945,,0.002045624428920423,-0.27060070937958236,0.13764509035273065,0.5469031533482588,0.4444444444444444,0.6844757715354508,0.29106353086097714,-0.35885163412935317,7.0,2.0,2.0,3.0,0.0,11.0,-7.0,0.0,0.0
BALKRISHNA.NS,EQ,15.9,51.229056,18.0,avoid,False,True,,True,True,26.666666666666668,512290560.0,15.9,-2.16,-0.6528892375235356,,,-0.09233,-1.21859,0.07006,,-0.2489208111147386,,,,0.6582876785906112,47322000.0,-0.6428881316585391,-65163000.0,-0.4991865731983494,0.7764750173728286,,,-0.2905808,-219.829,0.305,0.0,6736.0,59.95,0.0,"[17590000.0, 8896000.0, 17108000.0, 10158000.0, 11159000.0]","[-17966000.0, -27574000.0, -2130000.0, -17828000.0, -17633000.0]","[-0.56, -0.86, -0.07, -0.56, -0.54]","[-0.49425810119386016, 0.923111510791367, -0.406242693476736, 0.0985430202795825]","[0.5347879327618836, -0.9227533183433669, 7.369953051643192, -0.0109378505721337]","[0.5357142857142856, -0.9186046511627907, 7.0, -0.0357142857142857]","[-0.13443276851100308, -0.9699421536335021, -0.29624639566017064]","[0.5247854713014289, 0.657423030676334, 0.30414346530791764]","[-0.10426467185933523, -0.11146281978101812, -0.157465855618042, -0.14544517901605564, -0.11887550200803212]",-0.0692307753078929,-0.1483486666475966,-0.050120769956125244,,-0.07829388108528568,-0.34239132558257657,0.2212732455335944,0.2839003188849339,0.36507936507936506,0.5034736261318147,0.012584779037947654,-0.46153845847159014,10.0,8.0,0.0,0.0,0.0,5.0,-5.0,0.0,0.0
BURNPUR.NS,BE,13.5,23.2535776,18.0,avoid,False,True,,True,True,21.904761904761905,232535776.0,13.5,-47.5,0.0381828791215264,,,0.0,0.0,0.0,,-0.0286893067129524,,,,0.0279604391277019,0.0,-1.0,-792298000.0,0.0380421401207888,-0.0380421401207888,,,-0.040572338,-325.195,0.138,0.0,32672.0,1.98,0.0,"[0.0, 0.0, 0.0, 0.0, 0.0]","[-215661000.0, -207391000.0, -201314000.0, -193988000.0, -189604000.0]","[-12.52, -12.03, -11.69, -11.26, -11.01]",[],"[-0.03834722086979103, -0.029302139437101915, -0.03639091171006492, -0.022599336041404627]","[-0.03913738019169333, -0.02826267664172899, -0.03678357570573132, -0.022202486678507993]","[-0.9814336763102559, -0.9800335117913492, -0.9785838994644913]","[0.002346632889427743, 0.00255921588962355, 0.002572381096153199]","[-0.019721972670102606, -0.018462868029776286, -0.026480814919803, -0.027823838863312477, -0.04363858511698047]",-0.33333333333333337,-0.5860606106844815,-0.5860606106844815,,-0.4100980051777966,-0.5860606106844815,0.12427985813093323,0.9863269278013047,0.2222222222222222,1.171422130298522,0.05501134467877864,-0.6318181933778705,15.0,0.0,3.0,0.0,0.0,6.0,-6.0,0.0,0.0
FLEXITUFF.NS,BE,3.25,10.667412,18.0,avoid,False,True,,True,True,24.761904761904763,106674120.0,3.25,-40.3,-0.0505439567858859,,,-29.31397,0.0,-2.1403701,,-1.612405312034484,,,,-0.0335541133238501,168010000.0,-0.736043302933525,-1349760000.0,0.0409498402109933,-0.0556350965327534,,,-0.087653056,-12.38,0.187,0.0,8720.0,32.24,0.0,"[0.0, 2698000.0, -2666000.0, 56854000.0, 111120000.0]","[-156838000.0, -692133000.0, -293217000.0, -180274000.0, -183308000.0]","[-4.78, -21.1, -8.93, -5.49, -5.63]","[inf, -1.9881393624907338, -22.325581395348838, 0.9544798958736413]","[3.413044032696158, -0.5763574341925612, -0.38518571569861226, 0.01682993665198529]","[3.414225941422594, -0.5767772511848341, -0.38521836506159013, 0.025500910746812266]","[-2.205365805528605, -11.580311103841883, 16.173215499660095]","[0.23994175585687522, 0.4679016156838925, 0.46361939515373013]","[-1.0651524129304102, -0.7287600104397038, -2.682490604929427, -0.8416770198985722, -2.45763338209254]",0.4908256424204822,-0.38095238095238093,-0.47495961713134927,,-0.4024433407708472,-0.8528746049094411,0.5625000573121606,0.4431852927853809,0.4126984126984127,0.5717751363475262,0.006555704483280182,-0.9058397505958198,15.0,2.0,2.0,0.0,0.0,1.0,-2.0,0.0,0.0
HCC.NS,EQ,19.01,4979.6087808,18.0,avoid,False,True,,True,True,27.61904761904762,49796087808.0,19.01,0.72,,,0.1601705801779422,0.09932999,0.04284,0.35546002,47.912,1.535136562184995,,,,5.389076848719188,36635600000.0,-0.2198329126092723,1655200000.0,,,26.402777,,2.3408446,11.215,0.696,0.0,13277339.0,16.18,-0.5399999999999991,"[9934200000.0, 9922000000.0, 9253200000.0, 10913300000.0, 13737000000.0]","[510800000.0, 589400000.0, 80700000.0, 507300000.0, 900800000.0]","[0.19, 0.27, 0.04, 0.218785, 0.25]","[-0.001228080771476292, -0.06740576496674056, 0.17940820472917474, 0.25873933640603664]","[0.15387627251370395, -0.8630810994231422, 5.286245353159852, 0.7756751429134634]","[0.42105263157894735, -0.8518518518518519, 4.469625, 0.1426743149667482]","[0.47911975290649844, 1.853936181958706]","[1.1508819900630232, 1.2019236651183276]","[1.8567480423767848, 1.878738652651696, 1.1251728344855632, 1.6013779527559056, 2.5557650862068964]",-0.20326908036060876,-0.20426953894695832,0.13492538679891553,,-0.07106415338336147,-0.3449345303577994,0.38455942189969705,0.405409092753215,0.3968253968253968,0.4474198723829575,33.000100021522485,-0.5268780383990943,2.0,0.0,0.0,6.0,4.0,6.0,0.0,0.0,0.0
HCL-INSYS.NS,EQ,10.0,329.2099072,18.0,avoid,False,True,,True,True,31.428571428571427,3292099072.0,10.0,-1.38,-0.0536771409243642,,,-3.30383,-2.40352,0.03945,,-6.106047194455839,,,,0.011684819760288,216086000.0,-0.1172172876249632,-329145000.0,-0.0533112989571309,0.454807477952403,,,-1.1102476,-7.098,0.82,0.0,243532.0,62.89,0.0,"[41800000.0, 52800000.0, 42200000.0, 50700000.0, 70300000.0]","[-166800000.0, -131700000.0, -97500000.0, -55000000.0, -45000000.0]","[-0.51, -0.4, -0.3, -0.167067, -0.14]","[0.26315789473684204, -0.2007575757575758, 0.2014218009478672, 0.3865877712031558]","[-0.21043165467625902, -0.2596810933940774, -0.4358974358974359, -0.18181818181818177]","[-0.21568627450980393, -0.2500000000000001, -0.44311, -0.16201284514595926]","[-1.1228230430611683, -1.1807357147608595, -1.2200251840691516]","[0.3406861756187352, 0.3238238791935172, 0.33328157341300485]","[-1.5465648854961833, -1.8383620689655173, -974.0, -449.0]",-0.0070069766194182925,-0.1663865214880461,-0.17056855813932714,,-0.10370830682857501,-0.37531486115841284,0.053078555833378616,0.2344478607243958,0.3492063492063492,0.9224196396729014,0.28798843785700323,-0.40680100702722244,7.0,8.0,0.0,0.0,0.0,8.0,-5.0,0.0,0.0
SHYAMCENT.NS,EQ,4.86,103.1160768,18.0,avoid,False,True,,True,True,27.61904761904762,1031160768.0,4.86,-0.28,,,-0.0755814024090357,-8.49574,-0.69671994,-1.24918,0.555,-114.72811059907832,,,,8.49807438440306,224021000.0,-0.5016366724676399,-91659000.0,,,,,0.60727227,-6.497,0.465,0.0,53860.0,,,"[3288000.0, 1443000.0, 8369000.0, 72263000.0, 141946000.0]","[-8095000.0, 2046000.0, -61383000.0, 7957000.0, -40280000.0]","[-0.04, 0.01, -0.29, 0.04, -0.19]","[-0.5611313868613139, 4.7997227997228, 7.634603895327997, 0.9642970814939873]","[-1.2527486102532428, -31.001466275659823, -1.1296287245654335, -6.062209375392736]","[-1.25, -29.999999999999996, -1.1379310344827587, -5.75]","[0.005546948140340292, 0.006689886427646655, 0.027221775026108605]","[11.647164476966573, 26.913257188991523, 9.280090233227412]","[-15.674641148325358, 0.3317757009345794, -333.65090909090907, 23.867132867132867, -127.81612903225806]",-0.01006030503187949,-0.14434781281844433,0.10313902112388584,,-0.028485818913110972,-0.29814551845189685,0.3369565182180623,0.2709950418897339,0.38095238095238093,0.9616568765006848,0.04606700748178959,-0.47503567095543475,7.0,0.0,0.0,3.0,5.0,10.0,-7.0,0.0,0.0
TOYAMSL.NS,EQ,0.76,43.9139392,18.0,avoid,False,True,,True,True,20.0,439139392.0,0.76,-0.91,-0.1775007001934326,,-0.0671404423664808,-22.88364,0.0,1.1013,,,,,,0.0133039713667245,9174000.0,-0.3532774021132414,-186636000.0,0.1516075853180105,-0.4291460037101763,,,,,0.017,0.0,1596124.0,,,"[550000.0, 30000.0, 0.0, 8874000.0, 0.0]","[-6415000.0, -34316000.0, -31626000.0, -81487000.0, -4244000.0]","[-0.02, -0.3, -0.55, 0.0, -0.01]","[-0.9454545454545454, -1.0, inf, -1.0]","[4.349337490257209, -0.07838908963748692, 1.5765825586542719, -0.9479180728214316]","[14.0, 0.8333333333333335, -1.0, -inf]","[0.0, 0.0]","[6.414926391779334, 8.674069231912048, 9.422001924927816]",[],0.22580642680347784,,,,,,,0.5248842104414249,0.4444444444444444,,0.11348916368030249,,13.0,0.0,5.0,0.0,0.0,2.0,-2.0,0.0,0.0
OSWALGREEN.NS,EQ,19.01,488.1942016,17.0,avoid,False,True,,True,True,34.285714285714285,4881942016.0,19.01,-2.37,,,-0.0244738505125775,0.50968,-0.62837005,0.69786,0.184,-78.62175608444265,,,,0.1539653244385487,618386000.0,-0.0793432255718386,-624186000.0,,,,,0.20460661,6.126,0.584,0.0,95143.0,,,"[47063000.0, 107619000.0, 130406000.0, 172349000.0, 122591000.0]","[84191000.0, -831570000.0, 85804000.0, 54955000.0, 66625000.0]","[0.33, -3.24, 0.33, 0.21, 0.26]","[1.2867008053035294, 0.21173770430871874, 0.3216339738969065, -0.2887048952996536]","[-10.877184022045112, -1.1031831355147492, -0.35952869330101156, 0.21235556364298058]","[-10.818181818181818, -1.1018518518518519, -0.36363636363636365, 0.23809523809523814]","[0.0018412644442303866, 0.0020344187984643056, 0.002319084916460023]","[29.41935171600139, 37.58899245564796, 31.79190182452869]","[59.02422360248447, -466.12513966480446, 66.6510161177295, 35.22961275626424, 38.13037037037037]",-0.06265418989061966,-0.1284403364703095,-0.22826972573768567,,-0.0988902338042098,-0.525,0.0005266050027574742,0.30647324475671667,0.42857142857142855,0.5337056856201777,0.2011849599978447,-0.5252500057220459,7.0,0.0,0.0,5.0,7.0,5.0,-7.0,0.0,0.0
PRAXIS.NS,EQ,3.98,73.9532608,17.0,avoid,False,True,,True,True,34.285714285714285,739532608.0,3.98,-2.43,0.2487116833312159,,-0.6502772907796344,-0.25455,-0.61981,0.44632998,,-2.14540689850556,,,,0.5670975005629363,954803000.0,-0.3684666542413287,-666150000.0,0.4689999815464061,-1.2728424028276726,,,-0.95788205,-12.734,0.613,0.0,74953.0,,,"[266007000.0, 247406000.0, 262005000.0, 212171000.0, 235039000.0]","[-110649000.0, -1152985000.0, -158910000.0, 810426000.0, -164682000.0]","[-0.6, -6.21, -0.86, 5.24, -1.22]","[-0.06992673125143323, 0.05900826980752294, -0.1902024770519647, 0.10778098797667912]","[9.420202622707842, -0.8621751367103648, -6.0999056069473285, -1.2032042407326518]","[9.35, -0.8615136876006442, -7.093023255813954, -1.232824427480916]","[-2.4536639676900482, 3.098798206694517, -4.124415321662536]","[0.4824094525447233, 1.3862757782121822, 0.6481466155909438]","[-0.9692989481552672, -18.76895907275003, -1.8507615305957699, 17.64426690764207, -2.3589377498572244]",-0.06437762311608386,-0.44387754481417707,-0.31768384591338983,,-0.30111074320603826,-0.6831395304512502,0.06601466280036083,0.5238073557287433,0.3333333333333333,0.858966708019994,0.04575780864429713,-0.7027616217619603,10.0,0.0,11.0,0.0,0.0,3.0,-7.0,0.0,0.0
SHANTI.NS,EQ,5.68,6.308208,17.0,avoid,False,True,,True,True,15.23809523809524,63082080.0,5.68,-2.54,,,-0.2704658245852723,-0.23251,-0.73299,0.38695,403.985,-66.64380952380952,,,,0.7921933751119069,238410000.0,-0.5043407254975258,-27925000.0,,,,,1.5769017,,0.415,0.0,22923.0,,,[14711000.0],[4847000.0],[],[],[],[],[0.12961996695364814],[1.7749456875198915],[38.00813008130081],-0.14461539341853213,-0.14329735918902708,-0.2068473949727081,,-0.1003780558947307,-0.5284139134207699,0.07961161938247652,0.41586678762473883,0.4444444444444444,1.2039156381429619,0.02425718027966738,-0.5631891338396571,15.0,0.0,0.0,0.0,3.0,9.0,-10.0,0.0,0.0
SVPGLOB.NS,EQ,3.44,43.516,17.0,avoid,False,True,,True,True,31.428571428571427,435160000.0,3.44,5.32,,,-0.3440311678436337,-5678.052,1192.8096,-2.51068,,-147.54168982768203,,,,-0.1210611235580654,50313000.0,-0.823669198370422,456158000.0,,,0.6466165,,-0.042641282,-16.87,1.293,0.0,47253.0,,,"[0.0, 0.0, 0.0, 0.0, 50313000.0]","[-511592000.0, 2220556000.0, -531435000.0, -507070000.0, -505100000.0]","[-4.04, 17.553802, -4.2, -4.01, -3.99]",[inf],"[-5.34048225930038, -1.2393251960319849, -0.04584756367194487, -0.0038850651783777224]","[-5.345000495049505, -1.2392644055116948, -0.0452380952380953, -0.004987531172069737]","[-2.6581247416870184, -2.040332247300223, -2.4316744226555285]","[0.6794012835403739, 0.549554442185981, 0.6026530624893374]",[-177144.0],-0.13055550073399813,-0.19743588771732312,0.3041666625274553,,-0.12485617307225605,-0.5457184070981054,0.3973214737120634,0.3257650965048566,0.3968253968253968,0.7427808899908864,0.012756579258219004,-0.6748911389051584,13.0,0.0,0.0,1.0,3.0,4.0,-4.0,0.0,0.0
VLEGOV.NS,EQ,9.08,98.4738048,17.0,avoid,False,True,,True,True,22.857142857142858,984738048.0,9.08,-0.22,,,-0.0247102308514763,-0.91787004,-0.25072,-0.13262999,,,,,,-0.2829220836649863,171543000.0,-0.7135093554832963,-11307000.0,,,,,2.3932526,-42.665,2.076,0.0,89566.0,,,"[6490000.0, 11854000.0, 44800000.0, 32519000.0, 82370000.0]","[-5736000.0, -5873000.0, -7138000.0, -5238000.0, 6942000.0]","[-0.05, -0.05, -0.07, -0.05, 0.06]","[0.826502311248074, 2.779314999156403, -0.2741294642857143, 1.5329807189642977]","[0.02388423988842403, 0.21539247403371364, -0.2661810030820958, -2.3253150057273766]","[0.0, 0.40000000000000013, -0.2857142857142857, -2.2]","[0.0, 0.0]","[1.8630613902750377, 16.65623758083746]",[],-0.09837637634920549,-0.1102733378089813,-0.2120200383061852,,-0.12160509118146856,-0.6751548605000233,0.09639953040676041,0.4040212073296226,0.3968253968253968,0.9475313780463556,0.09985303653692246,-0.7037164550960175,10.0,0.0,0.0,0.0,3.0,6.0,-2.0,0.0,0.0
ANDREWYU.NS,EQ,24.01,1173.9713536,16.0,avoid,False,True,,True,True,24.761904761904763,11739713536.0,24.01,-0.85,-0.3659165231059059,,-0.0471578053139143,-0.26244,-0.14009,0.61713004,37.295,-0.984608448517914,,,,4.190110205038689,2928752000.0,-0.0766561417085035,-191915000.0,,,,,3.629081,-14.999,0.918,0.0,93611.0,89.25,0.0,"[578413000.0, 916596000.0, 742312000.0, 715080000.0, 554763000.0]","[-23374000.0, -305116000.0, -88031000.0, -167000.0, 201398000.0]","[-0.05, -0.62, -0.18, 0.0, 0.41]","[0.5846739267616738, -0.190142658270383, -0.03668538296565327, -0.22419449572075856]","[12.053649353983058, -0.711483501356861, -0.9981029410094171, -1206.9760479041915]","[11.399999999999999, -0.7096774193548387, -1.0, inf]","[0.37322261662428785, 0.33304907992095506, 0.31144060234655574]","[0.5873120247534609, 0.7274346206427247, 0.6688655251187463]","[-2.0932650869993674, -6.768477460397048, -1.0857968729470504, 1.0853816300129366, 6.113789720281121]",-0.11151740774656904,,,,,,,0.5736849779351716,0.475,,0.27288711097734447,,4.0,10.0,0.0,3.0,1.0,2.0,-4.0,0.0,0.0
CELEBRITY.NS,EQ,6.08,39.245392,16.0,avoid,False,True,,True,True,20.0,392453920.0,6.08,-1.91,,,-0.4313099041533546,-0.06889,-0.07199,0.50181,605.198,-2.1951219512195124,,,,-1.955470737913486,1680000000.0,-0.2212240305740532,-157200000.0,,,,,3.302553,-40.718,0.096,0.0,30742.0,33.15,0.0,"[264200000.0, 434900000.0, 453800000.0, 425200000.0, 406700000.0]","[-23700000.0, -16200000.0, -34200000.0, -39500000.0, -67300000.0]","[-0.37, -0.31, -0.57, -0.66, -1.13]","[0.6461014383043149, 0.04345826626810756, -0.06302335830762451, -0.04350893697083724]","[-0.31645569620253167, 1.1111111111111112, 0.1549707602339181, 0.7037974683544304]","[-0.16216216216216217, 0.8387096774193548, 0.1578947368421053, 0.7121212121212119]","[6.051975051975052, 5.651469098277609, 3.3046228710462286]","[0.9729667282809612, 0.856223866194918, 0.9795411744564287]","[-0.8809523809523809, 0.7534246575342466, -0.976878612716763, -1.7816901408450705, -3.773049645390071]",-0.10714282926653429,-0.19137467138722597,-0.1391678363544081,,-0.07971938033270565,-0.45994597791063596,0.032702247692202535,0.28719116992388677,0.49206349206349204,0.8267581516561777,0.014770856026082038,-0.47704769376048906,13.0,2.0,0.0,0.0,1.0,7.0,-7.0,0.0,0.0
EASEMYTRIP.NS,EQ,5.76,2295.1585792,16.0,avoid,False,True,,True,True,20.0,22951585792.0,5.76,-0.14,,,-0.0499912698183158,-0.00364,-0.09373,0.52338004,4.35,-8.850559453821354,,,,0.103078405517801,5356950000.0,0.0607503780393257,-394360000.0,,,,,2.4406781,66.906,0.539,0.0,11538489.0,43.56,-4.159999999999997,"[1347060000.0, 1519080000.0, 1516580000.0, 1183390000.0, 1137910000.0]","[-114100000.0, -135840000.0, 58520000.0, -327000000.0, 13240000.0]","[-0.03, -0.04, 0.02, -0.09, 0.0]","[0.12770032515255436, -0.001645732943623801, -0.2196982684724842, -0.038431962413067566]","[0.19053461875547772, -1.4308009422850412, -6.5878332194121665, -1.0404892966360857]","[0.3333333333333335, -1.5, -5.5, -1.0]","[0.04423726317733591, 0.04184981547384444, 0.052245633471190836]","[2.484151040889623, 2.4634778855448975, 2.6832747742904415]","[-10.350710900473933, -7.387012987012987, 6.362820512820512, -33.51287878787879, 2.064984709480122]",-0.030303001111897543,-0.16521736967090428,-0.26996193582351924,,-0.13167226922852115,-0.4018691422189832,0.0,0.24154542460559658,0.4126984126984127,0.49602042004003366,8.18682478927694,-0.4018691422189832,2.0,5.0,2.0,3.0,3.0,7.0,-6.0,0.0,0.0
NEUEON.NS,BE,12.87,727.7283328,16.0,avoid,False,True,,True,True,21.904761904761905,7277283328.0,12.87,-52.4,-0.2953311846584158,,-1.4811428452066762,-3.9894,0.0,0.4028,19.061,-57223.771929824565,,,,0.1175763655293438,159731000.0,,-3261812000.0,0.5179863109582945,,,,3.3084831,-6.698,-0.013,0.0,31726.0,,,"[609000.0, 61711000.0, 12234000.0, 41233000.0, 44554000.0]","[-9103000.0, -2063947000.0, -87976000.0, -889055000.0, -220835000.0]","[-0.02, -36.5, -0.16, -15.72, -3.91]","[100.33169129720854, -0.8017533340895464, 2.3703612882131764, 0.08054228409283826]","[225.73261562122377, -0.957374874451718, 9.10565381467673, -0.7516070434337583]","[1824.0, -0.9956164383561644, 97.25, -0.7512722646310432]","[0.1906113374516617, 0.06215451230856059, 0.05606557325114853]","[4.032504954626056, 4.614891390487494, 4.698151903014596]","[-132.86764705882354, -515985.75, -87975.0, -889054.0, -3344.9848484848485]",0.08913414384857798,-0.02507598233528463,-0.2390273155845084,,-0.2146220113271844,-0.5084291288817375,1.4578544903035344,0.6408933132835417,0.4126984126984127,0.8173658867419487,0.03634560722406864,-0.580842934080936,4.0,0.0,7.0,3.0,1.0,5.0,-4.0,0.0,0.0
NEXTMEDIA.NS,EQ,3.54,23.6800896,16.0,avoid,False,True,,True,True,17.142857142857142,236800896.0,3.54,-0.75,-0.2803901873446163,,-0.2134831460674157,0.0,0.0,0.0,,-0.168141592920354,,,,0.0170454545454545,0.0,-1.0,-52800000.0,-0.2800663150550558,0.2800663150550558,,,-0.6641651,,0.143,0.0,14417.0,,,"[0.0, 0.0, 0.0, 0.0, 0.0]","[-8800000.0, -19300000.0, -10300000.0, -11500000.0, -11700000.0]","[-0.13, -0.29, -0.15, -0.18, -0.17]",[],"[1.1931818181818183, -0.46632124352331605, 0.11650485436893199, 0.017391304347825987]","[1.2307692307692304, -0.48275862068965514, 0.19999999999999996, -0.05555555555555547]","[-1.1006787330316743, -1.1736221726664542, -1.3777511004401761]","[5.2, 1.0, 0.4166666666666667]","[0.03418803418803419, -0.6495726495726496, 0.09649122807017543, -0.036036036036036036, -0.06363636363636363]",-0.07180850574769493,-0.10512822456535376,-0.10282778523916902,,-0.04786229149467491,-0.5077574140442193,0.0,0.6822215215543517,0.4603174603174603,0.4813717703451428,0.006931914931006432,-0.5077574140442193,15.0,0.0,0.0,0.0,0.0,5.0,-4.0,0.0,0.0
VIPULLTD.NS,BE,9.82,138.422208,16.0,avoid,False,True,,True,True,29.52380952380953,1384222080.0,9.82,-0.6,-0.1679995839057596,-0.02268,-0.0138320250938154,-0.44999,-0.14149,-0.00711,22.275,-0.2291426357736387,1.411,0.41,-690887488.0,-1.5189504270120469,870764000.0,-0.1427965958550586,-282896000.0,-0.1222056138963276,0.8558020109972982,,,0.33751503,-5.377,0.545,0.0,280346.0,,,"[91851000.0, 79451000.0, 16932000.0, 442599000.0]","[12052000.0, 72368000.0, -14218000.0, -349741000.0]","[0.09, 0.51, -0.1]","[-0.1350012520277406, -0.7868875155756379, 25.13979447200567]","[5.004646531695984, -1.1964680521777582, 23.598466732311156]","[4.666666666666667, -1.196078431372549]","[0.1949116230152934, 0.28130327040325237]","[1.3651979255658493, 1.3021010839160407]","[3.8357647058823527, 26.873435824097246, -1.7490332559938129, -1.7840606514772237]",-0.31728667902014585,-0.42364533321463294,-0.08682930178758574,,-0.08384831862446318,-0.4744525582622201,0.25469163657031624,0.5382279683017839,0.3492063492063492,0.38305667175058783,0.23806888467722895,-0.4744525582622201,7.0,0.0,1.0,5.0,5.0,4.0,-6.0,0.0,0.0
GTLINFRA.NS,EQ,1.06,1357.7975808,14.0,avoid,False,True,,True,True,37.142857142857146,13577975808.0,1.06,0.82,,,,0.13892001,0.79213995,0.35474,,2.4134184608129434,,,,0.6870235864794806,13719700000.0,-0.0200371811153943,7792600000.0,,,1.2926829,,-0.2648014,16.717,0.649,0.0,29733035.0,3.28,0.0,"[3273100000.0, 3303600000.0, 3505900000.0, 3564900000.0, 3345300000.0]","[693900000.0, 11855800000.0, 195800000.0, -1934700000.0, -2324200000.0]","[0.05, 0.91, 0.01, -0.15, -0.18]","[0.009318383184137469, 0.06123622714614352, 0.016828774351806963, -0.06160060590759908]","[16.085747225825045, -0.9834848766004824, -10.88100102145046, 0.20132320256370506]","[17.2, -0.989010989010989, -16.0, 0.19999999999999996]","[-1.131007875314236, -0.5368226581703747, -0.6232539492158603]","[0.0984440826853959, 0.10266424187779023, 0.12060327748320371]","[4.042086804033318, 54.28449438202247, 1.7574468085106383, 0.2708600286424964, 0.08239567294405623]",-0.10169492381566325,-0.20300758753658854,-0.15200004577636717,,-0.13063983732641526,-0.34161494822281535,0.09278341393273903,0.2723869966059275,0.23809523809523808,0.530662631354855,3.248971208096049,-0.35333331425984704,4.0,0.0,0.0,5.0,3.0,6.0,-4.0,0.0,0.0
PARASPETRO.NS,EQ,2.02,67.51264,14.0,avoid,False,True,,True,True,17.142857142857142,675126400.0,2.02,-0.02,,,-0.0176581553257176,0.0,0.0,0.0,,-441.125,,,,-1.228442182640656,0.0,,-3537000.0,,,,,3.9071565,,-1.631,0.0,110476.0,,,"[0.0, 0.0, 0.0, 0.0, 0.0]","[1331000.0, -12851000.0, 4607000.0, 2684000.0, 2023000.0]","[0.0, -0.04, 0.01, 0.01, 0.01]",[],"[-10.655146506386176, -1.358493502451171, -0.4174082917299762, -0.246274217585693]","[-inf, -1.25, 0.0, 0.0]","[0.0, 0.0]","[278.6158833063209, 799.1797235023041, 241.34513274336283]",[],-0.05164325239638645,-0.03809520349480777,-0.1476792917861275,,-0.0217340241832229,-0.3010380942551931,0.29487183014081664,0.42203126095938404,0.38095238095238093,0.5420422432068437,0.02173122397062063,-0.3494809941212911,10.0,0.0,0.0,0.0,1.0,7.0,-4.0,0.0,0.0
PARSVNATH.NS,BE,2.33,101.3972096,14.0,avoid,False,True,,True,True,26.666666666666668,1013972096.0,2.33,-10.15,0.0977833142875714,,0.0989168797467056,-0.33521998,-1.8809199,0.51658,,0.2303996277836069,,,,-0.1100120130606203,2524553000.0,-0.3446510823951688,-3453741000.0,-0.1114382506502621,0.3233364302117283,,,-0.045042433,-170.209,-0.103,0.0,175697.0,,,"[610432000.0, 539638000.0, 591544000.0]","[-1494754000.0, -1538080000.0, -849578000.0]","[-3.29, -3.53]","[-0.11597360557768921, 0.09618670293789533]","[0.02898537150594671, -0.4476373140538854]",[0.07294832826747721],"[-1.4642482827392709, -1.628659662920853]","[0.7564226241459292, 0.7756102531153517]","[-0.15860081086129404, -0.2958167907713804, 0.4498237693693296]",0.4312499548308557,-0.03781518834465791,-0.6227347780739441,,-0.18478034178987768,-0.8720670385108615,0.6715328130529472,0.27264284276887263,0.49206349206349204,1.091587928257598,0.11476075711298585,-0.9234636852533711,7.0,0.0,1.0,0.0,0.0,9.0,-3.0,0.0,0.0
TAKE.NS,EQ,13.35,195.210368,14.0,avoid,False,True,,True,True,36.19047619047619,1952103680.0,13.35,0.39,,,0.1536694880264244,-0.00871,0.15163,-0.00318,,13.69752731454859,,,,-0.3802988266307804,541853000.0,-0.340695126507579,108491000.0,,,34.23077,,6.474297,-116.633,0.382,0.0,341738.0,,,"[303733000.0, 541853000.0, 0.0, 0.0, 0.0]","[10626000.0, 43599000.0, 11091000.0, -5850000.0, -48800000.0]","[0.07, 0.29, 0.07, -0.06, -0.33]","[0.7839780333384914, -1.0]","[3.103049124788255, -0.7456134315007226, -1.5274546929943198, 7.341880341880342]","[3.1428571428571423, -0.7586206896551724, -1.857142857142857, 4.500000000000001]","[0.0, 0.0]","[4.535738142952572, 1.4762719619900087]","[1519.0, 1233.3333333333333, -2.342857142857143, 2.2459016393442623]",-0.12336319321967149,-0.46124523768746306,-0.7032889996745895,,-0.31648478743173936,-0.7463103226591803,0.10129870623140702,0.583868456470266,0.4603174603174603,0.7708412204882656,0.5212783577791834,-0.7696449874086078,7.0,0.0,0.0,5.0,0.0,2.0,0.0,0.0,0.0
NETWORK18.NS,EQ,24.69,3813.3403648,13.0,avoid,False,True,,True,True,24.761904761904763,38133403648.0,24.69,-0.22,,,0.0684043981455069,-0.045619998,-0.01592,0.40615,65.925,1.7591451486697969,,,,-0.1846133631167466,20382900000.0,-0.3078278692650328,1522100000.0,,,,,0.76608026,122.615,0.265,0.0,2741380.0,,,"[5162600000.0, 6157800000.0, 5393700000.0, 4678600000.0, 5613200000.0]","[-387100000.0, -305200000.0, -59800000.0, 1480300000.0, -303100000.0]","[-0.25, -0.2, -0.04, 0.97, -0.2]","[0.19277108433734935, -0.12408652440806778, -0.1325806032964384, 0.19976061214893348]","[-0.21157323688969254, -0.8040629095674967, -25.754180602006688, -1.204755792744714]","[-0.19999999999999996, -0.8, -25.25, -1.2061855670103092]","[0.6684891787918961, 0.6240888302235305]","[0.2623838677912403, 0.2626205233161523]","[0.3232180663373324, 0.45008365867261574, 0.8949354518371401, 3.8460803059273423, 0.468578735842163]",-0.09560435076715246,-0.20789218884746274,-0.2310806582140612,,-0.1169073174159434,-0.5288167974219635,0.01230017023028318,0.3504574217207681,0.4126984126984127,0.5364604216397738,8.271507759606628,-0.5345420099348108,2.0,0.0,0.0,3.0,5.0,5.0,-2.0,0.0,0.0
VIVIMEDLAB.NS,BE,7.25,60.1125888,13.0,avoid,False,True,,True,True,26.666666666666668,601125888.0,7.25,-21.13,-0.2215031548783697,,-0.5637914660903167,-8.22894,-2.31263,0.03356,,-41.28657074340528,0.375,0.104,1019146240.0,-0.0436499841334602,699890000.0,-0.2794688283483039,-1764720000.0,-0.1871115600902463,0.6695256898456236,,,-1.2541083,-3.121,0.843,0.0,49241.0,,,"[120000000.0, 159890000.0, 206120000.0, 213880000.0, 256140000.0]","[-1471230000.0, -165540000.0, -73010000.0, -54930000.0, -56000000.0]","[-17.74, -2.0, -0.88, -0.66, -0.68]","[0.3324166666666666, 0.28913628119332047, 0.0376479720551135, 0.19758743220497466]","[-0.8874819028975756, -0.5589585598646853, -0.24763730995754007, 0.01947933733843077]","[-0.887260428410372, -0.56, -0.25, 0.030303030303030276]","[-1.886988610997654, -8.007130496424328, -10.700560152406949]","[0.37491491987404796, 0.7836613353397714, 0.8024390124400413]","[-154.21224920802536, -15.48804780876494, -3.4114803625377643, -8.536458333333334, -2.1534482758620688]",0.07131783748058451,0.27726433314365617,0.08477236602110749,,-0.002698866713327863,-0.7402255733715779,0.4159835420831257,0.42409068013604345,0.4444444444444444,0.4811920671510412,0.02261955533127785,-0.8165413517121429,10.0,0.0,0.0,5.0,0.0,8.0,-10.0,0.0,0.0
SADHNANIQ.NS,BE,2.62,794.4348672,12.0,avoid,False,True,,True,True,26.666666666666668,7944348672.0,2.62,-1.19,,,-0.1270909916171457,-0.02241,-1.73909,-0.06702,24.953,-2.904845412940487,,,,0.3309917092390204,495015000.0,-0.2963157978495079,-864215000.0,,,,,0.24852969,-17.855,0.145,0.0,1609076.0,,,"[272200000.0, 91100000.0, 97600000.0, 27000000.0, 281000000.0]","[-5500000.0, -336200000.0, -251400000.0, -255500000.0, -21200000.0]","[0.0, -0.78, -0.204437, -0.209816, -0.06]","[-0.6653196179279941, 0.07135016465422606, -0.7233606557377049, 9.407407407407407]","[60.127272727272725, -0.2522308149910767, 0.016308671439936306, -0.9170254403131115]","[-inf, -0.737901282051282, 0.02631128416089057, -0.7140351546116597]","[0.24954073883660294, 1.0216806456717835, 0.7930499104503992]","[1.8050928570746851, 1.5051907083452825, 1.3891655780535597]","[0.9717868338557993, -2.202425373134328, -2.599708879184862, -4.356701030927835, 0.44139650872817954]",-0.07942239354696445,-0.06250002739184013,0.5548780332676786,,-0.00011008914237331524,-0.7521865926365777,0.9172931353646536,0.3972783407522098,0.38095238095238093,0.4773055071896389,0.43687901068163987,-0.87074829466998,4.0,0.0,0.0,3.0,5.0,7.0,-7.0,0.0,0.0
TRU.NS,EQ,4.47,53.5335552,11.0,avoid,False,True,,True,True,17.142857142857142,535335552.0,4.47,-9.59,,,-0.7576272967464711,-12.62589,0.0,0.0,649.526,-3.77185299350926,,,,-1.1510028716883485,804911000.0,-0.1270160037993883,-1126515000.0,,,,,0.7154289,,0.862,0.0,48139.0,,,"[112638000.0, 145513000.0, 150983000.0, 228046000.0, 298814000.0]","[-105804000.0, -191831000.0, -424526000.0, -328912000.0, -90980000.0]","[-0.89, -2.35, -3.54, -2.81, -0.78]","[0.2918642021342708, 0.03759114305938294, 0.5104084565812046, 0.3103233558141778]","[0.8130789006086727, 1.213020836048397, -0.22522531011057034, -0.7233910590066643]","[1.6404494382022472, 0.5063829787234042, -0.20621468926553677, -0.7224199288256228]","[6.495268794434706, 3.017225945392947, 3.2101088647926534]","[1.0072069205699494, 97.64892832841915, 1.5472660099035995]",[],0.06341469144622747,-0.207272702997381,-0.22281639398410014,,-0.1436622600574381,-0.5951717782545264,0.08728176674697186,0.3552392323473372,0.30158730158730157,0.58218069930101,0.029170612701842784,-0.627669446755577,10.0,0.0,0.0,0.0,5.0,3.0,-7.0,0.0,0.0
RTNINDIA.NS,EQ,24.95,3445.3143552,10.0,avoid,False,True,,True,True,26.666666666666668,34453143552.0,24.95,-4.73,-0.1648368149288254,,-0.1162145952165291,-0.05661,-0.08635,0.01898,143.033,-1.40272729958928,,,,0.3356023189597326,74041780000.0,0.2214928491957062,-1654190000.0,-0.1654630174281242,-0.7470354823144864,,,4.4753366,-1598.034,0.662,0.0,1705719.0,,,"[18681660000.0, 16943940000.0, 20037310000.0, 21218560000.0, 17010650000.0]","[151010000.0, -1102810000.0, -1613130000.0, -3965480000.0, 5027230000.0]","[0.11, -0.8, -1.17, -2.87, 3.64]","[-0.09301742992860373, 0.18256497603272903, 0.058952524066354206, -0.19831270359534292]","[-8.30289384808953, 0.4627451691587854, 1.45825196977305, -2.2677481666784347]","[-8.272727272727273, 0.4624999999999999, 1.4529914529914532, -2.2682926829268295]","[1.4325347768943486, 1.0747152077282718, 1.0016964963662003]","[0.8110893655177214, 0.6920688327047766, 0.7885498973481087]","[2.496857021095248, -5.298084330542858, -8.678640083484375, -22.578465359341852, 35.62729612729613]",-0.11051688265378912,-0.2567768546394651,-0.21218816852433908,,-0.15940971763993672,-0.5300433096396732,0.0052377546218238535,0.29022894401517113,0.3968253968253968,0.7618610928819772,4.317122519112225,-0.5324920018178911,2.0,0.0,7.0,1.0,0.0,4.0,-4.0,0.0,0.0
SHIVACEM.NS,EQ,12.79,377.3050112,10.0,avoid,False,True,,True,True,24.761904761904763,3773050112.0,12.79,-3.95,0.0338644843140421,,-0.0181993022214482,0.049099997,-0.24189,0.27128,,-0.1981763109736858,,,,-0.6766391173600462,4344278000.0,,-1255325000.0,0.1597744025534495,,,,-17.190859,63.28,0.311,0.0,204790.0,,,"[1514942000.0, 1213610000.0, 1260868000.0, 1056079000.0, 1063398000.0]","[-213478000.0, -286311000.0, -338965000.0, -302755000.0, -532188000.0]","[-0.72, -0.97, -1.15, -1.11, -1.03]","[-0.1989066248080784, 0.038940021918079104, -0.16241906369263082, 0.006930352748231838]","[0.34117332933604394, 0.1839049145858873, -0.10682518844128452, 0.7578173770870835]","[0.3472222222222223, 0.18556701030927836, -0.03478260869565197, -0.07207207207207211]","[-73.72695222825493, 13.009642995356037]","[0.2840741193119177, 0.5592510338820059]","[0.24313646961223234, 0.030502030588438606, -0.2899174968056752, -0.3504021863623011, -0.40378725616812866]",-0.19415058772925575,,,,,,,0.32408227379224014,0.34285714285714286,,0.16865264326849938,,7.0,0.0,6.0,1.0,0.0,2.0,-6.0,0.0,0.0
DISHTV.NS,EQ,2.05,377.4575104,7.0,avoid,False,True,,True,True,28.57142857142857,3774575104.0,2.05,-5.2,-0.2170264717662272,,,-0.84389,-0.90906,0.35067,,-1.9871180903589856,,,,-0.0881886642885453,11432200000.0,-0.2004638528036388,-8073600000.0,-0.2172652834523706,1.0838127693035478,,,-0.09755401,-1.326,1.118,0.0,2901006.0,4.23,0.1600000000000001,"[2658300000.0, 2430700000.0, 2990500000.0, 2911300000.0, 3293600000.0]","[-2863000000.0, -3039500000.0, -2762300000.0, -1326500000.0, -945300000.0]","[-1.49, -1.58, -1.44, -0.69, -0.49]","[-0.08561862844675172, 0.23030402764635705, -0.0264838655743187, 0.13131590698313467]","[0.06164862032832685, -0.09119921039644674, -0.5197842377728704, -0.2873727855258198]","[0.06040268456375841, -0.08860759493670889, -0.5208333333333334, -0.28985507246376807]","[-0.007599088703034441, -0.004710318306822179, -0.010703217749271497]","[0.08215817138114669, 0.13385590230475272, 0.12210972067645702]","[-3.235207100591716, -3.452175186758459, -3.038450292397661, -0.9221851905520939, -0.43184653774173426]",-0.19444444970058605,-0.3071672610449845,-0.32781457476467213,,-0.17153927325530727,-0.5865580377849272,0.10326083400242791,0.350144542327846,0.31746031746031744,1.0907130401386844,0.5605008183497011,-0.625254564040689,7.0,0.0,1.0,0.0,0.0,8.0,-9.0,0.0,0.0
PENINLAND.NS,EQ,14.5,481.0059264,7.0,avoid,False,True,,True,True,17.142857142857142,4810059264.0,14.5,-4.71,,,-0.3033012180655614,-0.13718,-1.21039,0.6462,460.72,-2.244273174909013,,,,-0.3710622233793283,1213000000.0,-0.5003498807432183,-1536400000.0,,,,,6.7504654,94.329,0.279,0.0,166773.0,,,"[234000000.0, 408800000.0, 272900000.0, 375700000.0, 374700000.0]","[-76400000.0, -1182500000.0, -119200000.0, -185000000.0, -49700000.0]","[-0.23, -3.56, -0.36, -0.56, -0.15]","[0.747008547008547, -0.3324363992172211, 0.3766947599853425, -0.0026616981634283166]","[14.477748691099476, -0.8991966173361522, 0.5520134228187918, -0.7313513513513514]","[14.478260869565217, -0.898876404494382, 0.5555555555555558, -0.7321428571428572]","[4.23937140451803, 2.191400562942832, 1.9115584019518146]","[0.8998463516352576, 0.9547003407496493, 1.1053478086047446]","[-0.03485254691689008, -14.797278911564625, -0.032229965156794424, -0.25084288604180716, 0.6195158850226928]",-0.09709336347659758,-0.16428157096095986,-0.12259609873830712,,-0.03541886858731624,-0.5791294044552455,0.043602617607677585,0.45394120414689904,0.36507936507936506,1.12431442733946,0.3069117590041828,-0.5967137409931519,7.0,0.0,0.0,0.0,0.0,12.0,-12.0,0.0,0.0
