Symbol,Price,Market Cap (Cr),V2 Potential Score,V2 Band,Candidate,Hard Gate Eligible,Hard Gate Reasons,Penny_stock,Old Score (%),market_cap,stock_price,eps,eps_growth_5y,roe,roce,operating_margin,net_margin,gross_margin,de_ratio,interest_coverage,current_ratio,quick_ratio,free_cash_flow,cash_conversion_ratio,revenue,revenue_growth_5y,profit,profit_growth_5y,operating_leverage,pe_ratio,peg_ratio,pb_ratio,ev_ebitda,beta,dividend_yield,liquidity,promoter_holding,promoter_holding_growth,quarterly_revenue,quarterly_profit,quarterly_eps,quarterly_revenue_growth,quarterly_profit_growth,quarterly_eps_growth,quarterly_de_ratio,quarterly_current_ratio,quarterly_interest_coverage,return_1m,return_3m,return_6m,return_12m,sma_20_100,near_52w_high,above_52w_low,volatility_3m,positive_days_3m,volume_ratio_20_120,turnover_20_cr,max_drawdown_1y,size_runway (v2),ownership_alignment (v2),fundamental_growth (v2),financial_quality (v2),valuation_sanity (v2),market_confirmation (v2),risk_penalty (v2),compound_fragility_gate (v2),extreme_valuation_data_gate (v2)
BLBLIMITED.NS,16.09,85.0601984,71.0,high-potential,True,True,,True,58.0952380952381,850601984.0,16.09,5.18,0.7679849593018035,,0.3433296256120804,0.08136,0.03507,0.05691,1.655,147.23291721419184,,,,0.45429282243809627,7427159000.0,0.5082829649807288,333219000.0,0.766139337970011,1.5073087054945047,3.1061778,0.04044581553815732,0.6526854,,0.221,0.0,124693,45.77,0.0,"[932200000.0, 716100000.0, 2772800000.0, 3387000000.0, 564200000.0]","[55400000.0, 43100000.0, 85700000.0, 89500000.0, 114900000.0]","[1.05, 0.82, 1.62, 1.69, 2.17]","[-0.23181720660802407, 2.872084904342969, 0.2215089440276976, -0.8334219072925892]","[-0.22202166064981954, 0.988399071925754, 0.04434072345390905, 0.2837988826815643]","[-0.21904761904761916, 0.9756097560975612, 0.043209876543209846, 0.28402366863905315]","[0.0020625739511028786, 0.0017006802721088435, 0.0030813665655293684]","[20.10248361503967, 16.868173258003768, 70.58370798544209]","[19.94871794871795, 17.4390243902439, 34.705882352941174, 36.84375, 47.375]",-0.03537171113868709,0.010678396700957826,-0.04792896356365861,,0.018559777343461148,-0.21435544373889515,0.26892742628879907,0.2797627707629187,0.49206349206349204,1.5601476402414662,0.25229719875279427,-0.3101196472172789,10.0,5.0,20.0,9.0,8.0,19.0,0.0,0.0,0.0
ASHOKAMET.NS,14.75,36.8691008,70.0,high-potential,True,True,,True,53.333333333333336,368691008.0,14.75,6.81,0.6738706257063367,,0.08626976190208659,-0.22431,0.49041998,0.35627997,43.157,10.120946480358555,,,,-1.5912146521231874,277025000.0,-0.1810645260555439,107998000.0,0.496770264004599,-2.7436090040752004,2.1659324,0.03214166514128311,0.2158705,21.024,0.994,0.0,78257,53.64,0.0,"[40711000.0, 103469000.0, 66898000.0, 52119000.0, 54539000.0]","[32340000.0, 22229000.0, 44901000.0, 29608000.0, 11259000.0]","[1.29, 2.62, 1.8, 1.18, 0.45]","[1.5415489671096263, -0.3534488590785646, -0.22091841310652038, 0.04643220322722996]","[-0.3126468769325912, 1.019928921678888, -0.34059375069597564, -0.6197311537422319]","[1.0310077519379846, -0.3129770992366412, -0.34444444444444444, -0.6186440677966101]","[0.4766260587531657, 0.28010836362580993, 0.14028937432069913]","[4.22708425202551, 3.1976936227863617, 6.479001030745091]","[11.162210874136377, 15.043054682589567, 16.247174301011302, 9.276612689142553, 3.9228971962616823]",0.08615611803145318,0.010273946206238005,-0.024470892087272045,,0.026146102791561043,-0.14244189850377376,0.20605074015422864,0.5620086800735914,0.5079365079365079,3.893294663632665,0.28222256465105056,-0.28437686172961363,13.0,8.0,11.0,8.0,8.0,22.0,0.0,0.0,0.0
AGROPHOS.NS,22.14,44.8868928,69.0,high-potential,True,True,,True,56.19047619047619,448868928.0,22.14,4.16,-0.03475900475048366,0.10389,0.2076210393210612,0.039219998,0.04772,0.33311,42.354,4.287340289014116,1.583,0.356,6479375.0,0.5079076020532877,781341000.0,0.02848031944467455,81820000.0,0.17812750987469217,6.254407020283605,5.3221154,,0.64289445,4.521,0.136,0.0,13554,54.27,0.0,"[322312000.0, 301063000.0]",[-2868000.0],"[-0.14, 1.15]",[-0.06592680384223981],[],[-9.214285714285714],[0.4856192761657451],[1.5834913684041756],"[1.2728958101594363, 3.2933567402753394]",-0.1546392158007991,-0.2671300873680609,-0.33071347750458846,,-0.16672577051261417,-0.5023601134102852,0.01933702069850929,0.35468152598604946,0.4603174603174603,1.30893522019821,0.07287391474608422,-0.5118004384372277,13.0,8.0,9.0,19.0,10.0,10.0,0.0,0.0,0.0
MGEL.NS,15.88,523.3342464,69.0,high-potential,True,True,,True,59.04761904761905,5233342464.0,15.88,1.4,0.41488099976705684,,0.31616804401965787,0.018509999,0.01358,0.03171,86.568,2.899608607163359,,,,1.0094090331140473,33781648000.0,0.33934785581037774,452225000.0,0.5271838533008752,1.5535205078633452,11.342857,0.27340025227399356,2.1038687,10.525,0.131,0.06,1643579,72.39,0.0,"[9520650000.0, 10639579000.0, 7561596000.0, 8585436000.0, 5367268000.0]","[84281000.0, 124834000.0, 85112000.0, 64322000.0, 51874000.0]","[0.26, 0.38, 0.26, 0.2, 0.16]","[0.11752653442779648, -0.28929556329249495, 0.13539998698687428, -0.3748403692019835]","[0.48116420070953114, -0.3181985676979028, -0.24426637841902432, -0.19352632069898323]","[0.46153846153846145, -0.3157894736842105, -0.23076923076923073, -0.20000000000000007]","[0.8658347296406298, 1.1138931423462082]","[1.3690584219428001, 1.4559428602497897]","[2.10197983943985, 3.167299121354896, 2.2423805549232365, 2.107795945062132, 2.225780998389694]",0.11516856528670982,-0.051349614805962784,0.3330448378916333,,0.017381344676440813,-0.09148685515534716,0.6247336853979442,0.33788131684608436,0.4444444444444444,3.623572879287837,3.236177104581051,-0.44082334661379796,4.0,10.0,20.0,6.0,7.0,22.0,0.0,0.0,0.0
HMAAGRO.NS,24.31,1217.3712384,67.0,high-potential,True,True,,True,59.04761904761905,12173712384.0,24.31,4.28,0.11016641386554515,,0.2598413905306825,0.00118,0.02716,0.11737,88.318,7.381495266844465,,,,-0.5131555787544231,69164950000.0,0.29170171895138175,1647590000.0,0.11017930111015861,0.3777122106315812,5.6799064,0.515575137712312,1.2863795,11.09,0.4,0.0,2219785,75.0,0.0,"[21103190000.0, 15790980000.0, 20594480000.0, 21553390000.0, 11226100000.0]","[506930000.0, 79650000.0, 662330000.0, 897560000.0, 8050000.0]","[1.01, 0.16, 1.32, 1.79, 0.02]","[-0.25172545003859603, 0.3041926466881726, 0.04656150580155449, -0.4791492196819155]","[-0.8428777148718758, 7.315505335844319, 0.35515528512976924, -0.9910312402513481]","[-0.8415841584158416, 7.25, 0.35606060606060597, -0.9888268156424581]","[0.903533340915686, 0.7254512727255901, 0.6775386705910836]","[1.2621883678577193, 1.5108134592028266, 1.2911818742044912]","[6.320905686074226, 2.025967048710602, 10.469224964967124, 19.218278063210338, 1.1843503044435808]",0.16650668368270582,0.119244946338255,0.01545525996786834,,0.021556331238122395,-0.24007503470223812,0.21671671786341817,0.49038862664662636,0.4126984126984127,2.7182935872300407,10.326645794523907,-0.3754298316602346,4.0,10.0,15.0,8.0,7.0,23.0,0.0,0.0,0.0
SYNCOMF.NS,22.92,2154.4800256,67.0,high-potential,True,True,,True,65.71428571428571,21544800256.0,22.92,0.97,0.5532256478494038,,0.23658360910947054,0.19650999,0.17181998,0.43558,0.355,159.07331561669534,,,,0.7598223396739842,4816895000.0,0.29366381917942297,764380000.0,0.561644820937129,1.9125434740531477,23.628866,0.427110819822875,5.1494045,24.363,0.828,0.43,51415746,50.57,0.0,"[1255264000.0, 1354118000.0, 1151406000.0, 1217174000.0, 1169017000.0]","[248468000.0, 251744000.0, 189081000.0, 166011000.0, 157544000.0]","[0.26, 0.27, 0.23, 0.18, 0.17]","[0.0787515614245291, -0.14970039538651725, 0.05711973013863059, -0.03956459799502787]","[0.01318479643253867, -0.24891556501843137, -0.12201120154854272, -0.051002644403081776]","[0.03846153846153855, -0.14814814814814814, -0.21739130434782616, -0.05555555555555547]","[0.0036005834381354846, 0.0018415004450512912, 0.013396165977315716]","[3.1849877272578277, 4.683659777914867, 4.551037165300696]","[132.91083844580777, 90.65841979249801, 96.24677296886864, 84.18799546998868, 81.91068580542264]",0.11918880919322006,0.6911091695043139,0.7731259304750036,,0.3022923398712394,-0.12452254357832593,1.236204511048729,0.6591129831297853,0.5396825396825397,3.333959792153997,72.4067574956804,-0.3976608095364651,2.0,8.0,20.0,10.0,2.0,25.0,0.0,0.0,0.0
SBGLP.NS,22.9,397.1236608,66.0,high-potential,True,True,,True,69.52380952380952,3971236608.0,22.9,2.37,0.2078867290797859,,0.27754970887183267,0.30819,0.24777001,0.41408002,75.186,112.31354642313546,,,,-0.16624135527797138,1429934000.0,0.3192422601779308,373060000.0,0.20799299300538387,0.6515208634641863,9.662448,0.464793882840477,3.8332775,8.123,0.355,0.52,292504,73.39,0.0,"[421206000.0, 589740000.0, 420890000.0, 259785000.0, 159519000.0]","[93397000.0, 132793000.0, 111310000.0, 81626000.0, 53285000.0]","[0.53, 0.76, 0.62, 0.46, 0.31]","[0.4001225053774162, -0.28631261233764027, -0.3827722207702725, -0.38595761880016166]","[0.42181226377720904, -0.1617781057736477, -0.26667864522504714, -0.34720554725210107]","[0.4339622641509433, -0.1842105263157895, -0.25806451612903225, -0.32608695652173914]","[0.7952493401861369, 0.7935555233411582, 1.0580414167954213]","[2.8440241833920306, 2.542661733861069, 3.0834153193245823]","[19.243406830955468, 66.43554260742899, 141.61080074487896, 1191.304347826087, 280.07003891050584]",-0.03910189900345462,-0.06524078884734985,-0.12326282015612766,,-0.06878907325121286,-0.4169886627842607,0.24180778046237617,0.6101720602904318,0.5079365079365079,2.929434171706312,0.5191221300196361,-0.5305140244823879,7.0,10.0,18.0,9.0,6.0,16.0,0.0,0.0,0.0
AMBICAAGAR.NS,24.48,42.0502752,65.0,high-potential,True,True,,True,40.95238095238095,420502752.0,24.48,1.98,0.10992314452464358,,0.07987446091484258,0.10104,0.0252,0.14812,84.996,1.4388645526099932,,,,-2.0071648198642453,1410825000.0,0.06366239307453014,34474000.0,0.10891725918061246,1.710857131196781,12.363636,1.1247527582535821,0.56812644,13.275,-0.033,0.0,31970,46.08,2.6700000000000017,"[246496000.0, 222700000.0, 540402000.0, 346288000.0, 301435000.0]","[11053000.0, 8159000.0, 5628000.0, 9334000.0, 11353000.0]","[0.64, 0.15, 0.65, 0.54, 0.66]","[-0.09653706348176039, 1.4265918275707228, -0.35920296371960136, -0.12952513514762276]","[-0.26182936759250885, -0.31020958450790537, 0.6584932480454868, 0.21630597814441832]","[-0.765625, 3.333333333333334, -0.16923076923076918, 0.2222222222222221]","[0.8499596369991218, 0.7472372411503359, 0.7523673219887335]","[2.624726326065734, 2.938863089884547, 2.6934152706456773]","[1.4929412942629243, 1.432103449366088, 1.2922901756668836, 1.5380798274002156, 1.5586404978458592]",-0.10033074730216351,-0.03470035674037131,0.06065856252851631,,0.004863212776144099,-0.11304350710546096,0.19124089786282283,0.3126625674737055,0.4126984126984127,1.793260682195062,0.060255969231596,-0.255434820542338,13.0,7.0,12.0,6.0,9.0,18.0,0.0,0.0,0.0
MITTAL.NS,0.71,31.5169536,65.0,high-potential,True,True,,True,53.333333333333336,315169536.0,0.71,0.05,0.7060684565636344,,0.06605687680792972,0.0792,0.03304,0.16166,29.486,6.041751069097456,,,,10.954339095512484,914541000.0,0.1288866129320616,22908000.0,0.6333643252284198,4.914120332747647,14.2,0.20111364369837453,0.4899931,4.869,0.438,0.0,1986141,34.04,-0.00999999999999801,"[240715000.0, 208273000.0, 250794000.0, 211806000.0, 212721000.0]","[4574000.0, 8321000.0, 9670000.0, 701000.0, 5801000.0]","[0.01, 0.02, 0.02, 0.002, 0.01]","[-0.13477348731902872, 0.2041599247141972, -0.15545826455178358, 0.004319990935101048]","[0.8191954525579361, 0.16211993750751108, -0.9275077559462255, 7.275320970042795]","[1.0, 0.0, -0.9, 4.0]","[0.29485730102773117, 0.14044891029937795, 0.07430273978779565]","[1.305559701104027, 2.727718848139027, 5.609312675819792]","[3.5011167836630506, 3.8979677351770374, 81.36158192090396, 5.66, 273.2631578947368]",-0.08974358386541947,-0.24468087197537336,-0.26041667248743294,,-0.1523830641222621,-0.535947717765379,0.014285700905079413,0.43879033996792266,0.23809523809523808,2.549075611508173,0.20354598987374037,-0.5424836593668506,13.0,2.0,18.0,9.0,10.0,13.0,0.0,0.0,0.0
SAGARDEEP.NS,23.15,39.4878816,65.0,high-potential,True,True,,True,54.285714285714285,394878816.0,23.15,1.32,0.5740609166314434,,0.11821055869305336,0.02243,0.01543,0.04798,26.418,3.232656954561221,,,,2.0317633603659804,1248122000.0,0.1123741902526989,19236000.0,0.5516625993236712,4.9091575038995385,17.537878,0.30550552200820885,1.1467776,9.083,0.211,0.0,6659,72.69,0.0,"[391988000.0, 335832000.0, 353474000.0, 322623000.0]","[3197000.0, 4039000.0, 3410000.0, 10723000.0]","[0.19, 0.25, 0.21, 0.65]","[-0.14325948753533269, 0.05253221849019751, -0.08727940385997268]","[0.26337191116671876, -0.15573161673681601, 2.144574780058651]","[0.3157894736842106, -0.16000000000000003, 2.0952380952380953]","[0.3966590420287827, 0.19214777520297419]","[1.790443764023653, 2.4966553998156336]","[3.093361884368308, 2.9995777027027026, 3.7303233679072605, 6.082371054657429]",-0.01989844216781067,-0.05161819896592168,0.001730809481709672,,-0.0363863903914905,-0.23873726620553282,0.05131694538036191,0.24997822447441198,0.4444444444444444,0.4660878644955686,0.014387117770509718,-0.2758960681271567,13.0,10.0,18.0,9.0,7.0,8.0,0.0,0.0,0.0
NDL.NS,2.6,374.7826432,64.0,watchlist,True,True,,True,58.0952380952381,3747826432.0,2.6,0.25,2.8597213146808205,,0.07442919999910928,0.020480001,0.01501,0.14565,18.05,3.900981738294659,,,,4.360385650982239,28286274000.0,0.12482781373109719,331284000.0,2.9646528231885245,23.749937891045256,10.4,0.03636718006964523,0.57560325,5.867,0.995,0.0,966678,51.01,0.0,"[6223891000.0, 5399795000.0, 4995272000.0, 7846897000.0, 10476774000.0]","[147961000.0, 95095000.0, 29729000.0, 94470000.0, 111990000.0]","[0.1, 0.07, 0.02, 0.07, 0.78]","[-0.1324084885162674, -0.07491451064345966, 0.5708648097641129, 0.335148658125626]","[-0.3572968552523976, -0.6873757821126243, 2.1777052709475595, 0.18545570022229274]","[-0.29999999999999993, -0.7142857142857143, 2.5000000000000004, 10.142857142857142]","[0.180504014768192, 0.34571802925996403, 0.40210204056567245]","[2.2467618956706947, 1.6130388411862844, 1.4890228665637955]","[3.1220555864140387, 1.6082201943764374, 2.2049238527191317, 2.971621297996328]",-0.0812720937364152,0.11587982393452467,0.01960782480441492,,0.07186049624556912,-0.23076928502926064,0.41304340079736757,0.5603474658483049,0.3968253968253968,0.7286359945167679,0.25470986462867024,-0.4556213103315373,7.0,8.0,18.0,9.0,10.0,12.0,0.0,0.0,0.0
AJOONI.NS,3.11,53.5677568,63.0,watchlist,True,True,,True,58.0952380952381,535677568.0,3.11,0.26,0.07002965923006688,0.04402,0.06970989346003535,0.017819999,0.01854,0.17616,29.371,9.085810906016627,2.359,0.536,,-1.3266930427338561,1823782000.0,0.3478124183628861,43221000.0,0.5663399993843454,1.628291485537072,11.961538,1.7080674290735909,0.58469635,9.955,0.37,0.0,314688,30.53,3.6400000000000006,[292744000.0],[15438000.0],[],[],[],[],[0.02202119011612329],[11.312103189082682],[89.92093023255813],-0.1617251042808152,-0.15489134818512607,-0.27505829306523155,,-0.1315278372020937,-0.4030710417802701,0.029801296270770328,0.4137078548535415,0.36507936507936506,0.9222620139700312,0.10251220711903691,-0.42034549734847426,10.0,4.0,17.0,14.0,10.0,8.0,0.0,0.0,0.0
MEDICO.NS,22.14,183.7265664,62.0,watchlist,True,True,,True,59.04761904761905,1837265664.0,22.14,1.68,0.22005463206552012,,0.2514575498906425,0.037130002,0.05816,0.24325001,25.444,19.22361251261352,,,,0.44789252165426374,2040752000.0,0.13792980241022978,131152000.0,0.2189394351484668,1.5873250836487012,13.178572,0.5988772822594414,2.4196723,11.166,0.709,0.0,1189872,61.38,0.0,"[694006000.0, 568077000.0, 586829000.0, 526352000.0, 382515000.0]","[25180000.0, 58566000.0, 28723000.0, 25682000.0, 18183000.0]","[0.3, 0.71, 0.35, 0.31, 0.22]","[-0.18145232173785242, 0.03300960961278143, -0.10305727903699369, -0.2732714989208742]","[1.325893566322478, -0.5095618618310965, -0.10587334192110853, -0.2919943929600498]","[1.3666666666666667, -0.5070422535211268, -0.11428571428571421, -0.29032258064516125]","[0.25543230552346224, 0.18737136840089982, 0.23531069059964238]","[1.6603977713265656, 1.6163152721673968, 1.6972007408512768]","[9.221319547021173, 10.204691303385705, 10.920528086979031, 15.77711612079966, 9.659551760939168]",-0.4394936863380142,-0.4430188832792846,-0.44034381645405385,,-0.23779491792286322,-0.591814183176215,0.028332498074711943,0.6713684341213771,0.4126984126984127,2.223457483989745,2.3881158993394567,-0.6030604716003745,7.0,8.0,18.0,9.0,7.0,13.0,0.0,0.0,0.0
MOTISONS.NS,17.72,2015.6614656,62.0,watchlist,True,True,,True,51.42857142857142,20156614656.0,17.72,0.63,0.42324398947848607,,0.1795340643163672,0.14821,0.13088,0.2236,7.795,15.089167439395947,,,,0.43099970647190217,4895445000.0,0.10160574759269325,637077000.0,0.4211493549065797,4.144936333669235,28.126984,0.6645571986658945,3.6847577,19.88,0.508,0.0,79455290,57.12,-7.740000000000002,"[1073257000.0, 1374677000.0, 1745613000.0, 904690000.0, 870465000.0]","[110482000.0, 83019000.0, 259411000.0, 214343000.0, 80304000.0]","[0.11, 0.08, 0.26, 0.22, 0.08]","[0.2808460601701177, 0.26983502306359974, -0.48173506957154877, -0.037830638119134785]","[-0.24857442841367827, 2.12471843794794, -0.17373203140961635, -0.6253481569260484]","[-0.2727272727272727, 2.25, -0.15384615384615385, -0.6363636363636364]","[0.0779541113315865, 0.1239497283164017, 0.17506977940952423]","[8.672393181042882, 5.6056868623534735, 5.769681257939132]","[14.686750322937812, 6.762686787986389, 29.696051191378295, 23.179741578218735, 8.078235757416644]",0.0752427066481518,0.2576294621331061,0.31356557553786457,,0.17464131298032726,-0.06193753912639588,0.6361957006635566,0.5181586811138171,0.38095238095238093,1.5737655598224038,112.10435598759615,-0.3996674404609102,2.0,8.0,18.0,10.0,1.0,23.0,0.0,0.0,0.0
DUCON.NS,1.42,81.6313024,60.0,watchlist,True,True,,True,56.19047619047619,816313024.0,1.42,0.21,0.31991166320218234,,0.1416146656972605,0.04421,0.024349999,0.07354,63.005,3.0424652574011413,,,,0.45691240463922217,4193967000.0,0.019667000500293685,109846000.0,0.3890673435579448,19.782749461573204,6.7619047,0.21136787050263042,0.26340196,4.914,0.717,0.0,4844015,38.08,0.0,"[1044214000.0, 1002428000.0, 937844000.0, 1130869000.0, 1122827000.0]","[21676000.0, 18480000.0, 23124000.0, 36927000.0, 31314000.0]","[0.049479, 0.04241, 0.049479, 0.077752, 0.070684]","[-0.040016701557343604, -0.06442756986037901, 0.2058178119175471, -0.00711134534592428]","[-0.14744417789260011, 0.25129870129870135, 0.5969122989102231, -0.15200259972377939]","[-0.14286869176822492, 0.1666823862296627, 0.5714141352897188, -0.09090441403436578]","[0.5613266972715313, 0.5795952056063456, 0.5792036079388339]","[2.1740428233895446, 2.3250265688629175, 2.275560789242056]","[2.784956762930331, 2.290748334187596, 2.6161572883937922, 3.542877594846099, 3.0129178668063195]",-0.26041667248743294,-0.5328947450975963,-0.6077348060840209,,-0.440789100516514,-0.7269230751596258,0.15447149192264997,0.9440517167244875,0.36507936507936506,3.59544718079284,0.5764954058121544,-0.7634615261173808,10.0,5.0,15.0,8.0,10.0,12.0,0.0,0.0,0.0
SARVESHWAR.NS,3.54,435.9957504,60.0,watchlist,True,True,,True,47.61904761904761,4359957504.0,3.54,0.28,-0.5371444514956709,,0.14432806715252483,0.04176,0.02352,0.08053,52.774,2.607217686313984,,,,-1.922957384495846,13456014000.0,0.24977263255041748,317889000.0,0.5980026278838286,2.3941879531702486,12.642857,,0.90839106,10.421,0.383,0.0,1456504,40.87,0.0,"[3580255000.0, 3826182000.0, 3267751000.0, 3348592000.0, 3013489000.0]","[82140000.0, 73484000.0, 92171000.0, 82007000.0, 70178000.0]","[0.07, 0.06, 0.08, 0.07, 0.07]","[0.06868980002821035, -0.14594993128920686, 0.02473903305362013, -0.10007280671995866]","[-0.10538105673240805, 0.25430025583800564, -0.11027329637304573, -0.14424378406721372]","[-0.14285714285714302, 0.3333333333333335, -0.12499999999999989, 0.0]","[0.5280705224729719, 0.5727716991160725, 0.9978431395740028]","[1.780041128222679, 1.6943922286175808, 1.5115028278008076]","[2.779138582936051, 2.836859393211599, 3.129260636664506, 2.4547070696269366, 2.245763954619989]",-0.03542237377068269,-0.0028168987598808926,-0.09923666622885818,-0.43450481910200445,0.0197359333093845,-0.43630575739088084,0.410358555897711,0.36802978365638545,0.42857142857142855,1.571336660792768,0.8142686327479648,-0.6003184862091182,7.0,5.0,16.0,6.0,9.0,17.0,0.0,0.0,0.0
NECCLTD.NS,18.96,198.1319936,58.0,watchlist,True,True,,True,38.095238095238095,1981319936.0,18.96,0.76,-0.1213843781634264,,0.07817036967221785,0.049450003,0.02538,0.09819,54.791,2.281304426160591,,,,-1.1621659979098662,3080438000.0,0.0022299390319249213,77507000.0,0.10330762007289507,46.32755362092486,24.947367,,0.73097384,14.56,0.48,0.0,57399,56.16,1.9699999999999989,"[755848000.0, 962298000.0, 719682000.0, 707460000.0, 690998000.0]","[20119000.0, 7001000.0, 34523000.0, 18180000.0, 17803000.0]","[0.18, 0.08, 0.34, 0.19, 0.18]","[0.2731369270011961, -0.2521214841972029, -0.016982500604433626, -0.023269160093856933]","[-0.6520204781549779, 3.931152692472504, -0.4733945485618284, -0.020737073707370768]","[-0.5555555555555556, 3.25, -0.4411764705882353, -0.052631578947368474]","[0.5479072886076463, 0.5284375095314778, 0.5549972666534413, 0.48165193943430445]","[2.609431500379536, 2.6310688105935207, 2.5468387368472825, 2.703197354282496]","[2.5566220625088656, 1.3984251968503938, 2.9845954746597645, 2.151740320688307, 1.9800554694510155]",0.07543959086883034,0.18057283405769442,0.2819472030679555,,0.15513200332384924,-0.15957448877179514,0.760445522618816,0.3879336854436808,0.42857142857142855,1.0033956435038605,0.1818354187626743,-0.522606351386552,7.0,10.0,9.0,6.0,8.0,18.0,0.0,0.0,0.0
OSWALSEEDS.NS,12.09,110.5872256,58.0,watchlist,True,True,,True,49.523809523809526,1105872256.0,12.09,1.33,0.08412277297626325,,0.25952068316937094,0.15505,0.045689996,0.11417,121.208,3.240374075887964,,,,-1.8983468557029324,2482292000.0,-0.030416159836998302,72226000.0,0.08170270061521312,-2.686160943822689,9.090225,1.0805902704330694,2.172897,7.935,-0.829,0.0,118865,66.63,0.0,"[1170844000.0, 560841000.0, 547531000.0, 394421000.0, 979498000.0]","[122737000.0, 21093000.0, 10340000.0, -32011000.0, 72803000.0]","[1.34, 0.23, 0.11, -0.35, 0.8]","[-0.5209942571341699, -0.023732216439240394, -0.2796371347010489, 1.4833819700269508]","[-0.8281447322323342, -0.5097899777177263, -4.095841392649904, -3.2743119552653774]","[-0.8283582089552239, -0.5217391304347827, -4.181818181818182, -3.285714285714286]","[1.212082551888891, 0.9746064947968415, 0.9587614484832546]","[1.487499410918863, 1.5211463365288413, 1.562614581148822]","[14.349636536030342, 2.8702639052434717, 2.2324881822088525, -3.949625668449198, 10.654081437583637]",0.031569955386433035,0.15362601914847063,0.0794643177213723,,0.16057754039797634,-0.3856707334802095,0.2102102532115151,0.6867381588878091,0.4444444444444444,2.2236475055658462,0.47492397230176453,-0.4923780682823047,7.0,10.0,3.0,8.0,8.0,22.0,0.0,0.0,0.0
BEARDSELL.NS,22.55,88.930432,57.0,watchlist,True,True,,True,48.57142857142857,889304320.0,22.55,2.65,0.08879784942988067,,0.18291362762390553,0.03269,0.03839,0.33205003,24.168,6.464095184613225,,,,2.303390141744126,2735655000.0,0.05749030301468583,114361000.0,0.10423203474803189,1.8130367954645488,8.509434,0.9582928026561596,0.96739596,4.323,0.194,0.44,38468,52.68,0.0,"[722000000.0, 717800000.0, 665900000.0, 710100000.0, 656600000.0]","[22600000.0, 43800000.0, 21000000.0, 20500000.0, 29000000.0]","[0.57, 1.11, 0.53, 0.52, 0.73]","[-0.005817174515235446, -0.07230426302591253, 0.06637633278270005, -0.07534150119701455]","[0.9380530973451326, -0.5205479452054795, -0.023809523809523836, 0.41463414634146334]","[0.9473684210526319, -0.5225225225225225, -0.018867924528301883, 0.40384615384615374]","[0.24180314055750712, 0.3602188081936685, 0.3543180978193914]","[1.3548134387993849, 1.2200088534749889, 1.22903495168794]","[4.88135593220339, 9.385964912280702, 4.705263157894737, 5.363636363636363, 5.454545454545454]",-0.10529957423628955,-0.17774631701074983,-0.09093268967784751,,-0.10028718375482759,-0.38010216440810307,0.11551076581140385,0.3019305901062731,0.42857142857142855,1.1038194753740276,0.06707911703367234,-0.4442923774554578,10.0,8.0,10.0,9.0,10.0,10.0,0.0,0.0,0.0
CENTEXT.NS,17.85,142.8,57.0,watchlist,True,True,,True,56.19047619047619,1428000000.0,17.85,1.43,0.22241806306189393,,0.2803947958725886,0.062080003,0.02414,0.20101,82.304,2.5278058645096055,,,,0.3691886964448496,4785600000.0,0.08757845047839119,109700000.0,0.22483456058697682,2.567236110696566,12.482518,0.5612187170484619,1.7224742,6.036,0.122,0.0,151017,52.04,0.0,"[1383600000.0, 1422200000.0, 1225300000.0, 1096600000.0, 1041500000.0]","[37700000.0, 29500000.0, 29000000.0, 27600000.0, 23600000.0]","[0.427693, 0.336694, 0.327594, 0.318494, 0.272995]","[0.027898236484533045, -0.1384474757418085, -0.10503550150983432, -0.050246215575414865]","[-0.2175066312997348, -0.016949152542372836, -0.0482758620689655, -0.14492753623188404]","[-0.21276710163598656, -0.027027508657712973, -0.027778286537604502, -0.14285669431763237]","[0.8230398069963811, 0.5790131878126421, 0.6257683500060263]","[1.3579857578840284, 1.3108278792054198, 1.3632972322503008]","[2.3567567567567567, 3.9935064935064934, 2.0828571428571427, 2.1821192052980134, 2.1760299625468167]",-0.11589896437301461,-0.06495546156138021,-0.139344234404137,,-0.04574681564391703,-0.474226804702898,0.08050846772713083,0.5714690107253183,0.42857142857142855,1.183315868190622,0.5480656813304902,-0.5134020593072488,7.0,8.0,15.0,6.0,8.0,13.0,0.0,0.0,0.0
GLOBE.NS,2.13,95.9392064,57.0,watchlist,True,True,,True,49.523809523809526,959392064.0,2.13,0.23,-0.054827391525058555,,0.1784534612623263,0.045250002,0.01572,0.10742,114.163,1.8732706621749378,,,,-1.842447656241776,5468264000.0,0.13100974179755864,94997000.0,0.22755903086210028,1.7369626696443181,9.26087,,0.6406015,7.233,0.51,0.0,1595041,34.35,0.0,"[1594603000.0, 1565599000.0, 1482779000.0, 1228485000.0]","[20185000.0, 44638000.0, 13952000.0, 662000.0]","[0.04, 0.1, 0.03]","[-0.01818885327570563, -0.05289988049302541, -0.1714982475473419]","[1.2114441416893733, -0.6874411936018638, -0.9525516055045872]","[1.5, -0.7]","[1.0762413659140444, 1.014436630095881]","[1.3130907870015431, 1.3347664511570332]","[1.9636862917398945, 2.0271031500926497, 1.5717328394490102, 1.3121686746987953]",0.12698419606484457,0.004717089349841386,-0.1513943734924893,,-0.050185089807843974,-0.3238095079509945,0.21022734430826429,0.439150775890729,0.4603174603174603,2.0906509888748297,0.20452026521517994,-0.4412698612131434,10.0,2.0,14.0,4.0,10.0,17.0,0.0,0.0,0.0
SURANAT&P.NS,15.7,213.1431424,57.0,watchlist,True,True,,True,64.76190476190476,2131431424.0,15.7,2.2,0.5975121593014006,,0.11595394637832787,0.042129997,0.54518,0.23121999,34.438,14.595524348353203,,,,-1.3341728048205688,607950000.0,0.2962404204514215,216406000.0,0.601278970228138,2.0296992871934494,7.1363635,0.11943461549541846,1.3240007,-108.123,0.415,0.0,43601,72.05,0.1599999999999966,"[34964000.0, 238642000.0, 234204000.0, 93667000.0, 41436000.0]","[106635000.0, 173420000.0, 40275000.0, 7585000.0, 26780000.0]","[0.785467, 1.13, 0.27, 0.01, 0.19726]","[5.8253632307516305, -0.01859689409240617, -0.6000623388157333, -0.5576243500912808]","[0.6262953064190933, -0.7677603505939338, -0.8116697703289882, 2.5306526038233357]","[0.4386345957245814, -0.7610619469026548, -0.962962962962963, 18.726]","[0.3654724315555902, 0.04049979416313406, 0.041105122586428816]","[2.2770578045807404, 2.0094476069158604, 8.897290302133953]","[8.520590232759153, 13.431695783528175, 11.64922933208781, 3.753846153846154, 23.173945225758697]",-0.05250452031274533,-0.14720261057079354,-0.16177254709155298,,-0.0876079103936882,-0.32675814688155036,0.003194900444320803,0.23994595956089665,0.3968253968253968,0.5992282626139988,0.06881522916837692,-0.32890223742139546,7.0,10.0,20.0,9.0,6.0,5.0,0.0,0.0,0.0
UMESLTD.NS,4.49,12.0021792,57.0,watchlist,True,True,,True,51.42857142857142,120021792.0,4.49,0.14,0.9574338205844317,,0.18213643315998776,0.2375,0.44922,0.73060995,9.177,9.30803543512246,,,,1.1303420483336335,8800000.0,0.1031721369822034,3943010.0,0.8401330574402703,8.143022738641038,32.071426,0.3349727710728156,5.113895,19.929,-0.514,0.0,35490,39.83,0.0,"[1200000.0, 3225000.0, 2025000.0, 2225000.0, 1325000.0]","[198000.0, 1955000.0, 833000.0, 911000.0, 244000.0]","[0.01, 0.07, 0.03, 0.03, 0.01]","[1.6875, -0.37209302325581395, 0.09876543209876543, -0.4044943820224719]","[8.873737373737374, -0.5739130434782609, 0.09363745498199272, -0.7321624588364435]","[6.000000000000001, -0.5714285714285715, 0.0, -0.6666666666666666]","[0.09177118384827164, 0.02888955353744086, 0.3920454794688798]","[0.2991479466989867, 0.27884528642309425, 0.2208322695940771]","[3.433734939759036, 21.925531914893618, 9.4, 7.917293233082707, 2.5792682926829267]",-0.10200004577636723,-0.23509372084246327,-0.3473837650534647,,-0.14468775973775594,-0.3502170954750844,0.13959383398733038,0.6386636534009761,0.42857142857142855,1.1533368818088414,0.02212607689188957,-0.40955137282179954,15.0,5.0,18.0,10.0,0.0,9.0,0.0,0.0,0.0
AIRAN.NS,15.69,196.1563776,56.0,watchlist,True,True,,True,42.857142857142854,1961563776.0,15.69,1.21,0.05394220775828584,,0.09273794948143747,0.083850004,0.13878,0.32463002,0.621,131.08171521035598,,,,0.30576040302934887,1122374000.0,0.04845082006058288,120686000.0,0.05224921423394657,1.0783969016131034,12.966942,2.4038582288112225,1.4622554,13.16,0.613,0.0,73492,72.21,0.0,"[265533000.0, 309707000.0, 292980000.0, 262698000.0, 256989000.0]","[67301000.0, 4709000.0, 77414000.0, 7523000.0, 31507000.0]","[0.52, 0.0, 0.62, 0.0, 0.25]","[0.16635973683120375, -0.054009111837962975, -0.10335859103010447, -0.021732179156293552]","[-0.9300307573438731, 15.439583775748567, -0.9028211951326633, 3.1880898577695067]","[-1.0, inf, -1.0, inf]","[0.006568932466786945, 0.007200779600805516, 0.01579480953440203]","[5.325785055731388, 4.976629031225322, 4.997187895830934]","[219.265625, 61.16019417475728, 289.4114114114114, 42.422641509433966, 98.42824074074075]",0.06013509312017429,-0.0012731036101277793,0.003838737396229863,,0.040280068656423085,-0.3698795252708761,0.22291501743447495,0.3121870087756767,0.4126984126984127,1.941046875440673,0.2480707563236332,-0.4847389509934721,7.0,10.0,6.0,9.0,7.0,17.0,0.0,0.0,0.0
BTML.NS,7.2,130.8224,56.0,watchlist,True,True,,True,54.285714285714285,1308224000.0,7.2,0.45,0.10849096651949641,,0.16828188764288277,0.05554,0.05163,0.16174,41.589,4.013477524009361,,,,-5.756359817551999,1155019000.0,0.3942870577570392,63799000.0,0.25132273069401334,0.6374105508907653,16.0,1.4747771647075072,1.4007782,9.592,0.044,0.0,458872,24.27,0.0,"[301038000.0, 349619000.0, 390152000.0, 234018000.0, 181230000.0]","[6315000.0, 18710000.0, 14459000.0, 26339000.0, 4289000.0]","[0.04, 0.11, 0.13, 0.17, 0.03]","[0.1613782977564293, 0.11593477471190061, -0.4001876191843179, -0.22557239186729228]","[1.962787015043547, -0.22720470336718335, 0.8216335846185767, -0.8371616234481187]","[1.75, 0.18181818181818188, 0.3076923076923077, -0.8235294117647058]","[0.4382560544624389, 0.3229095539750497, 0.6592231972529569]","[1.5496531753147251, 1.680946890332973, 1.4638347763347763]","[2.346719414794357, 3.7124244230605465, 4.953785156733986, 7.8145030754289415, 1.7113163972286374]",-0.1539365904093314,0.19800325042661449,0.1410459389154215,,0.04460829040132119,-0.21139104939583742,0.318681274535062,0.7370527335890322,0.38095238095238093,0.9321629296070262,0.4117131663175559,-0.40197152577129847,7.0,2.0,17.0,9.0,7.0,14.0,0.0,0.0,0.0
HYBRIDFIN.NS,17.6,51.8078464,56.0,watchlist,True,True,,True,56.19047619047619,518078464.0,17.6,0.87,0.7556838005900193,,0.05102913927048881,0.40492,0.44055998,1.0,1.585,771.8857142857142,,,,0.27291581793266917,36573000.0,0.14044264919063898,27001000.0,0.746780041694401,5.31733092474431,20.229885,0.267703039078051,1.1711472,,-2.556,0.0,14360,64.01,0.0,"[10716000.0, 11612000.0, 12322000.0, 15193000.0, 9713000.0]","[5822000.0, 4408000.0, 4368000.0, 10854000.0, 7371000.0]","[0.2, 0.15, 0.15, 0.37, 0.25]","[0.0836132885405001, 0.06114364450568388, 0.2329978899529297, -0.3606924241426973]","[-0.24287186533837168, -0.00907441016333943, 1.48489010989011, -0.32089552238805974]","[-0.2500000000000001, 0.0, 1.4666666666666668, -0.32432432432432434]","[0.0, 0.016040219705180762, 1.5308778053335782e-05]","[16.194924445087125, 8.697005516154451, 12.660175501863204]","[307.42105263157896, 52.25581395348837, 190.91304347826087, 678.1875, 388.94736842105266]",0.06024096247107802,-0.11111105759403184,-0.11911907984459402,,-0.05929534226274691,-0.47650205411582813,0.13475178089913964,0.3518844767594674,0.5079365079365079,0.31113656661978767,0.016773853610458373,-0.5386674383807801,10.0,8.0,18.0,10.0,5.0,5.0,0.0,0.0,0.0
BAIDFIN.NS,10.29,166.7928832,55.0,watchlist,True,True,,True,49.523809523809526,1667928832.0,10.29,1.08,0.06328779143808716,,0.04421327512840611,0.49748,0.28607,0.70817,122.59,,,,,-2.221684285036962,956579000.0,0.21503271753563236,149749000.0,0.12997303069991228,0.604433744731775,9.527778,1.5054685561781347,0.68463075,,0.102,0.97,85078,49.73,2.3399999999999963,"[216365000.0, 250079000.0, 246225000.0, 238319000.0, 237766000.0]","[43442000.0, 16570000.0, 47506000.0, 45512000.0, 40161000.0]","[0.28, 0.07, 0.37, 0.374764, 0.33]","[0.15582002634437186, -0.015411130082893854, -0.032108843537414944, -0.0023204192699700643]","[-0.6185718889553888, 1.8669885334942666, -0.041973645434260964, -0.1175733872385305]","[-0.75, 4.285714285714286, 0.012875675675675602, -0.11944583791399377]","[1.22590272945179, 1.4261225169603777, 1.4263650281990112]","[36.15676496859637, 44.745557709393424, 32.15053416294905]",[],0.029020408272258713,-0.009236725902417753,0.03516999142590782,,0.0637146747434898,-0.1665512258088836,0.1420995177604285,0.46465101155814376,0.4126984126984127,1.7750262238762948,0.1928279676334572,-0.2702485543243667,7.0,7.0,13.0,4.0,8.0,18.0,-2.0,0.0,0.0
DRCSYSTEMS.NS,13.0,187.305728,55.0,watchlist,True,True,,True,70.47619047619048,1873057280.0,13.0,1.48,0.3653849621910632,,0.1879718161499016,0.20155,0.2035,0.35539,0.371,40.85250569476082,,,,2.4712322651314182,955047000.0,0.5504311799769712,192629000.0,0.4223609639084156,0.7673274684876794,8.783784,0.24039807077246048,1.6643196,6.161,0.602,0.0,71678,20.63,0.0,"[233840000.0, 271990000.0, 271830000.0, 228320000.0, 182920000.0]","[55550000.0, 58180000.0, 54550000.0, 43010000.0, 43470000.0]","[0.39, 0.42, 0.37, 0.31, 0.33]","[0.1631457406773862, -0.0005882569212103395, -0.16006327484089322, -0.198843728100911]","[0.04734473447344745, -0.06239257476796145, -0.2115490375802016, 0.010695187165775444]","[0.07692307692307687, -0.11904761904761907, -0.16216216216216217, 0.06451612903225823]","[0.003702476225340149, 0.043469646536693614, 0.00789114340299173]","[0.48543846593871653, 1.2616920786488013, 0.9221619197129401]","[44.52985074626866, 18.720588235294116, 33.70987654320987, 319.53333333333336, 445.72727272727275]",-0.031296577787347735,-0.07010011261270477,-0.19053546498750307,,-0.06545579645089772,-0.3652343608118823,0.05777054844188312,0.3573787910209642,0.3968253968253968,1.0297456580924076,0.07594279808691025,-0.39990233219941707,7.0,2.0,18.0,10.0,8.0,10.0,0.0,0.0,0.0
PATINTLOG.NS,13.2,84.725184,55.0,watchlist,True,True,,True,43.80952380952381,847251840.0,13.2,1.5,0.07531488604643832,,0.0807421915583791,0.01644,0.026619999,0.04777,5.065,54.164171399070725,,,,0.8331055207170358,3566966000.0,0.08682488482281037,95839000.0,0.25086364103154124,2.889305773840026,8.8,1.1684277122286315,0.7416147,6.1,0.685,1.54,153021,35.01,-1.1400000000000006,"[1136851000.0, 965758000.0, 882306000.0, 939679000.0, 778234000.0]","[25139000.0, 29787000.0, 26880000.0, 22788000.0, 16395000.0]","[0.36, 0.43, 0.39, 0.32, 0.24]","[-0.15049729472024043, -0.08641088140093067, 0.06502619272678634, -0.17180867083333773]","[0.184892000477346, -0.09759290965857592, -0.15223214285714282, -0.2805423907319642]","[0.19444444444444442, -0.09302325581395343, -0.17948717948717952, -0.25]","[0.05065006886511425, 0.10698325530706786, 0.10743620957076314]","[3.33790435584512, 2.762144303031713, 2.8512712806701095]","[37.49640287769784, 64.71034482758621, 32.47010550996483, 21.641304347826086, 16.932944606413994]",0.005585892856143859,-0.13416915863319712,0.27444371315575666,,-0.021529026528546935,-0.17216299076778796,0.6215983516432662,0.3079276116233107,0.4126984126984127,0.7543568796412499,0.1454031122628689,-0.4283736463896256,10.0,5.0,12.0,9.0,10.0,9.0,0.0,0.0,0.0
PNC.NS,17.34,25.0857776,55.0,watchlist,True,True,,True,40.95238095238095,250857776.0,17.34,-9.63,0.47531619935405645,,-0.2602810820401736,-0.56779,-0.77212,0.12821001,2.364,-128.4905109489051,,,,0.5076638435650829,376574000.0,0.2725005486268981,-125394000.0,0.475278856850861,1.74413908245595,,,0.4106572,-35.003,0.594,0.0,11685,59.71,0.0,"[15754000.0, 24862000.0, 97676000.0, 42094000.0, 211942000.0]","[-7711000.0, -20622000.0, -101808000.0, -9139000.0, 6175000.0]","[-0.53, -1.43, -7.04, -0.63, 0.43]","[0.5781388853624476, 2.928726570670099, -0.5690445964208198, 4.034969354302276]","[1.6743613020360524, 3.9368635437881876, -0.9102329875844727, -1.6756756756756757]","[1.6981132075471694, 3.9230769230769234, -0.9105113636363636, -1.6825396825396826]","[0.023625163607460337, 0.020095241864927983, 0.030751601603438504]","[18.862378227926396, 9.39612387497484, 4.740959840026663]","[-20.764204545454547, -58.022408963585434, -425.35555555555555, -23.704109589041096, 22.4375]",0.06055044330397563,-0.1557936037150024,-0.2500000206244438,,-0.11197914530759023,-0.44636014299025006,0.07235621959020433,0.38504846054509445,0.4603174603174603,1.6114142871584676,0.03695567712895394,-0.4837164676292728,13.0,8.0,20.0,3.0,5.0,13.0,-7.0,0.0,0.0
PRITIKAUTO.NS,16.27,270.9161216,55.0,watchlist,True,True,,True,47.61904761904761,2709161216.0,16.27,1.3,-0.10710766886058842,,0.12491285379796035,0.09287,0.04247,0.46967998,70.81,2.821198633560093,,,,3.3779363451641693,4829455000.0,0.1008193504376651,210636000.0,0.12422133962500648,1.2321180317642537,12.515386,,1.0846667,6.606,0.249,0.0,422829,57.6,0.0,"[1449684000.0, 1384614000.0, 1134284000.0, 1164453000.0, 1146104000.0]","[62412000.0, 43705000.0, 52400000.0, 59501000.0, 55030000.0]","[0.37, 0.26, 0.31, 0.36, 0.33]","[-0.04488564404380546, -0.18079406968295852, 0.02659739536130279, -0.01575761323127678]","[-0.29973402550791517, 0.19894748884566993, 0.1355152671755726, -0.07514159425891997]","[-0.29729729729729726, 0.1923076923076923, 0.16129032258064502, -0.08333333333333326]","[0.7698119193741882, 0.706598292032172, 0.7149515524047717]","[1.3155318710133612, 1.4034763340952483, 1.4492917630173032]","[2.376273787087843, 2.1213051955895295, 2.433669636148975, 2.5396930333946792, 2.5314513295068526]",-0.0006142646474234237,-0.042941149543313406,0.25346695158361365,,-0.03154481378425744,-0.1860930143045424,0.5436433127750466,0.43314447975519377,0.42857142857142855,1.2092505644089881,0.5230635370431185,-0.37780403603515156,7.0,8.0,12.0,6.0,8.0,14.0,0.0,0.0,0.0
AFIL.NS,7.76,331.1579648,54.0,watchlist,True,True,,True,60.0,3311579648.0,7.76,1.03,0.4276708645770533,,0.0748572718010056,0.62251,0.48816,1.0,118.754,629.4912689173458,,,,-3.9366608855094585,1407380000.0,0.29426968979393675,423214000.0,0.4284940261240384,1.4561269508391865,7.533981,0.17616306426323336,0.7812343,,0.893,0.0,617787,39.02,-0.509999999999998,"[410701000.0, 405369000.0, 372639000.0, 341609000.0, 306108000.0]","[115741000.0, 122737000.0, 103910000.0, 100431000.0, 96135000.0]","[0.27, 0.29, 0.24, 0.24, 0.23]","[-0.012982680831066906, -0.0807412505643007, -0.08327094050810568, -0.10392290601242937]","[0.060445304602517735, -0.15339302736746052, -0.03348089693003564, -0.04277563700451059]","[0.07407407407407396, -0.1724137931034483, 0.0, -0.04166666666666663]","[1.1875430997772671, 0.9575020003741993, 0.7372278567518945]","[1.761430035443726, 237.68747154101345, 85.43391176048155]",[],-0.1664876606738841,-0.2089704488325559,-0.12018134950326753,,-0.11420073673263864,-0.28872590857803404,0.5901639440372981,0.3437786244356189,0.2857142857142857,0.5469646068113224,0.43151942572371244,-0.454138664038764,7.0,5.0,20.0,8.0,8.0,6.0,0.0,0.0,0.0
CREATIVEYE.NS,5.94,11.9146008,54.0,watchlist,True,True,,True,39.04761904761905,119146008.0,5.94,-2.28,1.3857340829728506,,-0.3016193026331863,0.120129995,0.0,-0.15857,45.361,-6.464213701977055,,,,0.3623008187134322,4215768.0,-0.40102689215624954,-51788939.0,1.4050159687661092,-3.503545513398343,,,0.7877984,-8.786,0.204,0.0,28387,56.26,0.0,"[3005000.0, 4216000.0, 0.0, 0.0, 0.0]","[-1029000.0, -1368000.0, -36811000.0, -6487000.0, -7123000.0]","[-0.05, -0.07, -1.84, -0.32, -0.36]","[0.40299500831946755, -1.0]","[0.3294460641399417, 25.908625730994153, -0.8237755018880226, 0.09804223832279946]","[0.40000000000000013, 25.285714285714285, -0.8260869565217391, 0.125]","[0.45360835397256916, 0.33058161753655235, 0.2876256147788565]","[2.714106831529455, 2.9535986168818495, 3.154535933966423]","[0.25971223021582734, 0.024251069900142655, -24.923239436619717, -2.149029126213592, -2.4510658914728682]",-0.04038772175912697,-0.07476635722262714,-0.08895704377343183,,-0.052580310693868815,-0.25935165608746213,0.07027024379866864,0.5372885210489544,0.4603174603174603,1.437927454733268,0.01682019446088314,-0.30798006559186075,15.0,8.0,11.0,5.0,5.0,14.0,-4.0,0.0,0.0
DBEIL.NS,6.53,304.1730304,53.0,watchlist,True,True,,True,53.333333333333336,3041730304.0,6.53,0.6,0.22821633257225993,,0.11223315207209458,0.11359,0.05124,0.20491,39.766,3.562997417005824,,,,-0.5663710118757896,5542811000.0,0.08541383034160122,396521000.0,0.22833822592576847,2.673316780345293,10.883333,0.47688668367124953,0.6840562,48.46,,0.0,267195,71.84,-0.18999999999999773,"[898556000.0, 2362466000.0, 1663781000.0, 450521000.0, 1066043000.0]","[28783000.0, 145131000.0, 51665000.0, 49826000.0, 149899000.0]","[0.06, 0.31, 0.111, 0.107, 3.22]","[1.6291805964235953, -0.29574393874874816, -0.7292185690304193, 1.3662448587302256]","[4.042247159781816, -0.6440112725744327, -0.035594696603116205, 2.0084494039256615]","[4.166666666666667, -0.6419354838709677, -0.03603603603603611, 29.093457943925237]","[0.3976593218226645, 0.3545412787820446, 0.32718707937520636]","[2.5009108847455006, 2.5246971267074896, 2.7483647345360356]","[1.5207611988747025, 3.837021300864011, 1.9629485179407176, 2.1918698897340434, 4.563509570910126]",0.015552159275183719,-0.19382717255829363,-0.009555547696264655,,-0.08767652406667692,-0.6236094380385477,0.21714827369831902,0.4605799913093749,0.30158730158730157,0.706597061109087,0.21897583124362469,-0.6907603041511243,7.0,10.0,15.0,10.0,8.0,5.0,-2.0,0.0,0.0
LIBAS.NS,11.24,29.6113088,53.0,watchlist,True,True,,True,36.19047619047619,296113088.0,11.24,1.3,-0.36615073135429066,,0.016718919306060304,0.05244,0.02619,0.17274,16.922,1.205279813457695,,,,-34.0271186440678,780803000.0,-0.013594618382098744,2065000.0,-0.6997492181102514,51.47251643574446,8.646154,,0.3624053,5.219,0.315,0.0,146846,31.93,0.379999999999999,"[171435000.0, 218839000.0, 313350000.0]","[-6292000.0, 13920000.0, 15094000.0]","[0.3, 0.69, 0.52]","[0.27651296409717974, 0.4318745744588488]","[-3.2123331214240305, 0.08433908045977012]","[1.2999999999999998, -0.24637681159420277]",[0.15528759463634387],[3.58488761883827],"[-0.5833121343169677, 8.912290502793295, 6.103172334952844]",0.07456976387443404,0.0026761581506782317,0.056390921845406394,,0.039587026272528636,-0.12324492677983012,0.18816064754687445,0.4214744619058887,0.4444444444444444,2.802783450809105,0.16978652381989479,-0.25741024302776283,13.0,2.0,2.0,6.0,10.0,22.0,-2.0,0.0,0.0
NAVKARURB.NS,0.86,96.499776,53.0,watchlist,True,True,,True,60.952380952380956,964997760.0,0.86,0.06,0.35720880829745316,,0.026627900899228337,0.63837004,0.13346,0.70567,3.591,30.928786865818214,,,,0.287474807481471,233634927.95,0.25176778766574337,29382364.02,0.31736262947643423,1.2605370703649235,14.333334,0.4012592541689066,1.4006515,16.497,0.083,0.6,769528,35.0,0.0,"[5041000.0, 144146000.0, 52980000.0, 19428000.0, 17081000.0]","[2904000.0, -1295000.0, 26175000.0, 1790000.0, 2712000.0]","[0.0, 0.0, 0.06, 0.0, 0.002]","[27.59472326919262, -0.6324559821292302, -0.6332955832389581, -0.12080502367716695]","[-1.4459366391184574, -21.212355212355213, -0.9316141356255969, 0.5150837988826815]","[inf, -1.0, inf]","[0.035907082381130564, 0.038225545221854354, 0.039517279048824225]","[2.83451665823512, 2.986276034207619, 3.032971831271842]","[10.248407643312103, 33.177083333333336, 73.70833333333333, 3.925566343042071]",-0.05955199224927876,-0.05955199224927876,0.08151514899385859,,-0.0988395872549036,-0.651124137893681,0.20168350889040054,0.3560249718972696,0.30158730158730157,0.535767060489938,0.0501144491615817,-0.7096774154548722,10.0,5.0,20.0,10.0,6.0,4.0,-2.0,0.0,0.0
NILASPACES.NS,11.32,445.8825728,53.0,watchlist,True,True,,True,53.333333333333336,4458825728.0,11.32,0.79,,,0.267553763285618,0.35516,0.16322,0.44731998,46.031,2.5977707554839977,,,,-1.0141192957869842,1850184000.0,4.67784103508474,285425000.0,,,14.329113,,2.539825,8.035,0.919,0.0,859510,61.9,0.0,"[466685000.0, 498018000.0, 522003000.0, 421835000.0, 408328000.0]","[84686000.0, 91956000.0, 80406000.0, 54606000.0, 58608000.0]","[0.21, 0.24, 0.2, 0.14, 0.15]","[0.06713950523372292, 0.048160909846632016, -0.1918916174811256, -0.03201962852774187]","[0.08584653897928818, -0.12560354952368524, -0.32087157674800393, 0.0732886495989451]","[0.1428571428571428, -0.16666666666666663, -0.29999999999999993, 0.0714285714285714]","[0.3851210612705241, 0.6254507381753259, 0.06842836237786047]","[2.6944848759027415, 2.355720288727719, 1.8291239295329056]","[2.3837729854625973, 2.802571372849063, 2.5227859638462706, 2.452574474874702, 2.594236515175342]",-0.0744071857296007,-0.10158735300738164,-0.17492715200393594,-0.33801172852071737,-0.04891040007134817,-0.4113364553149763,0.02909088134765625,0.33562154109374365,0.3968253968253968,1.478726686907249,1.361899420651927,-0.4279771054679511,7.0,8.0,7.0,8.0,6.0,17.0,0.0,0.0,0.0
AEPL.NS,15.2,381.5760896,52.0,watchlist,True,True,,True,39.04761904761905,3815760896.0,15.2,0.35,0.1186889420813968,,0.12448806370484038,0.11833999,0.11247,0.19166,1.803,58.12249877989263,,,,1.6775860287279116,805602000.0,0.11435118517023324,87093000.0,0.11538349131663805,1.0090275071908352,43.42857,3.659024104386803,4.0926223,29.281,1.428,0.0,25771,72.45,0.0,"[162748000.0, 407508000.0, 42581000.0, 157966000.0, 197547000.0]","[12712000.0, 30582000.0, 8005000.0, 35393000.0, 13114000.0]","[0.05, 0.12, 0.03, 0.14, 0.05]","[1.5039201710620098, -0.8955087998272426, 2.709776660952068, 0.2505665776179684]","[1.405758338577722, -0.7382447191158197, 3.421361648969394, -0.6294747548950357]","[1.4, -0.75, 3.666666666666667, -0.6428571428571428]","[0.018029373139878988, 0.023005150308170567, 0.028755435705693617]","[1.5276329286140402, 1.4929675053390434, 1.4901469536803418]","[53.95238095238095, 94.7471783295711, 21.070564516129032, 87.75506445672191, 32.5958904109589]",-0.11059100798407873,-0.11266780187133962,-0.08433738192966456,,0.015506839222637181,-0.22685656524733155,0.08649035439192598,0.5965246761665551,0.4126984126984127,0.811781720366079,0.06301550337134361,-0.2838250237545431,7.0,10.0,14.0,10.0,0.0,11.0,0.0,0.0,0.0
GOYALALUM.NS,5.94,84.7832768,52.0,watchlist,True,True,,True,38.095238095238095,847832768.0,5.94,0.33,0.13617128057248995,,0.09247473707144561,0.028870001,0.04541,0.05605,42.441,7.529209508799846,,,,-0.22468196173487093,755519140.0,0.046137721103381546,30834340.0,0.12420341241067123,2.6920144610603245,18.0,1.3218646343285148,3.3769188,31.95,0.426,0.0,102327,69.94,0.0,"[194995000.0, 285114000.0, 170316000.0, 121418000.0, 178671000.0]","[9240000.0, 20192000.0, 4384000.0, 5375000.0, 5026000.0]","[0.06, 0.14, 0.03, 0.1, 0.04]","[0.46216056821969786, -0.40263894442223114, -0.28710162286573193, 0.4715363455171391]","[1.1852813852813853, -0.7828843106180665, 0.2260492700729928, -0.06493023255813957]","[1.3333333333333335, -0.7857142857142858, 2.3333333333333335, -0.6000000000000001]","[0.4368447671591339, 0.05731490385607508, 0.004106152596006005]","[1.8687334692311435, 2.1420238581212865, 8.333057963756241]","[3.978052126200274, 10.555502620295378, 10.11605415860735, 18.223039215686274, 10.440613026819923]",-0.05863706638895749,-0.13157895837574207,-0.09312978866432164,,-0.08204805571131679,-0.42553191783717736,0.09191176373911158,0.2052516154877832,0.38095238095238093,1.0212568818471042,0.04652836904840708,-0.47388781654331613,10.0,10.0,12.0,9.0,3.0,10.0,-2.0,0.0,0.0
LATTEYS.NS,22.35,128.503168,52.0,watchlist,True,True,,True,46.666666666666664,1285031680.0,22.35,0.62,0.19866105802463507,,0.20386286646684285,0.05467,0.03159,0.22775999,91.364,5.826439578264396,,,,-3.1475898531975925,1168448000.0,0.305790514503971,35558000.0,0.38846888836130367,1.2703758616955367,36.048386,1.8145673016364283,5.4194956,18.125,1.638,0.0,53586,74.37,3.950000000000003,"[389079000.0, 339221000.0, 204901000.0, 235565000.0, 244384000.0]","[13881000.0, 9360000.0, 5790000.0, 6557000.0, 4919000.0]","[0.24, 0.16, 0.1, 0.11, 0.09]","[-0.12814364177968995, -0.39596605163005827, 0.14965275913733955, 0.03743764990554621]","[-0.32569699589366763, -0.3814102564102564, 0.13246977547495686, -0.24980936403843224]","[-0.33333333333333326, -0.375, 0.09999999999999987, -0.18181818181818188]","[0.9136344958867579, 0.3675561250069634, 0.4350117067159581]","[1.3190334725572093, 1.6310891964394587, 1.521622433901305]","[3.912021951637798, 5.870620881026708, 5.188950276243094, 5.326765977895243, 4.899523809523809]",0.06530032741303704,0.08600585346576284,0.14380754013729002,,-0.027627478922666815,-0.3527367167220956,0.41455696909268336,0.4561016413556511,0.3968253968253968,0.6083134284119296,0.0986893813802147,-0.5424268534811516,7.0,10.0,19.0,8.0,0.0,8.0,0.0,0.0,0.0
NARMADA.NS,12.02,91.1991104,52.0,watchlist,True,True,,True,48.57142857142857,911991104.0,12.02,0.48,0.41274792367276714,,0.09942853734389989,0.040149998,0.0401,0.11101,17.02,7.548301886792453,,,,-0.33642703445415184,783936000.0,0.16152423743258382,38573000.0,0.80842654941888,5.004986014908735,25.104168,0.6082203340143988,1.5407237,22.383,0.023,0.0,609836,50.3,0.0,"[222628000.0, 340047000.0, 213535000.0, 119534000.0, 110819000.0]","[7538000.0, 7983000.0, 10135000.0, 10265000.0, 10190000.0]","[0.1, 0.105, 0.135, 0.135, 0.135]","[0.5274224266489391, -0.3720426882166289, -0.4402135481302831, -0.07290812655813406]","[0.05903422658530122, 0.269572842289866, 0.012826837691169324, -0.007306380905991228]","[0.04999999999999982, 0.2857142857142858, 0.0, 0.0]","[0.17020240322227279, 0.1819393696599645, 0.1694336995064986]","[5.0877340414803855, 5.178388730476231, 6.211412802131574]","[6.953900709219858, 6.741444866920152, 8.0382894082546, 7.955882352941177, 6.7654530059271805]",-0.10806809869816048,-0.30205614730808084,-0.29573350316278746,,-0.17972321395298618,-0.4467401372432753,0.1744639300118327,0.4879002728991835,0.3333333333333333,0.23566239888998688,0.6032847813353014,-0.4467401372432753,10.0,8.0,18.0,9.0,3.0,4.0,0.0,0.0,0.0
ATALREAL.NS,12.4,153.6313472,50.0,watchlist,True,True,,True,59.04761904761905,1536313472.0,12.4,0.85,0.5486021041953766,,0.0998233536610345,0.14325,0.05673,0.14532,4.415,7.758790674799746,,,,-2.994565237316723,1200536330.0,0.4349700217117074,64915990.0,0.4615661384450125,1.0611447120623239,14.588235,0.2659164973746549,0.829265,13.161,0.75,0.0,7195201,30.15,0.0,"[109724000.0, 602039000.0, 295120000.0, 197370000.0, 106008000.0]","[10008000.0, 30775000.0, 17123000.0, 10418000.0, 6601000.0]","[0.08, 0.48, 0.21, 0.09, 0.06]","[4.486848820677336, -0.5097991990552107, -0.33122119815668205, -0.46289709682322544]","[2.0750399680255796, -0.4436068237205524, -0.3915785785201191, -0.36638510270685354]","[5.0, -0.5625, -0.5714285714285714, -0.33333333333333337]","[0.14208047584448028, 0.23861886042047428, 0.23525353862215312]","[5.69561272017185, 3.282127060715722, 3.6936499122544904]","[4.457622739018088, 18.59552931252636, 4.8782294832826745, 5.667234042553192, 3.175]",-0.5270785681441781,-0.56152760546481,-0.4938775665906011,,-0.48078784197062474,-0.6567949279837335,0.030756433397501004,0.9099001329414703,0.6349206349206349,0.7317573677526724,8.733445513990407,-0.6670357216350131,7.0,2.0,19.0,10.0,9.0,3.0,0.0,0.0,0.0
CCAVENUE.NS,15.38,5353.8082816,50.0,watchlist,True,True,,True,51.42857142857142,53538082816.0,15.38,1.01,0.27268801999174586,,0.06456540408127524,0.0248,0.03089,0.05025,8.63,19.317496107800505,,,,1.9227185579386836,81158510000.0,0.6051662139310998,2790450000.0,0.2596938709158476,0.4291281716289182,15.227723,0.5584302163498395,0.9186477,11.136,-0.012,0.0,10601954,27.29,0.0,"[26804000000.0, 24895400000.0, 23811900000.0, 19649100000.0, 12802100000.0]","[761500000.0, 793800000.0, 718800000.0, 665200000.0, 612500000.0]","[0.24, 0.28, 0.26, 0.23, 0.21]","[-0.07120579018057005, -0.04352209645155325, -0.17482015294873576, -0.3484637973240504]","[0.04241628365068939, -0.09448223733938022, -0.07456872565386752, -0.07922429344558024]","[0.16666666666666674, -0.07142857142857151, -0.11538461538461542, -0.08695652173913049]","[0.09049789295525851, 0.01886557141144022, 0.04617369748304091]","[2.008104174884982, 1.7304886637504926, 1.5925085082366521]","[9.546351084812624, 9.557575757575757, 29.361022364217252, 29.018927444794954, 33.465020576131685]",-0.035131711460742565,-0.10163555137246094,0.01585203207898278,-0.11252162826600431,0.0032176141898501154,-0.23558650731015984,0.16958179168068166,0.4137888025164119,0.3968253968253968,0.8843108983825293,20.909925134778398,-0.34642151739436466,0.0,2.0,18.0,9.0,8.0,13.0,0.0,0.0,0.0
GAYAPROJ.NS,21.22,985.2424192,50.0,watchlist,True,True,,True,52.38095238095239,9852424192.0,21.22,111.48,,,1.7414983087287772,0.23932,1.7982401,0.23103,51.304,404.85395794019803,,,,0.24011438096529936,8468918000.0,-0.05925378790599667,20421230000.0,,,0.19034803,,0.654514,6.781,0.989,0.0,898026,23.56,19.619999999999997,"[2287735000.0, 1913371000.0, 5058447000.0, 731266000.0, 765834000.0]","[371174000.0, -1110017000.0, 21570849000.0, -33769000.0, -5833000.0]","[2.36, -5.93, 115.23, -0.18, -0.03]","[-0.16363958238170073, 1.6437355849963233, -0.8554366587215404, 0.04727144431711583]","[-3.9905569894443036, -20.432899676311262, -1.0015654923920705, -0.8272676123071456]","[-3.51271186440678, -20.43170320404722, -1.0015620932048945, -0.8333333333333334]","[0.5130420626065801, -2.506760178296853, -2.525437576120888]","[1.9347557740179546, 0.5202579454213039, 0.5316007916080987]","[18.01540295223251, -37.0923776843891, 522.4549436346665, 0.34183753020971386, 0.9083538894213395]",-0.024816218283426617,0.04070622602016494,0.36025633297806925,,0.10164485080887853,-0.1885277390857899,0.930846201573259,0.4745501055541134,0.4603174603174603,2.109650758145045,3.3365069144323636,-0.24782265131273684,4.0,4.0,0.0,9.0,10.0,23.0,0.0,0.0,0.0
MCLOUD.NS,24.89,1466.1880832,50.0,watchlist,True,True,,True,68.57142857142857,14661880832.0,24.89,1.86,0.135807106411181,,0.19405442176560375,0.20004,0.15428,0.41391,42.501,7.0922578601145565,,,,0.8057801717383674,6978764000.0,0.17749226764626558,1142319000.0,0.15633247585793275,0.880784712095158,13.38172,0.985347553130569,2.1258967,8.361,0.052,0.0,1909095,54.04,0.0,"[1802763000.0, 2055461000.0, 1639317000.0, 1644424000.0, 1639562000.0]","[237084000.0, 294899000.0, 291634000.0, 278254000.0, 277534000.0]","[0.4, 0.5, 0.5, 0.48, 0.47]","[0.14017261281710347, -0.20245774548872486, 0.0031153218078017186, -0.002956658380077193]","[0.24385871674174564, -0.01107158722138768, -0.04587942420979718, -0.0025875638804833123]","[0.25, 0.0, -0.040000000000000036, -0.02083333333333337]","[0.42529573168421797, 0.4681004654394031, 0.4959685390869958]","[1.9951120301423602, 1.657112321241436, 1.6629773474921807]","[5.673008876094518, 6.106154820508392, 5.834248883029371, 7.650542295511244, 7.357040890778162]",-0.05325224332921341,-0.1510914171652532,-0.047455025294451114,,-0.08057843459854941,-0.6713323876094931,0.25770582305125656,0.35698812321442663,0.4126984126984127,0.2649809864554065,3.697347281679354,-0.7386768778782125,4.0,8.0,14.0,10.0,8.0,6.0,0.0,0.0,0.0
MOKSH.NS,9.28,77.71904,50.0,watchlist,True,True,,True,55.23809523809524,777190400.0,9.28,1.33,0.10397069625246136,,0.23274761138965094,0.01631,0.01324,0.03024,19.056,2.6143906187738373,,,,-2.9440579571079017,4492011000.0,0.1774180160067036,62529000.0,0.10365658393561872,0.5842506092036456,6.977443,0.6710970736463466,0.6002587,6.212,0.274,0.0,95527,40.09,0.0,[],[],[],[],[],[],[],[],[],-0.07014026466661338,-0.20954004140603766,-0.13189896190450112,,-0.1018486423564664,-0.4170854467023656,0.075318610650144,0.3231799219890523,0.38095238095238093,0.7816611579944535,0.10374873553361415,-0.4579145682736758,10.0,5.0,13.0,7.0,10.0,5.0,0.0,0.0,0.0
DANGEE.NS,3.05,46.9623776,49.0,speculative,False,True,,True,29.523809523809526,469623776.0,3.05,-0.09,-0.27887521484629585,,0.020450810656936196,-0.023810001,-0.04736,0.47005,157.724,0.3344619616971749,,,,-2.888139968449735,289245000.0,0.042478592943503424,-13946000.0,0.3038971174580076,7.154123910417446,,,3.2071505,12.627,0.2,0.0,963340,55.68,0.0,"[70493000.0, 87463000.0, 70042000.0, 61374000.0, 65063000.0]","[-10626000.0, 2310000.0, -776000.0, -4854000.0, -1663000.0]","[-0.07, 0.02, -0.01, -0.03, -0.01]","[0.24073312243768874, -0.199181368121377, -0.12375431883726906, 0.060106885651904696]","[-1.2173913043478262, -1.335930735930736, 5.255154639175258, -0.6573959620931191]","[-1.2857142857142856, -1.5, 2.0, -0.6666666666666666]","[1.5772354906227908, 1.2184574230940703, 1.1622550291402212]","[0.42835393252487236, 0.48815039305163666, 0.42733680147675784]","[-0.8728829331844408, 1.519319938176198, 0.8367523213128913, 0.06159038177599663, -0.12275731822474033]",0.037414929576505385,-0.028662468019451603,-0.04687502910383001,,-0.0647316262738894,-0.33982683379499845,0.1730769477652383,0.4430865615521839,0.31746031746031744,2.703330992818497,0.1492238997962153,-0.4372294439314832,13.0,8.0,11.0,1.0,2.0,16.0,-2.0,0.0,0.0
DIGISPICE.NS,15.19,316.868352,49.0,speculative,False,True,,True,40.0,3168683520.0,15.19,0.9,,,0.13011508548757833,0.11174,0.04142,0.21031,35.372,16.295460146892097,,,,3.39417097080215,4646456000.0,0.024945549428849967,189740000.0,,,16.877777,,1.5899099,4.103,0.192,0.0,127551,72.64,-0.060000000000002274,"[1077513000.0, 1071723000.0, 1091319000.0, 1245848000.0, 1237566000.0]","[64844000.0, 27019000.0, 23565000.0, 70622000.0, 68534000.0]","[0.28, 0.11, 0.11, 0.3, 0.29]","[-0.005373485053080551, 0.018284575398680447, 0.1415983777428964, -0.0066476809370003]","[-0.5833230522484733, -0.12783596728228286, 1.9969021854445153, -0.029565857664750395]","[-0.6071428571428572, 0.0, 1.727272727272727, -0.033333333333333326]","[0.3564699124185636, 0.05541121960383851, 0.3715819354450148]","[1.1733727086130286, 1.1491092354810415, 1.239283898650272]","[27.913237221494104, 13.073461538461538, 10.286964448495898, 37.64226469527588, 14.906721335481036]",-0.10541813958242763,-0.25061671251391937,-0.09744505946269888,,-0.1177694638216561,-0.4512283449092672,0.027045275156319715,0.2890748824638478,0.4126984126984127,1.2805797360806717,0.1828532748918104,-0.465679198020547,7.0,10.0,2.0,10.0,7.0,13.0,0.0,0.0,0.0
FMNL.NS,7.97,53.2100736,49.0,speculative,False,True,,True,46.666666666666664,532100736.0,7.97,1.23,,,0.10884940085833299,0.106070004,0.08325,0.78440005,130.24,1.3855855152333247,,,,5.219208711250348,985360000.0,0.02165633511528786,79162000.0,,,6.4796743,,0.43071768,3.78,0.028,0.0,108063,69.95,1.4699999999999989,"[246400000.0, 254341000.0, 243202000.0, 243426000.0, 244391000.0]","[19451000.0, 17377000.0, 19454000.0, 26880000.0, 15451000.0]","[0.31, 0.29, 0.32, 0.44, 0.25]","[0.032228084415584446, -0.04379553434169092, 0.0009210450571952578, 0.0039642437537485975]","[-0.10662690864222923, 0.11952580997870754, 0.3817209828312944, -0.4251860119047619]","[-0.06451612903225812, 0.10344827586206917, 0.375, -0.43181818181818177]","[1.3128651647897716, 1.5780413071995558, 1.7858907124002654]","[0.9434266426738503, 0.8818558768638156, 0.8457754718252486]","[1.372210927246056, 1.3755397789650883, 1.432716712779823, 1.44952864706642, 1.2895579490165094]",-0.17151768347152518,-0.23804973603006174,-0.01847291840905041,,-0.11334429719348282,-0.3704581448458045,0.15173406102909182,0.4571395717638425,0.3492063492063492,1.371119011352972,0.06268113150862217,-0.4533965118721154,10.0,10.0,2.0,5.0,10.0,12.0,0.0,0.0,0.0
ODYCORP.NS,6.88,61.5749632,49.0,speculative,False,True,,True,58.0952380952381,615749632.0,6.88,1.68,0.4802208160973933,,0.06374714251640792,0.39265,0.092480004,0.28695,3.861,31.4224570673712,,,,-3.5145970917749536,667695000.0,-0.04983461482584106,98273000.0,0.89567010856477,-17.97285103326077,4.095238,0.08527822748877772,0.3147733,2.079,0.623,0.73,43791,48.24,4.980000000000004,"[132055000.0, 214620000.0, 78853000.0, 121935000.0, 78365000.0]","[31323000.0, 25435000.0, 7450000.0, 4289000.0, 5692000.0]","[0.75, 0.59, 0.26, 0.15, 0.2]","[0.6252319109461966, -0.6325924890504147, 0.5463584137572446, -0.35732152376266046]","[-0.18797688599431728, -0.7070965205425594, -0.4242953020134228, 0.32711587782699936]","[-0.21333333333333337, -0.559322033898305, -0.42307692307692313, 0.3333333333333335]","[0.03861078284530527, 0.06090707554112835, 0.04348214481151526]","[18.57490423173997, 8.753165337815956, 13.034920354874483]","[89.13399778516057, 15.891264185801003, 11395.0, 2498.8333333333335, 210.51]",-9.314090680712095e-05,,,,,,,0.6228896922598032,0.48484848484848486,,0.03168614562929392,,10.0,7.0,11.0,10.0,10.0,1.0,0.0,0.0,0.0
AURUS.NS,4.28,12.6191528,48.0,speculative,False,True,,True,35.23809523809524,126191528.0,4.28,0.63,,,0.09261415012101294,0.031689998,0.10378,0.13687,78.961,5701.666666666667,,,,-0.9583477758521086,147238000.0,0.03725760908553122,17310000.0,,,6.793651,,0.680337,12.415,0.405,0.0,29275,36.37,0.0,"[23669000.0, 17668000.0, 46390000.0, 11504000.0, 65774000.0]","[749000.0, 3466000.0, 12621000.0, 239000.0, -152781000.0]","[0.03, 0.12, 0.43, 0.01, -5.18]","[-0.25353838353965097, 1.6256508942721304, -0.7520155205863333, 4.717489568845619]","[3.627503337783712, 2.6413733410271205, -0.9810633071864353, -640.2510460251046]","[3.0, 2.5833333333333335, -0.9767441860465116, -519.0]","[0.7896124338187542, 0.7868556216534168]","[1.322399896125688, 1.288351131898356]","[750.0, 3259.0]",-0.11570246386874916,-0.06550212202950223,-0.19092623049677415,,-0.015447664906985792,-0.3668638957255923,0.014218109620800279,0.35951580003241274,0.3968253968253968,0.9760718788556185,0.012487944104077815,-0.37573969714351985,15.0,5.0,2.0,8.0,9.0,9.0,0.0,0.0,0.0
AVONMORE.NS,12.75,359.7855488,48.0,speculative,False,True,,True,41.904761904761905,3597855488.0,12.75,0.54,-0.6056927482696693,,0.05440860215053763,0.24475001,0.14456001,0.58206004,4.926,13.863013698630137,,,,1.855513307984791,1899000000.0,-0.0326410562379027,78900000.0,-0.5911523333154101,18.110698655301654,23.61111,,0.8721526,,0.375,0.0,191623,58.46,0.0,"[391800000.0, 615800000.0, 577000000.0, 367900000.0, 335100000.0]","[113900000.0, -95200000.0, 91700000.0, 44000000.0, 38400000.0]","[0.4, -0.34, 0.32, 0.16, 0.14]","[0.5717202654415519, -0.0630074699577785, -0.3623916811091854, -0.08915466159282415]","[-1.835820895522388, -1.9632352941176472, -0.520174482006543, -0.12727272727272732]","[-1.85, -1.9411764705882353, -0.5, -0.12499999999999989]","[0.010866059649758142, 0.0673312762085608, 0.0563930590195191]","[5.4416356152512995, 6.994318181818182, 4.2380472146287245]","[29.126984126984127, -19.870967741935484, 26.13888888888889, 20.44736842105263, 12.73076923076923]",-0.020737361618345718,0.26739557337769915,0.024096401231396447,,0.144428934407842,-0.342444538352759,0.39344268104439317,0.5820458807113261,0.4603174603174603,0.9628894019543653,0.2891822839960384,-0.5281072766090389,7.0,8.0,2.0,10.0,7.0,14.0,0.0,0.0,0.0
CINEVISTA.NS,13.97,80.2387584,48.0,speculative,False,True,,True,48.57142857142857,802387584.0,13.97,0.0,,,0.14791405924071757,0.30199,0.22759001,0.49026,27.129,3.804864961545341,,,,1.9356155624415916,239729000.0,2.1060625376898074,60993000.0,,,,,1.4171232,8.432,0.415,0.0,24291,67.49,0.0,"[74896000.0, 72976000.0, 82544000.0, 37915000.0, 46294000.0]","[10011000.0, 8152000.0, 35196000.0, 7710000.0, 9935000.0]","[0.0, 0.0, 0.0, 0.0, 0.0]","[-0.02563554795983769, 0.1311115983336988, -0.5406692188408606, 0.22099432942107344]","[-0.18569573469183898, 3.3174681059862614, -0.7809410160245482, 0.28858625162127116]",[],"[0.2712961834568778, 0.4370492210884679, 0.4960926365795724]","[1.5823025889894726, 1.5998765616707862, 1.5866855608464934]","[4.6101660591332525, 5.583901039799211, 6.630459126539754, 2.0454237288135593, 2.1007090627077334]",-0.015503828038066048,-0.10962392347702488,-0.044459618578541193,,-0.0676570938456913,-0.27840909986546103,0.06559882783166526,0.19914296680451654,0.49206349206349204,0.7545488898384995,0.025311477410507204,-0.32283061759473886,10.0,10.0,7.0,10.0,5.0,6.0,0.0,0.0,0.0
LAL.NS,8.66,149.5898496,48.0,speculative,False,True,,True,40.0,1495898496.0,8.66,0.32,-0.534596716894697,,0.14390510012753027,0.20927,0.06924,0.28000998,38.569,4.112803304078472,,,,-3.2164124241867302,727499000.0,0.18466696272219907,43528000.0,0.19996530250285627,1.0828428623893653,27.0625,,2.9040911,17.686,-0.182,0.0,85386,56.17,0.0,"[166917000.0, 257598000.0, 207260000.0, 170734000.0, 91908000.0]","[21677000.0, 8726000.0, 10994000.0, 14167000.0, 9640000.0]","[0.13, 0.05, 0.06, 0.08, 0.06]","[0.5432700084473121, -0.19541300786496785, -0.17623275113384151, -0.4616889430341935]","[-0.5974535221663515, 0.25991290396516153, 0.28861197016554474, -0.319545422460648]","[-0.6153846153846154, 0.19999999999999996, 0.3333333333333335, -0.25]","[0.3856911687832478, 0.26272099676714444, 0.2010181378120752]","[2.4325346356160322, 2.523623996990973, 3.1166162350751327]","[7.055746313875985, 3.990578734858681, 4.891002194586687, 7.6411449016100175, 11.31217750257998]",-0.028058361872207227,-0.00459769686551359,0.162416116661126,,0.04095907925274256,-0.18609026616744562,0.44093170010133376,0.3643956890825421,0.3968253968253968,0.849278138684097,0.06671634965851307,-0.4351503726545013,7.0,8.0,11.0,10.0,1.0,11.0,0.0,0.0,0.0
PCJEWELLER.NS,12.93,12681.4306304,48.0,speculative,False,True,,True,43.80952380952381,126814306304.0,12.93,0.74,,,0.10252201814748374,0.2692,0.22103001,0.24975,14.271,6.3686230248307,,,,-0.10841754611874703,33528800000.0,0.1068362256152875,7144600000.0,,,17.472973,,1.2092023,17.283,0.351,0.0,402670559,38.5,-2.219999999999999,"[8770400000.0, 9273400000.0, 8753800000.0, 8252500000.0, 7249100000.0]","[2221800000.0, 1528900000.0, 1901000000.0, 2095400000.0, 1619300000.0]","[0.18, 0.2, 0.26, 0.3, 0.25]","[0.057352002189181794, -0.05603122910690794, -0.05726655852315565, -0.12158739775825511]","[-0.31186425420829955, 0.2433775917326182, 0.10226196738558646, -0.2272119881645509]","[0.11111111111111116, 0.30000000000000004, 0.15384615384615374, -0.16666666666666663]","[0.14271156375202618, 0.22028606282993035, 0.3473549928949748]","[7.048277690814066, 5.051676012461059, 3.30165740211854]","[17.627958579881657, 7.224969598702878, 7.277136258660508, 6.68026460859978, 4.928434197886648]",-0.07178750740073159,0.31536118062358853,0.41003273692462594,-0.01071150672665111,0.2829919809976791,-0.10642708593185413,0.7080581257553726,0.6382383781720912,0.4444444444444444,1.672949186565104,481.1181133778978,-0.4154439935786419,0.0,5.0,5.0,10.0,5.0,23.0,0.0,0.0,0.0
SPCENET.NS,3.3,187.3528832,48.0,speculative,False,True,,True,51.42857142857142,1873528832.0,3.3,0.45,0.7967017791430526,,0.08782308970221094,-0.051119998,0.13173,0.082040004,13.671,35.7427608092027,,,,1.4046493105679725,1947115000.0,0.10442752453503257,160712000.0,0.8140405687249139,7.7952682719374975,7.3333335,0.09204615443294066,0.96632504,17.707,0.164,0.62,529399,15.52,0.0,"[488778000.0, 452624000.0, 476348000.0, 484247000.0, 533896000.0]","[127812000.0, 46646000.0, 27626000.0, 48472000.0, 37968000.0]","[0.23, 0.09, 0.05, 0.08, 0.07]","[-0.07396814095560766, 0.05241436600798899, 0.01658241453727105, 0.1025282552086022]","[-0.6350420930742027, -0.40775200445911763, 0.7545790197639903, -0.2167024261429279]","[-0.6086956521739131, -0.4444444444444444, 0.5999999999999999, -0.12499999999999989]","[0.1401670319041897, 0.006130055232392324, 0.01044439038262291]","[2.1889544036047925, 2.084564538032363, 2.1680254582402823]","[17.556600910470408, 13.010602534264288, 52.15930599369085, 191.0033222591362, 163.925]",0.018518500803375026,-0.1361256518360946,-0.08334036442000825,,-0.0562949438725161,-0.6980710555059462,0.09574212145578231,0.45323262589042884,0.38095238095238093,0.8010517404666366,0.2036799535908258,-0.7244525526746048,7.0,0.0,18.0,8.0,8.0,7.0,0.0,0.0,0.0
TGBHOTELS.NS,9.59,28.0856576,48.0,speculative,False,True,,True,30.476190476190478,280856576.0,9.59,0.5,0.02083930254095301,,0.03410556176394739,0.01603,0.03809,0.57293,16.052,1.957513876516138,,,,0.30271136823029204,384783000.0,0.0008843103389684082,14347000.0,0.017260939555790333,19.519097306864097,19.18,9.203762919755986,0.36371222,4.848,0.352,0.0,26340,31.22,0.0,"[83286000.0, 104293000.0, 105720000.0, 86057000.0, 88713000.0]","[1940000.0, 3824000.0, 6623000.0, 2063000.0, 1839000.0]","[0.07, 0.13, 0.23, 0.07, 0.06]","[0.2522272650865691, 0.013682605735763742, -0.1859912977676882, 0.030863265045260713]","[0.9711340206185568, 0.7319560669456067, -0.6885097387890684, -0.1085797382452739]","[0.857142857142857, 0.7692307692307692, -0.6956521739130435, -0.14285714285714302]","[0.1605243886086786, 0.24265497163195685, 0.2101786514594535]","[3.057998427827454, 2.824666888896504, 3.008377046684475]","[1.6160685932041918, 1.992234685073339, 2.855701877276548, 1.5697321181993924, 1.468415690269995]",0.011603440470801196,0.10483868841219834,0.10483868841219834,,0.031709877262919406,-0.20480930191437852,0.26851854830332056,0.4104496547252606,0.47619047619047616,0.8195976587957828,0.02504557721610546,-0.37313435491407565,13.0,2.0,7.0,6.0,9.0,13.0,-2.0,0.0,0.0
AAKASH.NS,8.18,82.8225024,47.0,speculative,False,True,,True,39.04761904761905,828225024.0,8.18,0.35,-1.0,,0.09561325789847482,-0.01026,0.029930001,0.83101,41.927,3.535545421187818,,,,4.123227795635447,1124600000.0,0.06700168720120692,34999279.0,-0.08279801618335081,-1.2357601672732108,23.37143,,1.2670385,8.008,-0.16,0.0,107745,66.54,0.0,"[278945000.0, 326477000.0, 311501000.0, 238553000.0, 257745000.0]","[5248000.0, 18800000.0, 8047000.0, 5377000.0, 2750000.0]","[0.05, 0.19, 0.08, 0.05, 0.03]","[0.17039918263456943, -0.045871531532083454, -0.23418223376489966, 0.08045172351636753]","[2.582317073170732, -0.571968085106383, -0.33180067105753697, -0.4885623953877627]","[2.8, -0.5789473684210527, -0.375, -0.4]","[0.4192981307533346, 0.42884884466006723, 0.39310351797089205]","[0.8399761611595572, 0.7256617676984106, 0.9082866570167315]","[2.4575645756457565, 8.166711409395973, 3.415415639704235, 2.2309805941954317, 1.6362881806108898]",-0.06514282226562496,-0.07150965771104101,-0.007281488787498014,,-0.023007678637437468,-0.3126049943364566,0.06510423021003131,0.35059638166522755,0.42857142857142855,0.920065208404977,0.1197355572255707,-0.33529410916157276,10.0,10.0,2.0,8.0,7.0,10.0,0.0,0.0,0.0
DIGIDRIVE.NS,17.8,68.6401728,47.0,speculative,False,True,,True,43.80952380952381,686401728.0,17.8,1.49,0.0511711252544127,,0.025399339296191273,0.011720001,0.12286,0.41004002,0.32,78.72307692307692,,,,-0.8143542270800803,461479000.0,0.024386118741734686,53796000.0,0.0499322806521334,2.047569815473699,11.946308,2.3345798906327198,0.25547183,-45.673,0.776,0.0,18354,61.75,0.0,"[102400000.0, 96800000.0, 117300000.0, 151500000.0, 95900000.0]","[2700000.0, -19900000.0, 57200000.0, 17500000.0, -1000000.0]","[0.07, -0.51, 1.48, 0.45, -0.03]","[-0.0546875, 0.21177685950413228, 0.2915601023017902, -0.36699669966996695]","[-8.37037037037037, -3.8743718592964824, -0.6940559440559441, -1.0571428571428572]","[-8.285714285714285, -3.9019607843137254, -0.6959459459459459, -1.0666666666666667]","[0.0032110144046915384, 0.003912937148447053, 0.0030794803727267036]","[4.680009073037955, 4.502572898799314, 3.9926640974485434]","[13.0, -68.0, 425.0, 41.0, -0.5]",0.0,-0.03939565151290414,-0.13128358048345745,,-0.033449133908575734,-0.4150509675140234,0.05637975276460838,0.24958633966320684,0.3968253968253968,0.6286399855625185,0.030143150151920317,-0.446270121180257,10.0,8.0,7.0,9.0,8.0,7.0,-2.0,0.0,0.0
NILAINFRA.NS,6.7,263.9057664,47.0,speculative,False,True,,True,53.333333333333336,2639057664.0,6.7,0.63,,,0.19397985048446786,0.09528,0.082200006,0.14743,12.646,18.942407228704273,,,,-1.0995096228991506,3216120000.0,0.4136866658490317,232882000.0,,,10.63492,,1.4087468,9.265,0.761,0.0,180891,61.9,0.0,"[742043000.0, 810391000.0, 750349000.0, 740359000.0, 925967000.0]","[84409000.0, 58495000.0, 46473000.0, 60777000.0, 67137000.0]","[0.21, 0.15, 0.12, 0.15, 0.17]","[0.0921078697595692, -0.07409016141590907, -0.013313804642906213, 0.25069999824409517]","[-0.3070051771730503, -0.20552183947345926, 0.3077916209411917, 0.10464484920282335]","[-0.2857142857142857, -0.19999999999999996, 0.25, 0.13333333333333353]","[0.12646228759296854, 0.1364072143835713, 0.15901088689395296]","[1.1037854546804196, 1.0717707987258938, 1.0684778142576101]","[14.539186183435824, 7.856163918854739, 9.782862139317983, 13.042284020971051, 12.831413169855194]",0.004497711038687235,-0.074585632448111,-0.2033293780228982,,-0.08574936769096198,-0.38475669439503113,0.12605042420877477,0.22533606762970318,0.31746031746031744,0.8230722155819373,0.11720586453767777,-0.45362721563976793,7.0,8.0,7.0,9.0,8.0,8.0,0.0,0.0,0.0
DEVIT.NS,21.1,120.243968,46.0,speculative,False,True,,True,56.19047619047619,1202439680.0,21.1,13.24,1.0184164971015437,,0.7550961268037857,0.06978,0.39727002,0.089650005,28.008,39.738531359882245,,,,-0.028224252693365426,1878418000.0,0.14805047612511313,757788000.0,1.0363190333261834,6.99976832530022,1.5936556,0.015648367878324937,1.1028067,35.949,-0.309,0.49,49526,41.58,0.0,"[441308000.0, 538650000.0, 441440000.0, 485064000.0, 429852000.0]","[20657000.0, 90865000.0, -72662000.0, 718512000.0, 21073000.0]","[0.37, 1.59, -1.3, 12.75, 0.38]","[0.2205761055770572, -0.18046969275039448, 0.09882203696991665, -0.11382415516303002]","[3.398751028706976, -1.799669839872338, -10.888414852329966, -0.9706713318636293]","[3.2972972972972974, -1.8176100628930818, -10.807692307692307, -0.9701960784313726]","[0.27996894182720095, 0.18265860337922413, 0.29121442811009945]","[1.792602057347182, 1.726852421516794, 1.905696589417666]","[4.777117590161669, 4.495353824160114, -12.568707991038089, 135.90678682061392, 6.179396423248882]",-0.12467322054696306,-0.23385177811165558,-0.2774749498003247,,-0.13615166653040134,-0.5038244060861103,0.028265102863904268,0.29020459781093016,0.36507936507936506,0.5539531671194962,0.08300885669287682,-0.5174633540203291,7.0,5.0,18.0,9.0,6.0,3.0,-2.0,0.0,0.0
ORIENTALTL.NS,4.86,35.7245312,46.0,speculative,False,True,,True,41.904761904761905,357245312.0,4.86,0.42,,,0.029646864712902374,0.12964,0.07376,0.27761,2.873,17.626190476190477,,,,0.810959973241164,211783000.0,0.34445998035639835,17938000.0,,,11.571429,,0.22167489,7.52,1.067,0.0,63618,25.85,-1.3599999999999994,"[78788000.0, 139411000.0, 33106000.0, 22281000.0, 16985000.0]","[8198000.0, 13199000.0, 1098000.0, -2315000.0, 5956000.0]","[0.15, 0.29, 0.02, -0.04, 0.11]","[0.7694445854698686, -0.7625294991069571, -0.32698000362472057, -0.23769130649432246]","[0.6100268358136132, -0.9168118796878552, -3.1083788706739526, -3.5727861771058316]","[0.9333333333333333, -0.9310344827586207, -3.0, -3.75]","[0.028726537672513063, 0.029140890675911288, 0.02333075508625563]","[3.05213068517541, 3.9464952366199366, 3.8962222310363352]","[58.68586387434555, 25.41902604756512, 2.4247104247104247, -9.236842105263158, 12.165969316596932]",-0.03187247968526463,-0.14436614781801238,-0.3314992921231027,,-0.10140245146868543,-0.5290697405783997,0.08000002966986752,0.2081877378570455,0.31746031746031744,0.8406121062230041,0.03325698814456939,-0.5639534754776319,13.0,2.0,7.0,10.0,10.0,6.0,-2.0,0.0,0.0
RADAAN.NS,2.99,16.1943008,46.0,speculative,False,True,,True,40.95238095238095,161943008.0,2.99,-0.68,0.4212684133601339,,,-0.01669,-0.56439996,-0.23313999,,-1.8865039870495832,,,,0.7312794626840766,54042000.0,-0.24250981570523056,-47942000.0,0.4158039571366905,-1.7145860918145188,,,-1.0281981,-9.558,0.899,0.0,113465,51.42,0.0,"[15039000.0, 16536000.0, 15707000.0, 18944000.0, 2855000.0]","[-4374000.0, -7808000.0, -9937000.0, -15259000.0, -14938000.0]","[-0.08, -0.14, -0.18, -0.28, -0.28]","[0.09954119289846397, -0.05013304305757138, 0.20608645826701477, -0.849292652027027]","[0.7850937357110197, 0.27266905737704916, 0.5355741169367012, -0.0210367651877581]","[0.7500000000000002, 0.2857142857142856, 0.5555555555555558, 0.0]","[-0.9034829735678745, -0.9266622823716728, -2.5698339184563257]","[0.2070426479949077, 0.19944469669688478, 0.13585255155708473]","[-0.017277125086385625, -0.8973925639787542, -2.1121844811467745, -2.6653100311228153, -1.6704079814715838]",0.03460204186943594,0.03460204186943594,-0.013201307666904194,,-0.02425670905596733,-0.22538857751380437,0.19600000381469718,0.45496620123274895,0.38095238095238093,1.7390710828657832,0.020369355533940793,-0.35233158861577196,15.0,8.0,11.0,0.0,0.0,17.0,-5.0,0.0,0.0
RUCHINFRA.NS,4.97,117.3043968,46.0,speculative,False,True,,True,46.666666666666664,1173043968.0,4.97,0.15,,,0.05144886962063831,0.31257,0.09645,1.0,40.879,3.919515005212048,,,,3.3782892105894584,601757000.0,-0.01575013681264581,100024000.0,0.9938001350867545,-63.09787317458924,33.13333,,0.70546484,7.953,0.443,0.0,94232,53.7,0.0,"[176600000.0, 149200000.0, 137400000.0, 159900000.0, 165300000.0]","[45900000.0, 4600000.0, -4600000.0, 14300000.0, 85800000.0]","[0.16, 0.02, -0.05, 0.02, 0.33]","[-0.1551528878822197, -0.079088471849866, 0.16375545851528384, 0.03377110694183871]","[-0.8997821350762527, -2.0, -4.108695652173913, 5.0]","[-0.875, -3.5, -1.4, 15.5]","[0.14696343286337785, 0.4362232665196125, 0.2038440701042057]","[0.9062435856536265, 1.6542421015264466, 0.4658632994656641]","[8.077922077922079, 0.21428571428571427, 0.8681318681318682, 3.3402061855670104, 10.16]",-0.14604817120255953,-0.1547619568942461,-0.23889745321501055,,-0.10905233578688778,-0.3382157604898457,0.20338974636189433,0.3621227777735848,0.36507936507936506,0.9763499164048196,0.03729513896510124,-0.45006657941795647,7.0,8.0,7.0,10.0,7.0,7.0,0.0,0.0,0.0
ALANKIT.NS,7.6,206.0801664,45.0,speculative,False,True,,True,43.80952380952381,2060801664.0,7.6,0.71,,,0.06995518946138146,0.0867,0.08191,0.43675,6.351,13.232870841592115,,,,-1.154739151607819,3434395000.0,0.03286425470018273,190973000.0,,,10.704226,,0.64070135,8.947,0.712,0.0,133924,54.14,0.0,"[776640000.0, 1009222000.0, 717021000.0, 800916000.0, 907785000.0]","[51984000.0, 21393000.0, 74801000.0, 43258000.0, 51524000.0]","[0.19, 0.08, 0.28, 0.16, 0.19]","[0.2994720848784507, -0.289530945619497, 0.11700494127787042, 0.13343346867836337]","[-0.5884695290858726, 2.496517552470434, -0.42169222336599776, 0.19108604188820566]","[-0.5789473684210527, 2.5000000000000004, -0.4285714285714286, 0.1875]","[0.060660427769554874, 0.06959418662370107, 0.038829964886005056]","[1.958079120643946, 1.7868876997343113, 1.666095786696965]","[15.332466084370935, 7.5110459095616156, 8.367042655257357, 6.802988643156008, 15.368722615436468]",-0.0663391174342085,-0.05472637553583393,-0.1602210227118851,,-0.040746616143658154,-0.4131274118479049,0.11436945943377896,0.22916392579708242,0.36507936507936506,0.9125253372315809,0.09123889003787755,-0.4733590523467053,7.0,8.0,2.0,9.0,10.0,9.0,0.0,0.0,0.0
FCSSOFT.NS,1.4,239.3374464,45.0,speculative,False,True,,True,41.904761904761905,2393374464.0,1.4,0.02,0.2599210498948732,,0.02087844309988998,0.1784,0.04132,0.41961,,1.8037360937592957,,,,12.28745078552043,492730000.0,0.2264884642744489,26161000.0,0.214657008866036,0.947761333247966,70.0,2.6931254713041506,0.57494867,16.729,0.681,0.0,2305586,19.65,0.0,"[161200000.0, 267719000.0, 148581000.0, 82140000.0, 88058000.0]","[6261000.0, 53978000.0, -19721000.0, -12364000.0, 100000.0]","[0.004, 0.032, -0.012, -0.007, 0.0]","[0.660787841191067, -0.44501137386588174, -0.44717023037938897, 0.07204772339907484]","[7.621306500559015, -1.3653525510393123, -0.37305410476142187, -1.0080879974118409]","[7.0, -1.375, -0.41666666666666663, -1.0]",[0.0],"[3.087239309602159, 1.961367684726502, 1.990103536857557]","[1.7170341867692762, 6.930825121926944, -0.20001477213974445, 0.2583468157081924, 1.5163789080727952]",-0.020979001741372683,-0.06040270657889668,-0.23076926603825032,-0.36363638826638156,-0.07123923603018034,-0.44223108307671677,0.1965812200938779,0.35851004451575963,0.2698412698412698,1.272627245873019,0.23067465564417183,-0.5338645571593348,7.0,0.0,19.0,4.0,5.0,14.0,-4.0,0.0,0.0
GENUSPAPER.NS,10.69,274.8676096,45.0,speculative,False,True,,True,34.285714285714285,2748676096.0,10.69,0.55,,,0.0632572104511015,0.06437,0.01701,0.30367002,87.426,1.376672327276906,,,,4.17013219545994,9399678000.0,0.09210089267283661,145769000.0,,,19.436363,,0.55049175,8.958,0.342,0.0,158607,50.84,0.0,"[2187181000.0, 2260855000.0, 2375223000.0, 2444926000.0, 2505735000.0]","[35237000.0, 37977000.0, 28824000.0, 38204000.0, 41599000.0]","[0.14, 0.15, 0.11, 0.15, 0.16]","[0.0336844550130968, 0.0505861720455314, 0.029345876155628225, 0.024871509403556535]","[0.07775917359593598, -0.24101429812781416, 0.32542325839578123, 0.08886504030991516]","[0.0714285714285714, -0.2666666666666666, 0.36363636363636354, 0.06666666666666665]","[0.874260427440175, 0.8484434927655243, 0.7555640658698325]","[1.2592981078682746, 1.2483650370074717, 1.0712985226526703]","[1.3402516859917626, 1.3546634722531758, 1.1294374466362107, 1.328126408393575, 1.446725214263041]",-0.14067524590270764,-0.0847603338121301,-0.055653721857339744,,-0.052499754455147096,-0.3824379023571899,0.20382876606036393,0.4688682773405715,0.3968253968253968,1.7949057093657952,0.20076497547392846,-0.4870017106636879,7.0,8.0,2.0,5.0,9.0,14.0,0.0,0.0,0.0
PRUDMOULI.NS,13.55,43.7014592,45.0,speculative,False,True,,True,31.428571428571427,437014592.0,13.55,1.9,0.15800229099788177,,0.07662938065288932,0.0,0.0,0.0,,3.2272927978805437,,,,2.0933149037720575,913030460.0,0.04202172874682275,61640100.0,0.09222610036733991,2.1947240896012183,7.131579,0.45135921479110763,,,,0.0,8214,56.24,-0.30999999999999517,"[167866000.0, 103920000.0, 666631000.0, 90384000.0, 52095000.0]","[15078000.0, 15027000.0, 17728000.0, 14878000.0, 14007000.0]","[0.47, 0.47, 0.55, 0.46, 0.43]","[-0.3809347932279318, 5.414847959969207, -0.8644167462959268, -0.42362586298459903]","[-0.003382411460405854, 0.1797431290344047, -0.16076263537906132, -0.058542814894475104]","[0.0, 0.17021276595744705, -0.1636363636363637, -0.0652173913043479]","[0.39089125574548056, 0.4104000709475145, 0.4312379671747967]","[5.212195454700486, 4.170416984752512, 4.896342651462324]","[3.3980437284234752, 3.291893695096186, 3.7656519241815047, 3.113287007791114, 2.8214008537058595]",-0.16615383441631615,-0.0757162120211885,-0.09606401616881988,,-0.014950942131330858,-0.5201841253344193,0.20337477045330687,0.406715692791564,0.4603174603174603,0.8415946829067468,0.013949983257727621,-0.6012747761989095,13.0,8.0,9.0,4.0,3.0,8.0,0.0,0.0,0.0
RUDRA.NS,17.8,178.6119936,45.0,speculative,False,True,,True,41.904761904761905,1786119936.0,17.8,1.32,-0.007898264149278411,,0.19043273943973288,0.055949997,0.0209,0.08321,97.147,2.6406246163667166,,,,2.3888202434242167,6223949000.0,0.1158888026411542,135155000.0,-0.008836126341723594,-0.0762465927712133,13.484847,,1.3390505,8.959,0.175,0.0,46794,72.88,0.0,"[1595633000.0, 1782639000.0, 1585858000.0, 1364371000.0, 1495423000.0]","[36220000.0, 10436000.0, 73756000.0, 11863000.0, 39136000.0]","[0.36, 0.1, 0.74, 0.118224, 0.39]","[0.1171986290080489, -0.11038746487651174, -0.13966382866561822, 0.09605305301857037]","[-0.7118718939812259, 6.067458796473745, -0.8391588480937144, 2.298996881058754]","[-0.7222222222222222, 6.3999999999999995, -0.8402378378378379, 2.29882257409663]","[0.9741740802228356, 1.7513421609484296, 0.9611911013648037]","[1.3235385641253612, 1.2811770367080102, 1.3405955977557187]","[2.1534525631216526, 2.5208624301675977, 3.7148160369575978, 1.2719337232661914, 1.9639414094611762]",-0.12444666483718814,0.035485670974493067,-0.03523043355014732,,0.03635088838640543,-0.3520203974520266,0.20270263565292046,0.48883925033981007,0.3968253968253968,0.26169941485355225,0.07561409511461258,-0.46123041278927635,7.0,10.0,5.0,6.0,8.0,9.0,0.0,0.0,0.0
STLSTRINF.NS,22.79,19.6973984,45.0,speculative,False,True,,True,40.95238095238095,196973984.0,22.79,-15.43,0.36177472598129556,,-0.05130807883398701,0.98516,0.0,0.0,23.621,-17261.5,,,,0.027487328023171616,13603000.0,0.06916937695243486,-34525000.0,0.36202562357752743,5.23390031149881,,,0.29406074,-2.599,-0.013,0.0,11056,50.22,0.0,"[22210000.0, 3379000.0, 3321000.0, 2987000.0, 3916000.0]","[233737000.0, -87630000.0, -108827000.0, -170619000.0, 332551000.0]","[27.04, -10.14, -12.59, -19.74, 38.48]","[-0.8478613237280505, -0.017164841669132902, -0.1005721168322794, 0.31101439571476397]","[-1.3749085510638026, 0.2418920461029328, 0.5678002701535465, -2.949085389083279]","[-1.375, 0.2416173570019724, 0.5679110405083398, -2.949341438703141]","[0.0, 0.0, 0.0]","[0.6638086898454677, 0.6690807547948563, 0.6927542857142858]","[21249.81818181818, -108826.0, -170618.0]",0.16931765947475208,,,,,,,0.9548133050959322,0.48484848484848486,,0.04170152718816757,,15.0,8.0,15.0,5.0,5.0,1.0,-4.0,0.0,0.0
VIPCLOTHNG.NS,20.26,182.6024064,45.0,speculative,False,True,,True,40.0,1826024064.0,20.26,1.04,0.1086101154833159,,0.10148420609721986,0.06711,0.03754,0.28277,35.852,2.422602661813218,,,,2.062255341706084,2538285000.0,0.0846980365837422,98096000.0,0.13910613127619942,1.6423772839015358,19.48077,1.793642324502687,0.94079405,11.064,0.255,0.0,46351,46.55,0.0,"[646928000.0, 715363000.0, 507759000.0, 660676000.0, 654487000.0]","[19125000.0, 44226000.0, 9271000.0, 22383000.0, 22216000.0]","[0.21, 0.49, 0.1, 0.25, 0.25]","[0.10578456953478588, -0.2902079084325021, 0.30116058996492434, -0.009367677954095543]","[1.312470588235294, -0.7903721792610682, 1.4143026642217666, -0.007461019523745671]","[1.3333333333333335, -0.7959183673469388, 1.5, 0.0]","[0.3585197944336146, 0.40010769660448897, 0.445963621389366]","[1.8331663809049217, 1.7822687545398856, 1.6584732641328699]","[2.4114022397256605, 3.3291529497831425, 1.622106797885912, 2.5296092386195785, 2.3339732069923214]",0.004462079932943119,-0.17742586604898414,-0.16003318723243642,,-0.08461140555111424,-0.43722221586439347,0.3698445085285502,0.29524425163809054,0.4603174603174603,0.6271034895245141,0.13706737644486428,-0.5891666677263048,7.0,5.0,12.0,7.0,8.0,6.0,0.0,0.0,0.0
AVROIND.NS,6.85,9.1907408,44.0,speculative,False,True,,True,33.33333333333333,91907408.0,6.85,0.22,-0.5604007500305346,,0.08159666109975443,0.043920003,0.043109998,0.34219003,19.736,4.870657568238213,,,,0.8883257564222479,909945000.0,0.04380217214176274,45973000.0,0.03460934241592151,0.7901284507971599,31.136364,,1.0288374,7.123,-0.257,0.0,177759,53.64,-0.4299999999999997,"[253428000.0, 271556000.0, 242870000.0, 209021000.0, 216681000.0]","[6932000.0, 9813000.0, 10683000.0, 12084000.0, 10519000.0]","[0.05, 0.0073, 0.08, 0.091, 0.08]","[0.07153116467004428, -0.10563566999072016, -0.13937085683699102, 0.0366470354653361]","[0.41560877091748405, 0.08865790278202379, 0.13114293737714133, -0.12951009599470376]","[-0.854, 9.95890410958904, 0.13749999999999996, -0.12087912087912078]","[0.19735702801956978, 0.2681571158982397, 0.23408429335074007]","[3.5868659000745113, 1.9253729822619043, 3.3330087082564237]","[3.1930579460699944, 5.137506547930854, 3.84926769731489, 5.367180417044424, 4.509073075036783]",-0.21444957627660843,-0.314314308150794,-0.3979080608323011,,-0.19165517801322307,-0.5478547803886282,0.02544911387164306,0.4892716842877132,0.4126984126984127,0.764117090672242,0.2308988629823518,-0.5590759078192861,15.0,8.0,4.0,9.0,5.0,3.0,0.0,0.0,0.0
BAGFILMS.NS,4.13,90.0001792,44.0,speculative,False,True,,True,40.95238095238095,900001792.0,4.13,0.26,,,0.05446044394737251,0.16813,0.02987,0.945,50.258,1.9518743040950142,,,,-3.684577752827011,1500719000.0,0.10340315476941364,37407000.0,,,15.884617,,0.5004241,11.834,0.505,0.0,57543,51.74,2.3700000000000045,"[385877000.0, 429263000.0, 399271000.0, 357515000.0, 314670000.0]","[25551000.0, 10706000.0, 7082000.0, 3611000.0, 16008000.0]","[0.17, 0.14, 0.01, 0.02, 0.11]","[0.11243479139725876, -0.0698685887206677, -0.10458059814011034, -0.11984112554717985]","[-0.5809948729990999, -0.3385017747057725, -0.4901157865009884, 3.43312101910828]","[-0.17647058823529405, -0.9285714285714286, 1.0, 4.5]","[0.7019702752505499, 0.7652813352902125]","[2.1437846213923937, 1.7643411188118032, 1.8272100122858652]","[2.801421800947867, 2.973920438439006, 1.1424640135478408, 1.2216118996694536, 2.3229996207811907]",-0.08425722730731022,-0.06772002833467683,-0.19961235725380233,,-0.05845361128138604,-0.4664082381692015,0.1377410424894734,0.2997120216519849,0.2857142857142857,0.7362332370848033,0.028067640202412602,-0.5310077232836264,10.0,10.0,5.0,6.0,8.0,5.0,0.0,0.0,0.0
GREENPOWER.NS,8.72,1022.8836352,44.0,speculative,False,True,,True,54.285714285714285,10228836352.0,8.72,0.56,0.16806333334836432,,0.08016228403474285,0.39838,0.22264,0.80046,45.393,2.3135762189595797,,,,2.8041504539559012,2929500000.0,0.04283939172629747,693900000.0,0.27081960349166434,6.321742503300263,15.571429,0.9265214898316516,0.88771254,8.672,0.801,0.0,2065684,24.38,0.0,"[814300000.0, 385900000.0, 359700000.0, 1310100000.0, 873800000.0]","[234200000.0, -175800000.0, -255500000.0, 809200000.0, 289000000.0]","[0.2, -0.15, -0.19, 0.69, 0.25]","[-0.5260960334029228, -0.06789323658979007, 2.6422018348623855, -0.33302801312876884]","[-1.7506404782237404, 0.4533560864618884, -4.167123287671233, -0.6428571428571428]","[-1.75, 0.26666666666666683, -4.631578947368421, -0.6376811594202898]","[0.4548586702769316, 0.4111678537830937, 0.5132918630924154]","[1.8184293493837775, 2.7650204233197178, 2.2624431120421873]","[2.772760917838638, -0.25039246467817894, -0.5796886582653817, 6.434139784946237, 2.795270690728065]",-0.06034477177329478,-0.1400394505143211,-0.11111112191272254,,-0.1012091212275883,-0.39191072704032437,0.08457715278633637,0.2023448962754252,0.3333333333333333,0.7972489620507544,3.946379374245858,-0.4393305525591591,4.0,2.0,14.0,8.0,9.0,7.0,0.0,0.0,0.0
JETFREIGHT.NS,19.72,100.4210368,44.0,speculative,False,True,,True,45.714285714285715,1004210368.0,19.72,1.6,,,0.20996823280212346,0.03374,0.01501,0.055809997,104.6,2.722133935334393,,,,-1.19569368152043,4442987000.0,0.013608018550841372,68086000.0,,,12.325,,1.2922673,7.497,0.183,0.0,377795,53.67,2.75,"[1789884000.0, 1275993000.0, 1131988000.0, 837777000.0, 1197228000.0]","[25288000.0, 30788000.0, 10809000.0, 8724000.0, 17764000.0]","[0.54, 0.66, 0.23, 0.19, 0.38]","[-0.2871085500512882, -0.11285720219468287, -0.259906465439563, 0.42905331609724295]","[0.21749446377728576, -0.6489216577887489, -0.192894809880655, 1.0362219165520403]","[0.2222222222222221, -0.6515151515151515, -0.17391304347826086, 1.0]","[1.042892583810027, 0.9550223300797205, 1.0009510540720008]","[1.2881836241171642, 1.1905593441744968, 1.1804166377197074]","[2.406715988806685, 3.9636546930545977, 2.162870389034469, 1.8717391304347826, 2.47108664728802]",-0.06893300145347525,-0.048721671547749534,0.11161215150971371,,-0.05650085874097599,-0.20483871290264477,0.6190475221067651,0.5263803518228598,0.4126984126984127,1.1056721661793383,0.5658716146580314,-0.21653222165668307,7.0,10.0,2.0,5.0,8.0,12.0,0.0,0.0,0.0
KRITIKA.NS,4.92,131.0097664,44.0,speculative,False,True,,True,44.761904761904766,1310097664.0,4.92,0.25,0.014927573906107439,,0.10635509593403927,0.00883,0.00988,0.07487,54.516,3.104493447652912,,,,3.040473346033386,6931371000.0,0.35976033440231436,61942000.0,0.011473107905599411,0.03189097520898236,19.68,13.18365604738233,1.2995245,12.794,0.318,0.0,103173,63.32,0.0,"[1618627000.0, 1467026000.0, 1611343000.0, 1796256000.0, 2068562000.0]","[15998000.0, 20516000.0, 16301000.0, 11364000.0, 13761000.0]","[0.06, 0.08, 0.06, 0.04, 0.05]","[-0.09366024414519214, 0.09837385295148149, 0.11475706910322625, 0.15159643168902437]","[0.28241030128766087, -0.20544940534217193, -0.3028648549168763, 0.21092925026399145]","[0.3333333333333335, -0.25, -0.33333333333333326, 0.25]","[0.5451637539425919, 0.39761682590277375, 0.5426623871869836]","[1.903103482819648, 1.9044263468060891, 1.7097268556380842]","[2.068747206911962, 2.7886493083807973, 3.307068607068607, 2.1971607581885952, 2.851044686594022]",-0.08719847900443478,-0.14731367546661245,-0.09558823078252043,,-0.09263430341295076,-0.4496643951651057,0.07894739869118661,0.3389634750564336,0.3492063492063492,0.7011771548438487,0.054980360455732354,-0.48993286836552263,7.0,8.0,10.0,8.0,6.0,5.0,0.0,0.0,0.0
EMPOWER.NS,1.69,196.6819584,43.0,speculative,False,True,,True,48.57142857142857,1966819584.0,1.69,0.16,3.7495712579649823,,0.05610492378381597,0.03803,0.10682,0.11198,11.197,,,,,-1.9912889954862674,1533672000.0,1.5071554305935075,180117000.0,3.8305061934478086,2.5415468873965983,10.562501,0.028169890030927486,0.609009,,1.474,0.0,5830190,15.02,0.0,"[373839600.0, 443033000.0, 478125000.0, 346969000.0, 265545000.0]","[14944100.0, 139435000.0, 10716000.0, 28269000.0, 1697000.0]","[0.013, 0.12, 0.01, 0.02, 0.001]","[0.18508847109829984, 0.07920854654167964, -0.2743132026143791, -0.23467226178707612]","[8.330438099316787, -0.9231469860508481, 1.6380179171332587, -0.9399695779829496]","[8.230769230769232, -0.9166666666666666, 1.0, -0.95]","[0.1119401249340612, 0.08927725611850804, 0.06899541889653446]","[0.9911108827458638, 1.6930449873863558, 0.9239811924712525]","[18681.125, 1698.0]",-0.08152172469405483,,,,,,,0.6706018761683213,0.42424242424242425,,3.453395639740262,,7.0,0.0,20.0,5.0,8.0,3.0,0.0,0.0,0.0
LPDC.NS,6.18,82.9004736,43.0,speculative,False,True,,True,46.666666666666664,829004736.0,6.18,0.63,,,0.028119715358042773,6.2828197,0.98657,0.25671,,,,,,4.503212421362602,73486000.0,1.6240784340320968,14942000.0,,,9.809524,,1.9103554,7.493,0.149,0.0,99660,64.87,0.0,"[12319000.0, 57626000.0, 15860000.0, 0.0, 0.0]","[69643000.0, 12815000.0, 2522000.0, -327000.0, -68000.0]","[0.52, 0.1, 0.019, -0.002, -0.001]","[3.6778147576913707, -0.7247770103772603, -1.0]","[-0.8159901210459055, -0.8031993757315645, -1.1296590007930214, -0.7920489296636086]","[-0.8076923076923077, -0.81, -1.105263157894737, -0.5]",[],"[25.886276923076924, 4.5257204970768825, 54.910418963616316]",[],-0.08172365366658374,-0.03738321574816339,-0.2187104996771252,,-0.03740524475894347,-0.3133333524068197,0.11754061371957891,0.6355720084610553,0.42857142857142855,0.9153179782327686,0.04051622171990156,-0.3855555322435167,10.0,8.0,7.0,3.0,8.0,9.0,-2.0,0.0,0.0
PAVNAIND.NS,15.66,218.5039872,43.0,speculative,False,True,,True,35.23809523809524,2185039872.0,15.66,1.29,-0.216514830550679,,0.06075964831829277,0.03953,0.023020001,0.34543,52.07,2.243681593620435,,,,-0.20033841681671258,2970434000.0,-0.06354268866818791,46097000.0,-0.17991570082299657,2.8314146693177276,12.139535,,1.0992559,11.086,0.125,0.0,76833,61.5,0.0,"[918769000.0, 544547000.0, 1080307000.0, 741537000.0, 604043000.0]","[8575000.0, 24379000.0, 30013000.0, 12660000.0, -20954000.0]","[0.06, 0.17, 0.22, 0.91, -1.5]","[-0.4073080393439482, 0.9838636518059964, -0.31358678597843026, -0.18541758536661013]","[1.8430320699708456, 0.2311005373477173, -0.5781827874587679, -2.655134281200632]","[1.8333333333333335, 0.2941176470588234, 3.1363636363636367, -2.6483516483516483]","[0.554167286696637, 0.3929579780635747, 0.18262846716644202]","[1.3707643061475363, 1.787555456769045, 3.1355413059936335]","[1.6614807552960231, 2.3811825594453397, 3.186504927975739, 2.9733654507914657, -0.7263368601658564]",-0.09059230709333232,-0.07062317549655872,-0.12219732547813611,,-0.10339064232000073,-0.6097682673660689,0.10281690547589717,0.4880052945871916,0.4444444444444444,1.2814908330349908,0.13479134008649826,-0.6461500266306357,7.0,8.0,2.0,6.0,7.0,13.0,0.0,0.0,0.0
SGL.NS,8.85,24.0912912,43.0,speculative,False,True,,True,26.666666666666668,240912912.0,8.85,-0.49,,,-0.003167517641555443,-0.05609,-0.01413,0.18042,48.323,,,,,-9.831554524361948,1015075000.0,0.0028959542909701153,-2155000.0,,,,,0.9214911,-86.611,0.759,0.0,27608,65.76,0.0,"[203109000.0, 206169000.0, 297503000.0, 260230000.0, 251173000.0]","[-12459000.0, -7044000.0, 3052000.0, 2782000.0, -951000.0]","[-0.46, -0.26, 0.11, 0.1, -0.04]","[0.015065802106258186, 0.44300549549156276, -0.12528613156842117, -0.03480382738346843]","[-0.43462557187575246, -1.4332765474162408, -0.08846657929226731, -1.3418404025880661]","[-0.4347826086956522, -1.4230769230769231, -0.09090909090909083, -1.4]","[0.48322751241410056, 0.5629958815335231, 0.5650236522415312]","[2.3092392828559896, 2.0881112938895123, 2.099632169292948]","[-7.5570054945054945, -2.982175783650891, 2.4739583333333335, 2.555198285101822, 0.5618945102260495]",-0.1374268826469388,-0.13064831864787352,-0.3069694546416978,,-0.07541546392479481,-0.40921223952530705,0.04117651546702672,0.44823839663021475,0.4603174603174603,1.0139222867261624,0.018615009282484055,-0.4325767516858645,15.0,10.0,2.0,3.0,5.0,10.0,-2.0,0.0,0.0
SHAH.NS,3.08,316.1232384,43.0,speculative,False,True,,True,43.80952380952381,3161232384.0,3.08,0.15,0.04282763962933833,,0.032327473659954406,0.0849,0.055549998,0.16525999,77.528,7.218118069145467,,,,-4.75773055722631,2079828000.0,0.7343185814441131,121369000.0,0.9433078068026659,1.2846029375255001,20.533333,4.794411547708549,0.92911005,125.435,0.63,0.0,1022690,32.51,3.0299999999999976,"[572019000.0, 622812000.0, 500397000.0, 667725000.0, 288995000.0]","[35228000.0, 82850000.0, 6875000.0, 20694000.0, 24944000.0]","[0.04, 0.089389, 0.009932, 0.009932, 0.04]","[0.08879600153141776, -0.1965520895551145, 0.3343904939478055, -0.5671945786064623]","[1.3518224139888724, -0.9170187085093543, 2.0100363636363636, 0.20537353822363968]","[1.234725, -0.8888901318954234, 0.0, 3.0273862263391065]","[0.7833925968837814, 0.20896787678284695, 0.10731148403324253]","[20.585136772372092, 2.807553775566817, 10.038004206212252]","[18.315108976727004, 10.334095908490982, 1.926091713916244, 3.87017099430019, 611.0217391304348]",-0.11747853430095301,-0.35833337472544613,-0.37777776921504513,,-0.21415060845554545,-0.46712806022403586,0.016501634583630187,0.8970783487895173,0.3333333333333333,0.2160618587406774,0.4785751474535954,-0.47577857069139484,7.0,4.0,17.0,8.0,7.0,4.0,-4.0,0.0,0.0
USK.NS,18.63,103.1303552,43.0,speculative,False,True,,True,32.38095238095238,1031303552.0,18.63,1.17,-0.5909422575110166,,0.02775263293893425,0.10519,0.059380002,0.2189,44.985,1.0601521486278331,,,,5.439425051334703,2113256000.0,-0.09688827745504036,16558000.0,-0.5309675709992202,5.480204467930687,15.923077,,0.6055583,5.178,0.602,0.0,28893,67.35,0.0,"[462520000.0, 480471000.0, 474070000.0, 577073000.0, 581642000.0]","[24573000.0, 133547000.0, -47867000.0, 8161000.0, -77283000.0]","[0.44, 2.45, -0.86, 0.15, -1.4]","[0.038811294646718064, -0.01332234411650235, 0.21727382032189335, 0.00791754249462362]","[4.434704757253897, -1.3584281189393996, -1.1704932416905174, -10.46979536821468]","[4.568181818181818, -1.3510204081632653, -1.1744186046511629, -10.333333333333334]","[0.4498451330681268, 0.39286698126581276, 0.35611381812655535]","[1.7027034555989617, 1.572421996797866, 1.7390192823723682]","[1.9225554798151936, 10.275265957446809, -2.771734022556391, 1.4053541635067497, -3.302086811352254]",-0.09606993648464457,-0.1993984188104735,-0.07082294914351961,,-0.09546506501759622,-0.3895806395367367,0.013050558949624369,0.2439562371480272,0.38095238095238093,1.134067848257327,0.04804046537678718,-0.39744432785647643,7.0,10.0,2.0,7.0,9.0,10.0,-2.0,0.0,0.0
ATL.NS,24.35,710.6774528,42.0,speculative,False,True,,True,40.95238095238095,7106774528.0,24.35,1.46,-0.09831162381025715,,0.10334614889350821,0.12448,0.04891,0.2902,218.109,1.9256212510711226,,,,3.5580185478398554,8161600000.0,0.05058136773551758,442100000.0,-0.08421161422187873,-1.6648742015480618,16.678082,,2.0158954,7.683,1.114,0.0,207847,67.17,0.0,"[2144100000.0, 2080400000.0, 2183500000.0, 2071600000.0, 1872500000.0]","[63700000.0, 87700000.0, 150300000.0, 113000000.0, 91100000.0]","[0.24, 0.3, 0.55, 0.421824, 0.34]","[-0.029709435194253953, 0.04955777735050959, -0.05124799633615751, -0.09610928750724079]","[0.37676609105180536, 0.7137970353477765, -0.2481703260146374, -0.19380530973451326]","[0.25, 0.8333333333333335, -0.23304727272727288, -0.19397663480503702]","[2.181090970981193, 2.0870269569725246, 2.0419134905554936]","[1.0068356947551578, 0.9211545412299272, 1.078354554358472]","[1.8518518518518519, 1.6075334143377886, 2.2264728385615915, 1.9958677685950412, 1.9454545454545455]",-0.03792963669416305,0.05320067031092335,-0.047339558284613004,,0.013548719966520517,-0.34525406612996945,0.3035331897035849,0.4829303361794493,0.4444444444444444,1.048979854576958,0.4667363351917553,-0.4977144126119907,4.0,10.0,2.0,4.0,7.0,15.0,0.0,0.0,0.0
HATHWAY.NS,9.76,1727.6219392,42.0,speculative,False,True,,True,43.80952380952381,17276219392.0,9.76,0.42,0.07527290514768614,,0.02508263313115575,4.0000003e-05,0.03469,0.45623,0.212,119.88297872340425,,,,2.4124650710727735,20912400000.0,0.04045627089709147,823100000.0,0.08027745104830752,1.9843017971801973,23.238096,3.0871793714360614,0.4127548,-0.479,0.513,0.0,1937687,75.0,0.0,"[5651000000.0, 5458500000.0, 5365600000.0, 5305000000.0, 5131500000.0]","[245000000.0, 113300000.0, 217000000.0, 310300000.0, 346800000.0]","[0.14, 0.06, 0.12, 0.18, 0.2]","[-0.03406476729782337, -0.0170193276541174, -0.011294170269867343, -0.03270499528746462]","[-0.5375510204081633, 0.9152691968225948, 0.4299539170506912, 0.11762810183693206]","[-0.5714285714285715, 1.0, 0.5, 0.11111111111111116]","[0.0021164139660925846, 0.0028751237900520718]","[4.006597932164556, 3.5712699884776438]","[164.2, 86.4, 118.41666666666667, 155.92307692307693, 136.8]",-0.07224336462086012,-0.09545873369904112,-0.08785042963920009,,-0.07339579185093892,-0.312676030987431,0.10033825871539537,0.2120861906215255,0.3968253968253968,0.7043295137302661,1.5371278062007665,-0.3753521123449851,4.0,10.0,7.0,9.0,7.0,7.0,-2.0,0.0,0.0
LEMERITE.NS,19.52,47.55072,42.0,speculative,False,True,,True,41.904761904761905,475507200.0,19.52,0.22,0.37009985606828266,,0.14871148366505982,-0.10965,0.00828,0.097270004,,3.431482988767703,,,,3.351591126591773,3364291000.0,-0.017136405989581882,115987000.0,0.3933437222378202,-22.95368833330364,88.72727,2.397387314401711,1.7947775,,-0.243,0.0,372773,59.65,0.0,"[897544000.0, 753100000.0, 734854000.0, 1021484000.0, 1104615000.0]","[-45122000.0, 7978000.0, 21209000.0, 42192000.0, 42969000.0]","[-0.36, 0.07, 0.164, 0.35, 0.2]","[-0.1609325002451133, -0.02422785818616391, 0.3900502684887066, 0.08138257672171068]","[-1.1768095385842825, 1.6584356981699675, 0.9893441463529633, 0.01841581342434595]","[-1.1944444444444444, 1.3428571428571425, 1.1341463414634143, -0.4285714285714285]","[0.6774927883396984, 0.653478185695349, 0.9207503835337375]","[1.9696690139159163, 2.017008046648526, 1.9604920607599294]","[-2.5443725067032896, 1.6609023929854472, 2.8378192804174676, 3.8629651193563754, 3.7490807910165955]",-0.06736740692084131,-0.12427098896322042,-0.7826038505542761,,-0.2333279441929299,-0.8109443054938144,0.0637602208158774,0.4105526178335579,0.38095238095238093,0.3659337952095206,0.5716337346044159,-0.822276025361068,13.0,8.0,11.0,5.0,3.0,4.0,-2.0,0.0,0.0
MMWL.NS,17.14,1941.5201792,42.0,speculative,False,True,,True,35.23809523809524,19415201792.0,17.14,0.06,0.6271831275367219,,0.097540741992505,0.014630001,0.0049,0.049450003,115.612,1.966339872443795,,,,2.454737992758079,12569535000.0,0.10623709065005049,58548000.0,0.6272021965841821,5.903796807183029,285.66666,4.55475677609446,29.00169,89.067,0.596,0.0,86508,59.41,0.0,"[4284514000.0, 3006698000.0, 3364177000.0, 3862151000.0, 2336509000.0]","[27345000.0, 14085000.0, 15304000.0, 14336000.0, 14823000.0]","[0.0241, 0.0124, 0.0135, 0.0127, 0.0131]","[-0.29824059391566926, 0.11889421551482715, 0.1480225327026492, -0.39502391284027993]","[-0.48491497531541417, 0.08654597089101879, -0.06325143753267115, 0.033970424107142794]","[-0.48547717842323657, 0.08870967741935476, -0.059259259259259234, 0.03149606299212615]","[1.6056774201240223, 1.0451997544355445, 1.5745589391008898]","[6.770955878668844, 2.398453728616618, 4.209831846286732]","[2.0935221467189127, 1.744086318992945, 1.9195037507212926, 1.5797967452072157, 1.610623427453173]",0.2181947236255839,0.29750184255508483,,,0.015259764463728676,0.0,0.6803921284468433,0.47358390419099355,0.5238095238095238,0.7420686502907595,0.09491279624025822,-0.21410891527335396,4.0,8.0,18.0,4.0,0.0,12.0,-4.0,0.0,0.0
PILITA.NS,7.31,171.7849984,42.0,speculative,False,True,,True,30.476190476190478,1717849984.0,7.31,0.12,0.1348455252486973,,0.08376093165640015,0.03388,0.03105,0.44436002,18.373,5.523834429169157,,,,0.340573259747196,1063902000.0,0.08925824727495857,44936000.0,0.1386815359062381,1.5537111711260911,60.916668,4.517514977797789,2.0470455,25.445,0.501,0.0,48481,50.09,0.0,"[167131000.0, 268404000.0, 298132000.0, 240435000.0, 269168000.0]","[1883000.0, 10798000.0, 7198000.0, 15452000.0, 10719000.0]","[0.01, 0.04, 0.03, 0.07, 0.05]","[0.6059498237909184, 0.11075840896558908, -0.19352836998376555, 0.11950423191299109]","[4.734466277217207, -0.3333950731616966, 1.1467074187274244, -0.30630339114677707]","[3.0, -0.25, 1.3333333333333335, -0.2857142857142857]","[0.18373130024237888, 0.11922250788798433]","[2.6668869137054, 3.5095353566412064]","[1.7063447501403706, 4.659771233876856, 3.7849542192526604, 9.880911435941531, 6.430623384085033]",-0.08050312979123886,-0.18687429044613502,0.032485878750277086,,-0.07974976581631821,-0.46011817109494846,0.1404056344448723,0.2603813501044875,0.3968253968253968,0.4846547496967684,0.031596249712574485,-0.5265878976756759,7.0,8.0,12.0,9.0,3.0,5.0,-2.0,0.0,0.0
PRAENG.NS,19.39,135.6054912,42.0,speculative,False,True,,True,37.142857142857146,1356054912.0,19.39,-2.61,0.2724516267132875,,-0.0277430873270615,-0.45532,-0.63537,0.2493,34.493,-108.52247191011236,,,,-1.3039775471434858,384264000.0,0.08810170864460964,-186346000.0,0.2684228973081384,3.0467388367111017,,,0.27894863,-19.37,0.271,0.0,85683,36.8,0.0,"[48603000.0, 70934000.0, 80696000.0, 85520000.0, 147114000.0]","[-25285000.0, -79773000.0, -11401000.0, -65099000.0, -30073000.0]","[-0.37, -1.16, -0.15, -0.93, -0.46]","[0.4594572351500936, 0.13762088702173858, 0.05977991474174682, 0.7202291861552854]","[2.1549535297607276, -0.8570819700901308, 4.7099377247609855, -0.5380420590178037]","[2.135135135135135, -0.8706896551724138, 5.2, -0.5053763440860215]","[0.3428645602784121, 0.34020332161122, 0.35719994024255197]","[2.5665192704167277, 2.62389677656186, 2.5310198797593952]","[-19.902066486972146, -34.931912922649374, -4.060301507537688, -50.12748344370861, -29.856687898089174]",-0.214661848107225,-0.018227879005142444,-0.060106632164888874,,0.03543033715992672,-0.415083001594693,0.08566622211704167,0.6164242276368952,0.3968253968253968,1.1266111277612654,0.1774647332108307,-0.46123680880047746,7.0,5.0,15.0,3.0,5.0,14.0,-7.0,0.0,0.0
SHIVAMAUTO.NS,17.08,226.7725056,42.0,speculative,False,True,,True,36.19047619047619,2267725056.0,17.08,-7.57,0.29655447857651196,,-0.027744662615690734,-0.00466,-0.19639999,0.51351,,-0.10845025217790005,,,,-0.06137712770927905,3914783000.0,-0.038157583712218,-813316000.0,0.32812017596442145,-8.599081599062517,,,-3.764602,15.732,0.445,0.0,163538,69.52,0.0,"[1095782000.0, 1094299000.0, 961847000.0, 1132336000.0, 907315000.0]","[-209894000.0, -267186000.0, -245333000.0, -124232000.0, -176561000.0]","[-1.6, -2.98, -1.87, -0.94, -1.34]","[-0.0013533713822639903, -0.1210382171600266, 0.17725168347980502, -0.19872281725565555]","[0.2729568258263695, -0.08178946501687967, -0.49361887719956143, 0.4212199755296542]","[0.8624999999999998, -0.37248322147651003, -0.49732620320855625, 0.4255319148936172]","[-9.906720646180998, 191.97625809383166, 10.75611073169957]","[0.7625751090682675, 0.3769624364000933, 0.45680737423751]","[-0.02510329468532971, 0.04548714988015885, -0.21932886469689733, 0.15155122159654505, -0.2676728916176345]",-0.04044940136038966,-0.13034620903764738,-0.0029188114133164023,,-0.010116176016526035,-0.4499194736430212,0.28035979972553626,0.5396342201864962,0.3492063492063492,2.2890628228316046,0.1724027122642994,-0.5703703548995396,7.0,10.0,11.0,0.0,0.0,18.0,-4.0,0.0,0.0
VAKRANGEE.NS,5.2,563.4742272,42.0,speculative,False,True,,True,41.904761904761905,5634742272.0,5.2,0.08,1.1544346900318838,,0.0678378155590739,0.03748,0.04422,0.19398001,1.705,11.002436775553214,,,,5.4262306722763665,2547424000.0,0.08891253655760911,112662000.0,1.2382019859613491,13.926067502967713,65.0,0.5630461433743367,2.479733,23.589,0.603,0.0,1132123,40.05,0.0,"[559231000.0, 567421000.0, 601049000.0, 688383000.0, 631771000.0]","[26147000.0, 20334000.0, 31858000.0, 31861000.0, 25426000.0]","[0.01, 0.01, 0.03, 0.03, 0.02]","[0.014645110875470158, 0.059264637720493285, 0.14530262923655135, -0.08223910236016874]","[-0.22231996022488243, 0.5667355168682995, 9.416786992288984e-05, -0.20197106179969238]","[0.0, 2.0, 0.0, -0.33333333333333326]","[0.020853367622544135, 0.022657542461589075]","[1.81450533838339, 2.1594319823305383]","[10.523500389509218, 6.896505376344086, 10.62165867032214, 13.913211719181868, 10.169066534260178]",-0.10517243335419912,-0.1449753030567147,-0.1890625031432136,,-0.10844568861344706,-0.43216631703826747,0.1089744118778917,0.1952247145636478,0.31746031746031744,0.8506739535019155,0.5930512051588464,-0.4879650270738112,4.0,5.0,15.0,9.0,3.0,8.0,-2.0,0.0,0.0
DAVANGERE.NS,2.25,381.5765504,41.0,speculative,False,True,,True,34.285714285714285,3815765504.0,2.25,0.2,-0.2519354751757469,,0.062042226069169606,0.22994,0.03264,0.31248,60.22,1.4224210833833049,,,,-5.540773743049596,2352900000.0,-0.05003383579637499,85067000.0,-0.136670553746449,2.731562583022086,11.25,,0.8690614,12.557,0.486,0.0,11970979,35.1,-6.530000000000001,"[347156000.0, 838238000.0, 826861000.0, 481926000.0, 240701000.0]","[9384000.0, 19499000.0, 26227000.0, 26299000.0, 13042000.0]","[0.007, 0.01, 0.01, 0.18, 0.014]","[1.414585949832352, -0.013572517590469513, -0.4171620139297899, -0.5005436519299644]","[1.0778985507246377, 0.34504333555566946, 0.002745262515728042, -0.5040876078938363]","[0.4285714285714286, 0.0, 17.0, -0.9222222222222223]","[0.6022027149041607, 0.3971837382066726, 1.0191001250072538]","[1.9647114421573184, 2.393889981409117, 1.4277280560773]","[1.1781700328270184, 1.3109251120779135, 1.7152658119793232, 1.3529087750519047, 1.2481157585869627]",0.14795916133103737,-0.3679775179312875,-0.39516129497434793,,-0.30058325130045527,-0.5631068042068703,0.2857142857142858,0.6992194108833553,0.3333333333333333,1.5565226929335956,4.652184776762751,-0.660194181049788,7.0,5.0,2.0,6.0,9.0,12.0,0.0,0.0,0.0
MAGNUM.NS,18.46,126.287296,41.0,speculative,False,True,,True,31.428571428571427,1262872960.0,18.46,-0.2,,-0.00221,0.02138703423742619,0.03948,-0.00317,0.37255,45.037,0.6008433327911312,2.45,0.881,,-5.492490222788592,4534671000.0,8.719536164880637e-05,-113785000.0,,,,,0.18532832,5.261,0.363,0.0,18069,55.21,0.0,"[1234063000.0, 1287082000.0, 1018847000.0, 1186020000.0, 1157715000.0]","[-82787000.0, 53201000.0, 2610000.0, 11994000.0, -181589000.0]","[-1.21, 0.79, 0.04, 0.18, -2.73]","[0.04296296056198101, -0.2084055250559016, 0.16408057343251725, -0.02386553346486564]","[-1.6426250498266635, -0.9509407717900039, 3.5954022988505745, -16.139986659996666]","[-1.6528925619834711, -0.9493670886075949, 3.5, -16.166666666666668]","[0.4503732068200267, 0.38831869697112475, 0.39029218548802425, 0.39355350051251603, 0.32399631728902856]","[2.449740433666754, 2.1698122972708007, 2.5918755391687642, 2.455076594304998, 2.1667360065844736]","[0.5659573543156476, 1.274893255207852, 0.8020010637550553, 0.8959733904113031, -0.7792458946756542]",-0.028421100817228595,-0.04845363672892844,-0.1703371197989817,,-0.027920981689847357,-0.27777779850622364,0.1047277136972522,0.21303030724869138,0.3968253968253968,0.990191835948323,0.057315543517789835,-0.34624415361439964,7.0,8.0,2.0,9.0,7.0,10.0,-2.0,0.0,0.0
NAGREEKEXP.NS,21.57,67.4046336,41.0,speculative,False,True,,True,30.476190476190478,674046336.0,21.57,1.04,-0.1757429400382886,,0.07888775158497227,0.025190001,0.00535,0.16143,108.513,1.3685235683677444,,,,5.645950359242326,5024674000.0,0.09627824543312458,30620000.0,0.0030117365067765522,0.03128158903631581,20.740385,,0.41539884,12.38,1.146,0.0,64191,57.32,0.0,"[1738156000.0, 1701004000.0, 1277786000.0, 1229957000.0, 903055000.0]","[10364000.0, 4293000.0, 6223000.0, 10907000.0, 9196000.0]","[0.33, 0.14, 0.2, 0.35, 0.29]","[-0.02137437606290804, -0.24880482350423627, -0.03743115044303191, -0.26578327535027646]","[-0.5857776920108066, 0.4495690659212672, 0.7526916278322353, -0.15687173374896857]","[-0.5757575757575757, 0.4285714285714286, 0.7499999999999998, -0.17142857142857149]","[1.0851298605463218, 1.1068726971662772, 1.0773593707692157]","[1.3791526946280694, 1.2923914870659197, 1.4186355308289873]","[1.3919199316489685, 1.2918712493180577, 1.3417241379310345, 1.335533969288041, 1.2658627698730978]",0.012676078283321734,-0.13720001220703126,0.005594355599842116,,-0.08476793133694605,-0.36352906216302006,0.1851647687151241,0.5249403422511422,0.4444444444444444,0.9811501825481891,0.09509984665081979,-0.4629683950806276,10.0,8.0,4.0,4.0,8.0,7.0,0.0,0.0,0.0
OPTIFIN.NS,14.31,106.9286144,41.0,speculative,False,True,,True,40.0,1069286144.0,14.31,0.77,0.011812115789564981,,0.12477652248426406,0.044120003,0.028180001,0.14214,35.133,4.3343712506427465,,,,-2.9424105448397224,1852609000.0,0.24603527826188643,57962000.0,0.0859414387944415,0.3493053492229808,18.584417,15.733351527435737,1.5914147,,-0.277,0.0,329248,53.89,0.0,"[598403000.0, 560967000.0, 435506000.0, 458623000.0, 397512000.0]","[13107000.0, 14023000.0, 12360000.0, 17196000.0, 14388000.0]","[0.18, 0.19, 0.17, 0.23, 1.9]","[-0.06255984679221194, -0.22365130212650652, 0.05308078419126261, -0.13324887761843607]","[0.06988632028686959, -0.11859088640091275, 0.39126213592233006, -0.16329378925331473]","[0.05555555555555558, -0.10526315789473684, 0.3529411764705881, 7.260869565217391]","[0.5861629401492013, 0.41982126980212475, 0.4008058363782054]","[2.3802677038862727, 4.719469516881445, 2.9289217399539553]","[2.7038229111928533, 4.126275882181394, 3.5017627540439653, 4.539205597859642, 3.8342403134523293]",-0.03571426735320937,,,,,,,0.9974550338919819,0.4117647058823529,,0.2903749698438978,,7.0,8.0,10.0,9.0,5.0,2.0,0.0,0.0,0.0
SAMPANN.NS,24.13,123.3284224,41.0,speculative,False,True,,True,40.0,1233284224.0,24.13,1.45,,0.20729,0.08398708769131875,0.07258,0.04618,0.19665001,201.921,7.4706777813962,1.985,0.549,,-0.2492174795463472,1346853801.0,0.32620381439224655,67803659.0,,,16.641378,,2.4733498,13.334,0.405,0.0,17041,40.4,-0.25,"[417047000.0, 387465000.0, 363722000.0, 326796000.0, 323764000.0]","[20541000.0, 11974000.0, 18984000.0, 18300000.0, 54544000.0]","[0.42, 0.25, 0.39, 0.45, 1.34]","[-0.07093205322181917, -0.061277792832901024, -0.10152259142971831, -0.009277959338547581]","[-0.4170683024195512, 0.585435109403708, -0.03603034134007588, 1.9805464480874315]","[-0.40476190476190477, 0.56, 0.15384615384615374, 1.9777777777777779]","[2.0192094492215418, 2.109509191367585, 2.114572041579144, 2.0250668959571114, 5.603384138757604]","[1.985345793651056, 2.005073546805441, 2.370043444008827, 2.2579236626999837]","[5.5338507265521795, 4.482197134172818, 8.308556611927399, 9.22367978472923, 25.345478635309703]",-0.019504324976857612,-0.15481611889349456,-0.12730562409862256,,-0.08647058728032353,-0.4359513826717506,0.013014251465743865,0.2735250568602429,0.4444444444444444,0.38152466057043166,0.04409780545976639,-0.44319774720630045,7.0,5.0,7.0,11.0,6.0,5.0,0.0,0.0,0.0
SUNDARAM.NS,1.1,52.1265536,41.0,speculative,False,True,,True,39.04761904761905,521265536.0,1.1,0.08,-0.08035860787295968,,0.05021014790075322,0.00853,0.026989998,0.31823,23.312,3.0591282947995597,,,,-0.6853593332284951,1371125000.0,0.06232247194983365,31795000.0,0.07085600646189127,1.1369254820143637,13.750001,,0.7115136,8.873,0.496,0.0,478372,31.11,0.0,"[495975000.0, 443499000.0, 260683000.0, 260344000.0, 406599000.0]","[3181000.0, 11734000.0, 16199000.0, 8301000.0, -4438000.0]","[0.01, 0.02, 0.03, 0.02, -0.01]","[-0.10580371994556181, -0.41221287984865806, -0.0013004300242056566, 0.5617759579633101]","[2.6887771141150583, 0.3805181523777059, -0.4875609605531206, -1.5346343813998313]","[1.0, 0.5, -0.33333333333333326, -1.5]","[0.24806129751102907, 0.30884186672662867, 0.3224161447968763]","[2.9255376629614065, 2.3637419978781296, 2.447374841417]","[1.9836116264687693, 3.4849639983058025, 4.548521358159912, 0.36372759856630826]",-0.10569105139490376,-0.14728677800753032,-0.15384610446952318,,-0.08900812633538069,-0.46601939106967305,0.05769236941309597,0.3965368460162701,0.30158730158730157,0.6884156271747809,0.04338051261428237,-0.4951456355626088,10.0,2.0,5.0,9.0,10.0,5.0,0.0,0.0,0.0
TTL.NS,7.77,200.7075968,41.0,speculative,False,True,,True,26.666666666666668,2007075968.0,7.77,0.03,-0.3391781289020406,,0.07404568120593798,0.04473,0.00274,0.37313998,63.733,1.4459141494435612,,,,-20.710309278350515,1893874000.0,-0.019330247309092163,2910000.0,,,259.0,,1.6043775,26.41,0.068,0.0,494765,51.11,0.0899999999999963,"[570872000.0, 405914000.0, 456716000.0, 481692000.0, 624940000.0]","[6870000.0, -9988000.0, 1756000.0, 4272000.0, -41141000.0]","[0.03, -0.04, 0.01, 0.01948, -0.18]","[-0.2889579450384675, 0.12515458939578328, 0.054686063111430316, 0.2973850510284579]","[-2.4538573508005825, -1.1758109731678013, 1.4328018223234622, -10.630383895131086]","[-2.3333333333333335, -1.25, 0.948, -10.240246406570842]","[0.6373326683227987, 0.5821813744596837, 0.9899308501494457]","[2.0027732184008, 2.815795111380275, 1.825079206503773]","[1.5747345494146474, 1.615371659555356, 1.4313958462050282, 1.2086136023916294, 0.7056660612235857]",0.13265303639956527,0.16317367973031582,-0.09651167020080609,,0.05367545559371045,-0.2521655703389858,0.35365858723943844,0.3988268663319505,0.3968253968253968,1.7993397846795518,0.2683591686199474,-0.44754575731972546,7.0,8.0,0.0,5.0,3.0,20.0,-2.0,0.0,0.0
UCOBANK.NS,23.26,29167.0130688,41.0,speculative,False,True,,True,50.476190476190474,291670130688.0,23.26,2.24,0.13040381433805548,0.08541001,0.00735,0.60444,0.21541001,0.0,,,,,,-3.8239588603276604,123288658000.0,0.07764272198275934,27678587000.0,0.14866074601019474,1.914677154713935,10.383928,0.7962902046009922,0.86272764,,0.728,1.9,3122504,90.95,0.0,"[34765500000.0, 31137500000.0, 31895600000.0, 30506300000.0, 34004300000.0]","[6563200000.0, 8011500000.0, 7395100000.0, 6197600000.0, 6074400000.0]","[0.52, 0.64, 0.59, 0.49, 0.48]","[-0.1043563302699515, 0.02434684865515857, -0.04355773210097946, 0.11466483972163122]","[0.22066979522184305, -0.07693939961305618, -0.16193154926911058, -0.01987866270814509]","[0.23076923076923084, -0.07812500000000011, -0.1694915254237288, -0.020408163265306145]","[0.7307918927885974, 0.5506840735447284, 0.7692568496123134, 0.6614458599530509, 0.8305400938217762]",[],[],-0.061339806926754226,-0.1091535930619556,-0.07947051211134515,,-0.07399795234025186,-0.2957593005858712,0.05338098549272474,0.18250051025562355,0.42857142857142855,0.5616223820194634,7.917746132225331,-0.33144730243567444,0.0,10.0,12.0,3.0,8.0,8.0,0.0,0.0,0.0
BCG.NS,9.11,1838.8733952,40.0,speculative,False,True,,True,46.666666666666664,18388733952.0,9.11,5.02,-0.11103867251554944,,0.13527818160018637,0.21518,0.14022,0.33369,,86272.7891566265,,,,0.10666763238177143,69280584000.0,-0.02158479189248963,9623266000.0,-0.11128531933237773,5.155728157430101,1.814741,,0.17395787,0.234,0.699,0.0,6271993,18.38,0.0,"[17521757000.0, 15966396000.0, 22319419000.0, 16439832000.0, 9874944000.0]","[2615770000.0, 2078313000.0, 3105961000.0, 2330296000.0, 1206769000.0]","[1.3, 1.0296, 1.5387, 1.1545, 0.5978]","[-0.0887674107111519, 0.39789962618990526, -0.2634292138160048, -0.39932816831704854]","[-0.2054679883934749, 0.494462576137473, -0.24973430123559182, -0.4821391788854291]","[-0.20799999999999996, 0.4944638694638692, -0.24969129784883337, -0.4822000866175834]","[0.0, 0.0]","[6.71047576578862, 5.860123924034847, 6.997552642386123]","[71138.35849056604, 87009.48717948717, 87622.94117647059, 101694.0, 44642.07692307692]",0.014476628181268714,-0.03902952567778284,-0.05301457743751281,,-0.009983276185374423,-0.3823729046320511,0.11505502712427162,0.38727709388593623,0.36507936507936506,1.4816059146470157,9.979422431498476,-0.4461016897427834,4.0,0.0,2.0,7.0,10.0,17.0,0.0,0.0,0.0
BESTAGRO.NS,18.06,640.5360128,40.0,speculative,False,True,,True,37.142857142857146,6405360128.0,18.06,1.17,-0.6413109169538198,,0.07044312361070842,0.1715,0.02328,0.32682,57.549,1.2025159826768406,,,,10.985343855693348,12475100000.0,-0.10595379176186315,88700000.0,-0.6412729793154786,6.05238348389432,15.435898,,0.83317953,7.275,0.047,0.56,551337,50.44,0.0,"[3962000000.0, 1556900000.0, 2029100000.0, 5168300000.0, 3812400000.0]","[406500000.0, -372400000.0, -127400000.0, 389300000.0, 199200000.0]","[1.15, -1.05, -0.024, 1.097333, 0.56]","[-0.6070418980312973, 0.30329500931337905, 1.5470898427874427, -0.2623493218272933]","[-1.9161131611316113, -0.6578947368421053, -4.055729984301413, -0.4883123555098895]","[-1.9130434782608696, -0.9771428571428571, -46.72220833333333, -0.48967177693553365]","[0.5754777111489783, 0.5382486657442183, 0.6307598896529877]","[1.5277703371571654, 1.4295096756732375, 1.3650332919932098]","[4.6376329787234045, -2.947840260798696, -0.3663230240549828, 5.0984375, 2.868995633187773]",-0.09526964499763757,0.1938158272896926,0.05141502242433815,-0.2653564289180763,0.06166074007592037,-0.39694659600099735,0.47625518994935967,0.6783406460208715,0.3968253968253968,0.3393929633930016,0.8885795447141076,-0.5914978601906291,4.0,8.0,2.0,6.0,9.0,11.0,0.0,0.0,0.0
BHANDARI.NS,2.85,94.8925824,40.0,speculative,False,True,,True,35.23809523809524,948925824.0,2.85,0.26,-0.05824484332560387,,0.09779961457201454,0.082270004,0.02772,0.29969,57.828,2.032252002769261,,,,-0.949847456972568,2803373000.0,-0.003411382795969309,77683000.0,0.060868961668444355,-17.8428998763679,10.961538,,0.48859933,6.414,0.551,0.36,99599,41.83,0.0,"[508471000.0, 900483000.0, 590476000.0, 683346000.0, 629067000.0]","[12966000.0, 18860000.0, 21942000.0, 20692000.0, 16190000.0]","[0.04, 0.06, 0.078366, 0.078366, 0.07]","[0.770962355768569, -0.34426746534915154, 0.15727988944512572, -0.07943121054341429]","[0.4545734999228752, 0.1634146341463414, -0.05696837116033182, -0.21757200850570269]","[0.5, 0.30610000000000004, 0.0, -0.10675548069315777]","[0.5557943308443737, 0.6495250129169885, 0.6665365079012683]","[2.2923512226499065, 2.1304742007559576, 2.158422085353375]","[1.7292381464180893, 2.1257878658984573, 1.9227200879664628, 2.0413100980239616, 1.8399984469638142]",-0.04680141950744643,-0.030645469439839368,-0.14383355064992642,,-0.015222522757249113,-0.41640903994917966,0.4086679436922458,0.2014829693666054,0.3333333333333333,0.5530611078779862,0.035787522794460055,-0.5857143177964454,10.0,5.0,2.0,6.0,10.0,7.0,0.0,0.0,0.0
CCHHL.NS,12.92,211.1964416,40.0,speculative,False,True,,True,24.761904761904763,2111964416.0,12.92,-1.09,,,-0.03851792034836849,0.02219,-0.16382,0.75206,7.896,-33.4137864452597,,,,1.4816236723167047,783152000.0,0.06869616557063751,-176341000.0,,,,,0.7082945,10.065,0.33,0.0,34851,73.8,0.0,"[153642000.0, 183260000.0, 158824000.0, 200810000.0, 240258000.0]","[4189000.0, -168406000.0, -13112000.0, 1339000.0, 2583000.0]","[0.03, -1.03, -0.08, 0.01, 0.02]","[0.19277280951823061, -0.13334060897086109, 0.26435551302070226, 0.196444400179274]","[-41.201957507758415, -0.9221405413108796, -1.1021201952410007, 0.9290515309932785]","[-35.333333333333336, -0.9223300970873787, -1.125, 1.0]","[0.07895770094423732, 0.0749893653399204, 0.10890116635972989]","[0.7386554980982093, 0.5760954825414359, 0.6339175404363472]","[-23.807539682539684, 2.3300117233294255, 2.3287302121926574]",0.02215187700679966,0.031125327345100873,0.10521818135688199,,0.0008889522868811284,-0.2488372381859164,0.22117203870151014,0.2531612806964818,0.5079365079365079,1.122713247514244,0.0344481204121542,-0.3848837526506046,7.0,10.0,2.0,4.0,6.0,15.0,-4.0,0.0,0.0
SAKHTISUG.NS,18.75,223.1574272,40.0,speculative,False,True,,True,40.95238095238095,2231574272.0,18.75,2.28,-0.5930261607191594,,0.15466407349132627,0.045840003,0.02815,0.37497002,315.597,1.3872456823278494,,,,-0.1248147292470099,8414483000.0,-0.07085318642768301,281345000.0,-0.5931659283486355,8.371760795176883,8.223684,,0.97620654,10.864,0.233,0.0,179865,59.84,0.010000000000005116,"[3769099000.0, 3019241000.0, 1263531000.0, 3024241000.0, 3218325000.0]","[-18295000.0, 865010000.0, -342044000.0, -11008000.0, 740955000.0]","[-0.15, 7.28, -2.88, -0.09, 6.23]","[-0.19894887345755574, -0.5815070741288952, 1.393483816384402, 0.06417610236750315]","[-48.28122437824542, -1.3954220182425636, -0.9678170059992282, -68.31059229651163]","[-49.53333333333334, -1.3956043956043955, -0.96875, -70.22222222222223]","[3.155965831290353, 3.945736816537754]","[0.7019088214826522, 0.7895441497608419]","[0.9002185991438201, 6.023501601603316, -0.730813541806212, 0.9251514351361044, 3.8818073371637385]",-0.05207283371536553,0.13912521524303045,0.1517198531435342,,0.03160647723105048,-0.16294641431649093,0.35574838058101177,0.4713116466658788,0.3968253968253968,0.8579080006482632,0.2982875753637314,-0.36384544299400745,7.0,8.0,2.0,3.0,9.0,14.0,-3.0,0.0,0.0
STEELXIND.NS,11.44,1459.1930368,40.0,speculative,False,True,,True,28.57142857142857,14591930368.0,11.44,0.26,,,0.09605731042327183,0.10386,0.03089,0.26516,54.377,1.655101801631691,,,,-1.4081545700418658,10582419000.0,-0.08652300824787784,269910000.0,,,44.0,,1.8430804,13.181,0.588,0.0,10710493,49.67,-1.1299999999999955,"[2697139000.0, 2873275000.0, 2403505000.0, 2317630000.0, 2999989000.0]","[150256000.0, 123704000.0, 22790000.0, 21128000.0, 102288000.0]","[0.12, 0.1, 0.02, 0.02, 0.09]","[0.06530475440828232, -0.16349635868477608, -0.03572907066970943, 0.2944210249263255]","[-0.1767117452880418, -0.8157699023475393, -0.07292672224659935, 3.8413479742521774]","[-0.16666666666666663, -0.8, 0.0, 3.5]","[0.5437705629616838, 0.47764935936024766, 0.5067939191778088]","[2.2580784430728933, 1.8540473395110906, 1.9102389258890131]","[2.0746695657149394, 2.457132296494271, 1.1662205430794927, 1.1096009793953479, 1.5414756545583517]",0.016919015298533235,-0.060082268737110645,0.28314613098599417,0.11523440737801205,-0.010126251701750077,-0.1471247361103465,0.6244665342058753,0.37908847658051315,0.4126984126984127,2.289371602690136,13.262781058260588,-0.3466542694916934,4.0,5.0,0.0,6.0,4.0,21.0,0.0,0.0,0.0
SUBEXLTD.NS,19.56,1085.2969472,40.0,speculative,False,True,,True,27.61904761904762,10852969472.0,19.56,0.54,,,0.09172032079521067,0.15607001,0.1025,0.94218004,8.247,13.054662379421222,,,,2.506484402383456,2790600000.0,0.0004423509734776676,285300000.0,,,36.22222,,3.166073,33.02,0.928,0.0,16484156,,,"[794500000.0, 729600000.0, 707900000.0, 689100000.0, 664000000.0]","[142200000.0, 99300000.0, 29300000.0, 28600000.0, 128100000.0]","[0.26, 0.18, 0.05, 0.05, 0.23]","[-0.08168659534298306, -0.029742324561403466, -0.026557423364882093, -0.03642432157887099]","[-0.30168776371308015, -0.7049345417925479, -0.023890784982935176, 3.479020979020979]","[-0.3076923076923077, -0.7222222222222222, 0.0, 3.5999999999999996]","[0.0824655056736968, 0.09202739131781985, 0.06364950078822912]","[2.6402745995423342, 2.573945104465383, 2.2163416898792945]","[27.126984126984127, 17.0, 9.727272727272727, 6.146341463414634, 15.858585858585858]",0.13194436855890435,0.6299999554951985,1.2560552818707063,,0.38906972100005777,-0.11413045590901882,1.9281437078729886,0.7079720040256192,0.47619047619047616,3.240123808315299,34.048227847410324,-0.5285815248855154,4.0,0.0,2.0,10.0,1.0,25.0,-2.0,0.0,0.0
VAISHALI.NS,8.1,105.6743296,40.0,speculative,False,True,,True,29.523809523809526,1056743296.0,8.1,0.0,-0.5719274906065219,,0.098151159337491,0.058920003,0.04107,0.12403,27.331,3.7161296828518124,,,,0.10806855668824565,1047522000.0,0.1795741426317412,40317000.0,-0.151661552794908,-0.8445623104319953,,,1.5288789,32.201,0.356,0.0,193790,30.54,-1.0700000000000003,[311022000.0],[-42925000.0],[],[],[],[],[0.18975878094956414],[2.6086500602952594],[-5.049568034557235],-0.03110039304844403,0.08870972031898616,0.3613446455673297,,0.0911006124749354,-0.2875989038700473,0.6598361048189669,0.37201077051344833,0.5079365079365079,1.1138259857008939,0.16551868209100723,-0.570800337417861,7.0,2.0,5.0,9.0,3.0,16.0,-2.0,0.0,0.0
YESBANK.NS,20.86,65477.5943168,40.0,speculative,False,True,,True,51.42857142857142,654775943168.0,20.86,1.21,0.5874010519681994,0.074650005,0.00863,0.30765,0.23185,0.0,,,,,,6.041736620624011,184369556000.0,0.25310536537070627,35117146000.0,0.6836409638970069,2.7010133226363036,17.23967,0.29349062182022306,1.2540579,,0.539,0.0,79016239,,,"[46559800000.0, 44484400000.0, 41792800000.0, 41942500000.0, 40859000000.0]","[10718000000.0, 10821900000.0, 9565500000.0, 8086500000.0, 7445300000.0]","[0.34, 0.34, 0.3, 0.26, 0.24]","[-0.04457493374112431, -0.060506604562498345, 0.003581956700675626, -0.025832985635095618]","[0.009693972756111169, -0.11609791256618529, -0.15461815900893838, -0.07929264824089532]","[0.0, -0.11764705882352955, -0.1333333333333333, -0.07692307692307698]","[1.3065168163910754, 1.2793754327208444, 1.2712394055351859, 1.38045116116439, 1.4815778227017053]",[],[],-0.06958070743237266,-0.11759724412320371,0.09329144097290776,-0.04879159507223918,-0.03351759366447482,-0.18131864265643072,0.2092753977015398,0.2494835957242285,0.4126984126984127,0.8674258727869958,175.02781908174973,-0.28214733636747014,0.0,0.0,20.0,3.0,5.0,12.0,0.0,0.0,0.0
AKG.NS,9.49,30.1559712,39.0,speculative,False,True,,True,26.666666666666668,301559712.0,9.49,0.12,-0.501885276413045,,0.022717663813437376,0.01272,0.0047299997,0.092259996,10.82,1.6382722653115807,,,,12.048972188633616,845743000.0,-0.27413860841651905,3308000.0,-0.4951657120566473,1.8062603984051215,79.083336,,0.6146771,68.948,0.525,0.0,15565,50.69,13.089999999999996,"[207184000.0, 163943000.0, 181871000.0, 232316000.0, 285554000.0]","[885000.0, 693000.0, 1025000.0, 1120000.0, 777000.0]","[0.03, 0.02, 0.03, 0.04, 0.02]","[-0.20870820140551394, 0.1093550807292778, 0.27736692490831416, 0.2291620034780213]","[-0.2169491525423729, 0.479076479076479, 0.09268292682926838, -0.30625]","[-0.33333333333333326, 0.5, 0.3333333333333335, -0.5]","[0.1082016244357002, 0.15715714028938618, 0.20637468599686842, 0.2142133495631925]","[7.615593960068225, -2.115549477465709, -4.195728936119887, 3.0000825085749985]","[1.903971119133574, 1.5226683937823835, 1.8166472642607683, 1.6543488057683642, 1.5060352831940576]",0.016059916068493107,-0.11638733953807712,-0.12048194581379845,,-0.014958420414400875,-0.3517759871196645,0.12574133185873948,0.546628241818814,0.47619047619047616,0.8129769554388094,0.024521650786890982,-0.424180320527064,13.0,10.0,2.0,6.0,5.0,9.0,-6.0,0.0,0.0
AROGRANITE.NS,23.04,35.2512,39.0,speculative,False,True,,True,34.285714285714285,352512000.0,23.04,-12.71,0.2722260490329471,,0.016226207834860697,-0.24905,-0.28804,0.34986,87.15,0.23106699751861043,,,,-1.4156209012058387,735159000.0,-0.23452265520639426,-118175000.0,0.26861505722420453,-1.145369333243336,,,0.20266171,-25.717,0.482,0.0,2608,41.08,0.0,"[206242000.0, 115189000.0, 146912000.0, 202691000.0, 270366000.0]","[-74549000.0, -64073000.0, -29743000.0, -24917000.0, 558000.0]","[-4.83, -4.21, -1.92, -1.66, 0.0]","[-0.44148621522289344, 0.27539956072194394, 0.37967626878675675, 0.33388260948932125]","[-0.14052502380984322, -0.5357951087041344, -0.16225666543388362, -1.0223943492394751]","[-0.12836438923395443, -0.5439429928741093, -0.13541666666666663, -1.0]","[0.8715052066535243, 0.8085142479648297, 0.858963743003444]","[1.4673361894724968, 1.4012695029918492, 1.4563022728681811]","[-1.5607540702656384, -0.7853191013747625, 0.22797188012051378, 0.43594006087567316, 1.0285147604127742]",-0.07729268926310884,-0.08932799959229476,0.026737984277633853,,-0.06204454305350582,-0.39921768364410937,0.2100840235116772,0.292865262509026,0.4444444444444444,0.7422413262419595,0.014907835870800018,-0.5035201649779544,13.0,5.0,11.0,2.0,5.0,5.0,-2.0,0.0,0.0
MADHAVIPL.NS,7.39,199.2207744,39.0,speculative,False,True,,True,46.666666666666664,1992207744.0,7.39,0.96,-0.07266545047830553,,0.13911795747706876,0.14011,0.05207,0.18615,68.69,3.576699717226067,,,,1.1768709716249193,5021304000.0,-0.006918011525029466,274149000.0,-0.06851910159974639,9.904450339789589,7.6979165,,0.8303371,4.21,0.631,0.0,104081,68.81,0.0,"[883659000.0, 2540648000.0, 537015000.0, 1068203000.0, 875437000.0]","[62571000.0, 115768000.0, -41866000.0, 125416000.0, 74831000.0]","[0.23, 0.43, -0.16, 0.46, 0.28]","[1.8751452766282015, -0.788630695790995, 0.9891492788842025, -0.1804582087861577]","[0.8501861884898756, -1.361637067237924, -3.9956527970190607, -0.40333769216048987]","[0.8695652173913042, -1.372093023255814, -3.875, -0.3913043478260869]","[0.6896559639536767, 0.81460302910571, 0.7516408905845842]","[1.6078451035322583, 1.8544516990013278, 1.4047385902142553]","[2.4711808685508245, 6.24284081528986, 0.46978718472481784, 2.8228105637245187, 2.1625615125615125]",-0.07393485603730521,,,,,,,0.405658597487337,0.38235294117647056,,0.07148924501820564,,7.0,10.0,2.0,9.0,10.0,1.0,0.0,0.0,0.0
MOHITE.NS,2.5,50.249248,39.0,speculative,False,True,,True,34.285714285714285,502492480.0,2.5,-0.04,-0.18540309215782913,,0.07870295471218546,-0.12316,0.01495,0.49556,84.044,1.453719365508946,,,,6.798625106982137,1533366000.0,0.2201214879376927,36221000.0,-0.18501431936530754,-0.8405100342483486,,,0.38687712,9.292,0.168,0.0,52280,68.82,0.0,"[178132000.0, 302469000.0, 459570000.0, 517673000.0, 253653000.0]","[-24562000.0, 3593000.0, 12351000.0, 30416000.0, -10140000.0]","[-0.12, 0.02, 0.06, 0.0, -0.05]","[0.6980048503357061, 0.5193953760550667, 0.12642905324542508, -0.5100130777537171]","[-1.1462828759872974, 2.437517394934595, 1.4626346044854666, -1.3333771699105734]","[-1.1666666666666667, 2.0, -1.0, -inf]","[0.8874925060468449, 1.0283115788593877, 1.0088343498037786]","[2.832283704943241, 3.3567775662078123, 2.8122132632824446]","[-8.360518292682928, 1.4654218945115063, 1.3227838176876436, 3.0127051349920593, 0.5843751280895192]",-0.10714284193759038,,,,,,,0.6261792855571225,0.45454545454545453,,0.020063503153209684,,10.0,10.0,7.0,4.0,7.0,1.0,0.0,0.0,0.0
SAKUMA.NS,1.55,242.9963776,39.0,speculative,False,True,,True,32.38095238095238,2429963776.0,1.55,0.07,-0.3727002951740468,,0.017344828049552587,0.00054000004,0.00641,0.045149997,1.175,11.220726095108233,,,,28.267782998538888,17080024000.0,-0.18600308352776196,95133000.0,-0.3058733835052111,1.644453294558194,22.142857,,0.3244714,16.869,0.649,0.0,1266244,46.29,0.0,"[3333176000.0, 7146804000.0, 3633462000.0, 2543084000.0, 3756674000.0]","[28168000.0, 65200000.0, 6062000.0, 7346000.0, 16518000.0]","[0.02, 0.04, 0.0, 0.01, 0.01]","[1.144142403521446, -0.4915962435796476, -0.3000934095361394, 0.477211920644383]","[1.3146833285998296, -0.9070245398773006, 0.21181128340481692, 1.2485706506942553]","[1.0, -1.0, inf, 0.0]","[0.01175188323244425, 0.061940989411294015, 0.1492260145122279]","[4.5480216908373166, 5.053933541259444, 4.228467637787065]","[25.722306525037936, 25.248517200474495, 5.418736692689851, 4.275180539718738, 3.124922311995028]",-0.01898739859760079,-0.10919543458568404,-0.25837319810018033,,-0.08165639704813343,-0.4781144991969629,0.396396335442049,0.4358333089922988,0.3333333333333333,1.1468133433329,0.15817829393243968,-0.626262625046329,7.0,5.0,2.0,9.0,7.0,11.0,-2.0,0.0,0.0
SUVIDHAA.NS,2.04,43.4068064,39.0,speculative,False,True,,True,37.142857142857146,434068064.0,2.04,-0.35,0.7471609294725976,-0.30298,-0.34548712823517247,-2.8091002,-2.88003,-1.31448,4.628,-131.9078947368421,0.795,0.36,-32023750.0,0.41049290885649115,32150000.0,-0.5316120808703824,-100830000.0,0.7941076965046068,-1.4937728563362467,,,1.59375,-4.522,0.804,0.0,242605,38.33,0.0,"[24000000.0, 6800000.0, 8000000.0, 10000000.0, 10200000.0]","[-19100000.0, -12600000.0, -21700000.0, -15800000.0, -43000000.0]","[-0.09, -0.09, -0.1, -0.08, -0.2]","[-0.7166666666666667, 0.17647058823529416, 0.25, 0.020000000000000018]","[-0.3403141361256544, 0.7222222222222223, -0.27188940092165903, 1.721518987341772]","[0.0, 0.11111111111111116, -0.20000000000000007, 1.5]","[0.04828561855478203, 0.039159503342884434, 0.0945440956651719]","[0.7946210268948656, 0.8843813387423936, 1.097376190741463]","[-94.5, -186.0, -107.5, -87.0, -142.33333333333334]",-0.15702483572763382,-0.19685039665718373,-0.2989691059508375,,-0.11481911630559105,-0.4887218152939602,0.0,0.5150368345638034,0.3333333333333333,1.50974516553442,0.04360899489123225,-0.4887218152939602,13.0,5.0,11.0,3.0,3.0,13.0,-9.0,0.0,0.0
ASHIMASYN.NS,14.77,283.0819584,38.0,speculative,False,True,,True,43.80952380952381,2830819584.0,14.77,-0.08,0.38382750364445894,,0.005853392926015836,0.38849,-0.90102,0.71388,59.301,0.2951945080091533,,,,1.9847290640394089,120100000.0,-0.6128568836851768,-203000000.0,0.4506349306453876,-0.7353020625886905,,,1.0222869,-53.089,0.238,0.0,84728,73.49,0.0,"[83300000.0, 68600000.0, 7800000.0, 40100000.0, 27700000.0]","[19300000.0, -69400000.0, -27400000.0, -80800000.0, -25300000.0]","[0.1, -0.36, -0.14, -0.42, -0.13]","[-0.17647058823529416, -0.8862973760932945, 4.141025641025641, -0.3092269326683291]","[-4.595854922279793, -0.6051873198847262, 1.948905109489051, -0.6868811881188119]","[-4.6, -0.611111111111111, 1.9999999999999996, -0.6904761904761905]","[0.5583041421400455, 0.5817184135583802, 0.37761254019292606]","[3.174189665548964, 3.866995507795296, 4.478662613981763]","[2.0284552845528454, -0.9772727272727273, 1.9959677419354838, -0.3286384976525822, 0.6627906976744186]",-0.1743990518909726,-0.028928308959879856,-0.003373767752371082,,-0.02730436053494867,-0.3501979430171822,0.25382010123682175,0.5683460077154823,0.3968253968253968,0.5360497779494746,0.13002053104106426,-0.4817421922476556,7.0,10.0,11.0,4.0,3.0,8.0,-5.0,0.0,0.0
ASMS.NS,5.9,179.7002752,38.0,speculative,False,True,,True,31.428571428571427,1797002752.0,5.9,0.21,-0.6255892208093325,,0.13040534802751386,0.052610002,0.0653,0.097200006,25.615,70.69437340153452,,,,0.23176074136478517,1039578000.0,0.2547269139461692,59350000.0,-0.6223866000098227,-2.4433484093532027,28.09524,,5.139373,24.466,0.302,0.0,284384,65.82,-1.6800000000000068,"[119683000.0, 343876000.0, 483404000.0, 123967000.0, 88331000.0]","[9244000.0, 20843000.0, 24450000.0, 10043000.0, 4471000.0]","[0.03, 0.07, 0.08, 0.03, 0.01]","[1.8732234318992673, 0.40575091021182064, -0.7435540458912214, -0.2874635991836537]","[1.2547598442232801, 0.17305570215420052, -0.5892433537832311, -0.5548142985163795]","[1.3333333333333335, 0.1428571428571428, -0.625, -0.6666666666666666]","[0.2561520860033826, 0.005624732656793633, 0.006495644201531344]","[1.0664740560520283, 0.8198151709902894, 1.255177325167355]","[3.358862144420131, 40.50451807228916, 706.8157894736842, 258.5128205128205, -195.29268292682926]",-0.16548798414229848,-0.1725105188402839,-0.2984541970969291,,-0.0815117783501923,-0.5989122991116825,0.010273962536277104,0.21389691785876677,0.38095238095238093,0.44690614325200884,0.13434268223011972,-0.6029911531309854,7.0,10.0,7.0,9.0,0.0,5.0,0.0,0.0,0.0
BALAJEE.NS,24.53,200.0932992,38.0,speculative,False,True,,True,30.476190476190478,2000932992.0,24.53,1.16,-0.12270196758023322,,0.09810797415877973,0.06283,0.01574,0.33675998,66.475,1.9080282892587244,,,,-0.6098633122928114,5594554000.0,0.06484256530640309,110105000.0,-0.12274355106422974,-1.8929471788203456,21.146553,,0.65512913,13.267,1.156,0.0,24439,65.42,0.0,"[1395562000.0, 1295561000.0, 1709436000.0, 1426455000.0, 1275107000.0]","[33489000.0, 36638000.0, 1228000.0, 20857000.0, 51382000.0]","[0.41, 0.45, 0.02, 0.26, 0.63]","[-0.07165643661836596, 0.3194562046866183, -0.16554056425628105, -0.10610078831789294]","[0.0940308758099675, -0.9664828866204487, 15.984527687296417, 1.463537421489188]","[0.09756097560975618, -0.9555555555555556, 12.0, 1.423076923076923]","[0.7605197235582842, 0.7222885631747806, 0.6897577762113407]","[2.003271899923281, 2.0556509637817677, 2.0652545888099665]","[1.979454714929315, 2.0078610268211716, 1.193091151414729, 1.5469022853238175, 2.5066123925825416]",-0.06195024686489137,-0.14470012462940374,-0.12424132501962681,,-0.08848783687968165,-0.5460769749987682,0.152725558981752,0.17404290179143472,0.42857142857142855,0.8500945019805994,0.07531897569280624,-0.6062176105453929,7.0,10.0,2.0,5.0,8.0,6.0,0.0,0.0,0.0
BALAXI.NS,22.5,124.2168704,38.0,speculative,False,False,compound_fragility,True,29.523809523809526,1242168704.0,22.5,0.44,-0.6949804423975212,0.0058899997,0.03345740324856779,-0.0074199997,0.00524,0.44155997,23.145,2.355721201875048,4.045,2.424,-634658752.0,-3.175876914390571,2701735000.0,-0.07050259280671867,14169000.0,-0.6864463559069978,9.73646966131977,51.136364,,0.49871442,20.665,0.699,,25971,65.99,0.0,"[806818000.0, 707137000.0, 725424000.0, 561753000.0, 707421000.0]","[12974000.0, 6128000.0, 3050000.0, 2090000.0, 2901000.0]","[0.24, 0.11, 0.06, 0.04, 0.05]","[-0.12354830953201346, 0.025860618239464284, -0.22562115397340043, 0.259309696610432]","[-0.5276707260675196, -0.502284595300261, -0.3147540983606557, 0.38803827751196174]","[-0.5416666666666666, -0.4545454545454546, -0.33333333333333326, 0.25]","[0.23145076428387606, 0.23745412504873165, 0.23054394154044922]","[4.0450210432835245, 3.9565755773517757, 4.451796281456243]","[3.8517608517608517, 2.416809778765532, 2.5849168061435464, 2.54326384218785, 1.897922671702614]",-0.12790695095526383,-0.05660378867409199,-0.019180493627468542,,-0.030596817765135675,-0.48512586711253525,0.4358647026453233,0.3326387840467753,0.5396825396825397,0.9067454700533129,0.07689498222886085,-0.6414187688165177,7.0,10.0,2.0,11.0,5.0,9.0,-6.0,0.0,0.0
COMPUSOFT.NS,12.99,102.7836096,38.0,speculative,False,True,,True,29.523809523809526,1027836096.0,12.99,0.37,-0.17017346663375654,,0.04050207169825871,-0.06102,0.08683,0.50839,34.173,2.626620503943066,,,,3.5491552527289163,341401000.0,-0.14500440912462298,28766000.0,-0.1691461559967362,1.1664897434350758,35.10811,,0.70894504,92.764,0.603,1.92,48144,71.6,0.10999999999999943,"[80657000.0, 79305000.0, 89573000.0, 84729000.0, 87794000.0]","[13664000.0, 10861000.0, -2371000.0, 6872000.0, 13405000.0]","[0.17, 0.14, -0.03, 0.09, 0.17]","[-0.016762339288592387, 0.12947481243301184, -0.0540787960657787, 0.03617415524790801]","[-0.20513758782201408, -1.2183040235705735, -3.898355124420076, 0.9506693830034925]","[-0.17647058823529405, -1.2142857142857142, -4.0, 0.8888888888888891]","[0.3417332894340653, 0.32820762623533867, 0.21070518508609076]","[2.2621726420250003, 2.202110157609148, 3.996184684737565]","[3.2451620562744865, 2.5554740701938186, 0.8169738534076296, 2.9811659192825113, 4.4086629001883235]",-0.0023042001221758035,-0.01668168487067423,-0.03531602620234553,,0.0017305036268844276,-0.318462191544269,0.08754839114561208,0.29343091794071424,0.4126984126984127,1.218092427524473,0.04489648796419144,-0.37332645240934414,7.0,10.0,1.0,6.0,5.0,13.0,-4.0,0.0,0.0
IVC.NS,7.91,248.3998976,38.0,speculative,False,True,,True,32.38095238095238,2483998976.0,7.91,0.15,-0.3190228338741785,,0.03465232011755583,0.03838,0.07374,0.86513,,,,,,5.544245153609235,549080000.0,-0.05198787222235868,38637000.0,-0.31418597373728574,6.0434474485409355,52.73333,,1.3135171,10.405,0.162,15.29,201680,50.42,0.0,"[81718000.0, 71661000.0, 57974000.0, 75759000.0]","[19424000.0, 26832000.0, 8813000.0, 122782000.0]","[0.06, 0.09, 0.03]","[-0.12306958075332242, -0.1909964973974686, 0.3067754510642702]","[0.3813838550247117, -0.6715488968395945, 12.931918756382617]","[0.5, -0.6666666666666667]",[],[19.09484752891693],[],-0.163243906351357,0.05652072175100775,0.17859455248749345,,0.04249215025180941,-0.16649975027861275,0.3731383115216833,0.3367849581608356,0.5555555555555556,1.440493350939717,0.36486069491273404,-0.29381927754649617,7.0,8.0,2.0,2.0,4.0,19.0,-4.0,0.0,0.0
KANANIIND.NS,1.36,26.910048,38.0,speculative,False,True,,True,37.142857142857146,269100480.0,1.36,0.12,-0.16084879252184203,,0.03787547045607407,-0.00048000002,0.0146,0.01951,0.692,2406.090909090909,,,,0.07197484374393416,1737935000.0,-0.13710684174188303,25759000.0,0.05833483451281252,-0.4254699019516,11.333334,,0.35761243,23.064,0.345,0.0,113183,33.79,0.0,"[642885000.0, 129112000.0, 284702000.0, 487175000.0, 836946000.0]","[-385000.0, 5474000.0, 3887000.0, 13565000.0, 2832000.0]","[-0.002, 0.03, 0.02, 0.07, 0.01]","[-0.7991678138391781, 1.205077761943119, 0.7111751937113191, 0.717957612767486]","[-15.218181818181819, -0.2899159663865546, 2.4898379212760484, -0.7912274235164025]","[-16.0, -0.33333333333333326, 2.5000000000000004, -0.8571428571428572]","[0.006916516208423452, 0.004848143864180148, 0.0007556107956735885]","[3.0273329901075345, 3.3559057888163797, 3.305854011425069]","[-153.5, 4526.0, 4209.0, 2116.5714285714284, 1458.0]",-0.09933773318245065,-0.10526313725600922,-0.10526313725600922,,-0.05586963932947331,-0.3131313125231645,0.2830189506792906,0.2919512191680264,0.3492063492063492,0.8966258665605389,0.018299136369630695,-0.4646464987027862,13.0,2.0,2.0,8.0,8.0,7.0,-2.0,0.0,0.0
MFML.NS,18.16,19.2864192,38.0,speculative,False,True,,True,28.57142857142857,192864192.0,18.16,-2.49,-0.5996846233405441,,0.0227014885946683,0.04638,-0.01894,0.60102004,79.119,0.9799947267813591,,,,-374.11297071129707,1265277000.0,-0.03924426997514574,-239000.0,-0.5836298629832832,14.87172174059828,,,0.1974149,6.459,0.23,0.0,7893,64.81,0.010000000000005116,"[308051000.0, 384304000.0, 315296000.0, 316241000.0, 335178000.0]","[391000.0, 15505000.0, -7565000.0, -34038000.0, 25860000.0]","[0.04, 1.46, -0.71, -3.21, 2.43]","[0.247533687603676, -0.17956617677671838, 0.0029971835989039963, 0.05988154603609264]","[38.65473145780051, -1.4879071267333117, 3.499405155320555, -1.7597391151066455]","[35.5, -1.4863013698630136, 3.52112676056338, -1.7570093457943927]","[0.7911875649365605, 0.6560090117961205, 0.44878061242738093]","[0.8655458763553667, 1.115625184240287, 1.2205650864478699]","[1.0368749551617764, 2.9281722774976147, -0.3114104595879556, -2.0513625518020846, 3.240566037735849]",-0.01089328737966877,-0.07957423878613357,-0.1996474473346086,,-0.08903307955373274,-0.4057591569119451,0.0005509768094775769,0.4014723487667188,0.47619047619047616,0.7663883197684255,0.010160851258401871,-0.4060863895381427,15.0,8.0,2.0,3.0,7.0,5.0,-2.0,0.0,0.0
RUSHIL.NS,15.5,454.7960832,38.0,speculative,False,True,,True,34.285714285714285,4547960832.0,15.5,0.81,-0.5940761875820755,,0.04525209142245649,0.04137,0.02487,0.44639,39.929,1.351095599611413,,,,13.194023193577163,8344400000.0,0.002932321949818517,67260000.0,-0.5575827047905093,-190.15057498206102,19.135803,,0.70883065,7.599,0.387,0.32,460355,55.11,0.0,"[2290030000.0, 2308960000.0, 2165410000.0, 2356490000.0, 1791570000.0]","[19830000.0, 101200000.0, 53000000.0, 53820000.0, -139780000.0]","[0.07, 0.34, 0.19, 0.19, -0.49]","[0.008266267254140702, -0.06217084748111701, 0.08824194956151499, -0.23972942809008313]","[4.103378719112456, -0.4762845849802372, 0.015471698113207477, -3.5971757710888146]","[3.8571428571428568, -0.4411764705882353, 0.0, -3.5789473684210527]","[0.39928864442976325, 0.4431008771377874, 0.4294662025224405]","[1.148594421019332, 1.150951821439606, 1.3109316955555381]","[1.3221821924858466, 2.779346405228758, 1.883982683982684, 2.0697641375390736, -1.1953791469194313]",-0.02882774454178516,-0.01216849940722553,0.042821442166912194,,-0.01904733690710181,-0.4557764232716698,0.21188365567110834,0.4579641859834695,0.42857142857142855,0.7004020464898485,0.7750897423152971,-0.5509275381497294,7.0,8.0,2.0,6.0,9.0,8.0,-2.0,0.0,0.0
SIL.NS,16.0,102.926304,38.0,speculative,False,True,,True,43.80952380952381,1029263040.0,16.0,9.63,,,-0.15093045193379642,0.44443,0.28607,0.49741,3.137,-22.033778197708752,,,,-2.186394006676341,340559000.0,0.17504675296699013,-195017000.0,,,1.6614746,,0.8945044,1.035,0.104,3.13,68528,20.31,0.0,"[1925728000.0, 97227000.0, 77306000.0, 63828000.0, 104949000.0]","[803894000.0, -72108000.0, -46189000.0, -66521000.0, -10199000.0]","[12.5, -1.12, -0.72, -1.03, -0.16]","[-0.9495115613419964, -0.20489164532485837, -0.1743461050888676, 0.6442470389170898]","[-1.0896983930717234, -0.359446940700061, 0.4401913875598087, -0.8466799957908029]","[-1.0896, -0.3571428571428572, 0.4305555555555556, -0.8446601941747574]","[0.031371069925730743, 0.018467461131453693, 0.10564971940586368]","[1.957075094070658, 2.6864423809120908, 7.287021541454728]","[132.50993377483445, -4.9098582315823975, -4.798267637459202, -7.545863309352518, -0.5431986684823725]",-0.18325677001659657,0.007039340655528026,0.14098051789116983,,0.0019208421929994834,-0.23481587198671294,0.3740112520548071,0.5150810343512653,0.4126984126984127,0.9178636299483312,0.0960790970140314,-0.364550244559637,7.0,2.0,5.0,6.0,10.0,12.0,-4.0,0.0,0.0
ACCURACY.NS,4.18,62.93408,37.0,speculative,False,True,,True,35.23809523809524,629340800.0,4.18,0.26,-0.22100102513134035,,0.10317169954690006,0.02614,0.00614,0.07595,124.622,1.350475208133795,,,,6.302231237322515,6705750000.0,-0.0856906886627683,39440000.0,-0.21710057287934126,2.533537497098785,16.076923,,0.4915334,6.852,0.323,0.0,61358,63.69,0.0,"[1408050000.0, 1608490000.0, 1575360000.0, 1905010000.0, 1616890000.0]","[3430000.0, 20770000.0, 6860000.0, 5970000.0, 4090000.0]","[0.03, 0.14, 0.05, 0.04, 0.03]","[0.14235289939987927, -0.0205969573948237, 0.2092537578712168, -0.15124330056010205]","[5.055393586005831, -0.6697159364467983, -0.1297376093294461, -0.3149078726968174]","[3.666666666666667, -0.6428571428571428, -0.20000000000000007, -0.25]","[1.260969625044103, 1.0791493903690628, 1.1223455778257954]","[1.584770791130391, 1.4209293653545472, 1.3685571827351488]","[1.1257094211123724, 1.4454483849107749, 1.341164791528789, 1.3422053231939164, 1.2037037037037037]",-0.009478664417471583,-0.21575987088716764,-0.14519428579396754,,-0.12874136018672055,-0.39942531531199466,0.20461089160646373,0.27643395798780357,0.3968253968253968,0.6827539585399338,0.024880818699350358,-0.5014367802310988,10.0,8.0,2.0,4.0,9.0,4.0,0.0,0.0,0.0
AKSHAR.NS,0.41,32.286208,37.0,speculative,False,True,,True,32.38095238095238,322862080.0,0.41,-0.07,0.14793750964627783,,-0.09132330059032438,0.03728,-0.045900002,0.14819999,6.226,-18.675248967694923,,,,-0.24545971256123636,1172812000.0,-0.04945392242018176,-73894000.0,0.38784617937376686,-7.842576693481645,,,0.39499035,11.757,1.162,0.0,1045984,0.27,0.0,"[299331000.0, 344002000.0, 343512000.0, 223418000.0, 261880000.0]","[5980000.0, -3897000.0, -37950000.0, -19682000.0, -12365000.0]","[0.01, -0.005, -0.05, -0.02, -0.02]","[0.14923612990301716, -0.001424410323195846, -0.3496064184075083, 0.1721526466085992]","[-1.6516722408026756, 8.738260200153965, -0.4813702239789196, -0.3717609998983843]","[-1.5, 9.0, -0.6000000000000001, 0.0]","[0.062256689041793836, 0.05749762705405377, 0.0673516861727936]","[4.4793107024336285, 6.611031859248692, 9.9148698948524]","[14.901201602136181, 8.035252643948295, -54.14476386036961, -13.654128440366973, -13.397670549084859]",-0.023809501846360326,-0.08888887269997259,-0.14583332169180085,,-0.03908795329215797,-0.43835618395723885,0.10810808416175743,0.3484208360736422,0.1746031746031746,1.0510711860091202,0.040647876220231506,-0.49315069164248193,13.0,0.0,10.0,4.0,6.0,12.0,-8.0,0.0,0.0
CIFL.NS,20.63,806.7490816,37.0,speculative,False,True,,True,40.0,8067490816.0,20.63,1.0,,,0.03350336952267821,0.13289,0.073249996,0.584,145.741,7.736176331404026,,,,-6.5330458661812125,4996371000.0,-0.07435457038936366,388914000.0,,,20.63,,1.198443,68.736,0.57,0.0,184007,72.59,0.0,"[1226787000.0, 1212706000.0, 1421191000.0, 1275871000.0, 1218033000.0]","[-32704000.0, -1567000.0, -29247000.0, 448214000.0, -28487000.0]","[-0.08, 0.0, -0.08, 1.15, -0.07]","[-0.011477950125001302, 0.1719171835547939, -0.10225226588122216, -0.04533216916130234]","[-0.9520853718199609, 17.664326738991704, -16.325127363490274, -1.0635566939006813]","[-1.0, -inf, -15.374999999999998, -1.0608695652173914]","[1.428196845899732, 1.0421467732651866, 1.5866073676501338]","[1.4279312499404204, 65.667202169831, 1.1837576483181815]",[],0.022806102267361794,-0.0863596443546577,-0.15933176890334766,,-0.0706757895595802,-0.46457306477124494,0.056323524600450536,0.267597937280859,0.42857142857142855,1.3436458475056932,0.5259167606452847,-0.493122208528606,4.0,10.0,0.0,8.0,5.0,14.0,-4.0,0.0,0.0
DGCONTENT.NS,24.51,142.2129536,37.0,speculative,False,True,,True,27.61904761904762,1422129536.0,24.51,0.13,,,0.11230410136712238,-8.0000005e-05,0.00241,0.54382,265.556,1.42832909245123,,,,46.01234567901235,4876700000.0,0.11769056601987526,8100000.0,,,188.53847,,3.9821281,5.12,0.06,0.0,40547,66.81,0.0,"[1233000000.0, 1183500000.0, 1281400000.0, 1317900000.0, 1104500000.0]","[-19300000.0, 9000000.0, -72800000.0, 95200000.0, -23300000.0]","[-0.33, 0.15, -1.25, 1.64, -0.4]","[-0.04014598540145986, 0.08272074355724546, 0.02848447011081623, -0.16192427346536153]","[-1.466321243523316, -9.088888888888889, -2.3076923076923075, -1.2447478991596639]","[-1.4545454545454546, -9.333333333333334, -2.312, -1.2439024390243902]","[2.6562838569880824, 2.755277560594214, 4.061836809366996]","[1.4970316301703164, 1.407458427629637, 1.5201905626134302]","[0.24390243902439024, 1.6470588235294117, -2.364341085271318, 5.709342560553633, 0.2876712328767123]",0.003274659136582425,-0.002035799598851029,-0.10580078929858416,,-0.04336890161263973,-0.35871273034901985,0.11612027553371895,0.41455454827186716,0.4444444444444444,1.0118328715261584,0.05736869031043053,-0.425431753451193,7.0,10.0,5.0,2.0,3.0,12.0,-2.0,0.0,0.0
HILTON.NS,16.8,86.4638016,37.0,speculative,False,True,,True,39.04761904761905,864638016.0,16.8,1.6,-0.1705000678473373,,0.06354876195369541,0.059770003,0.01909,0.11068,37.021,1.5355930728396137,,,,-7.787934186471664,2303741000.0,0.30092199313190826,34461000.0,-0.16217979187904963,-0.5389429672159542,10.499999,,0.3909795,10.035,-1.482,0.0,145901,18.56,4.849999999999998,"[589562000.0, 508400000.0, 698436000.0, 876401000.0, 220505000.0]","[18055000.0, 1406000.0, 14161000.0, 17413000.0, 1481000.0]","[0.35, 0.04, 0.580216, 0.622706, 0.06]","[-0.1376649105607214, 0.37379228953579857, 0.2548050215051916, -0.7483971378398702]","[-0.9221268346718361, 9.071834992887624, 0.22964479909610902, -0.9149486016194797]","[-0.8857142857142857, 13.505399999999998, 0.0732313483254512, -0.9036463435393267]","[0.37020663518154484, 0.5740511398408488, 0.5277539159990415]","[2.6389882756426224, 1.8943126300135722, 1.7761374053698322]","[2.294318181818182, 1.255656889327089, 1.7342320654790564, 2.116064970079569, 1.0657803541049713]",-0.09822866377578265,-0.2730420253846555,-0.23217550816067167,,-0.1613040261660309,-0.6442938937139555,0.16828922832826532,0.30524577331300123,0.36507936507936506,0.7289488918137609,0.18823278806020735,-0.6955324951553021,10.0,2.0,7.0,6.0,9.0,3.0,0.0,0.0,0.0
KELLTONTEC.NS,12.21,648.9134592,37.0,speculative,False,True,,True,41.904761904761905,6489134592.0,12.21,1.66,,,0.14451328782614645,0.096829996,0.07383,0.53214,28.585,6.783130842380324,,,,0.2018777294005601,12169438000.0,0.09879237495123228,916639000.0,,,7.355422,,0.8681741,6.192,0.519,0.0,1431052,36.02,-1.6499999999999986,"[3156196000.0, 3138922000.0, 3078870000.0, 2996902000.0, 2954744000.0]","[223181000.0, 195155000.0, 254144000.0, 240830000.0, 226510000.0]","[0.42, 0.34, 0.48, 0.43, 0.46]","[-0.005473044132873861, -0.019131408808501726, -0.026622754452120367, -0.014067193388372368]","[-0.12557520577468517, 0.30226742845430565, -0.052387622765046604, -0.05946103060249974]","[-0.19047619047619035, 0.4117647058823528, -0.10416666666666663, 0.06976744186046524]","[0.27330793036461076, 0.18140314595737478, 0.34268817965609083]","[3.243290615649081, 4.343982755228984, 3.655385424302182]","[5.630930920103836, 4.6341133879544785, 6.4860058256291495, 6.78843360066867, 6.5734199205823955]",-0.11968275855145738,-0.18816488902154094,-0.16995241288353702,,-0.08431790210967605,-0.4908256767627823,0.002463032201932114,0.30813084586215744,0.3333333333333333,0.7106956199970901,2.6969072313394022,-0.49207670818662996,4.0,5.0,2.0,9.0,10.0,7.0,0.0,0.0,0.0
MADHUCON.NS,4.04,29.8131584,37.0,speculative,False,False,extreme_valuation_missing_core_risk_data,True,36.19047619047619,298131584.0,4.04,-42.05,0.4571569674068179,,,0.20127001,-0.69818,0.40762,,,,,,-0.45981655982636804,5483075000.0,-0.21283289556696372,-4445264000.0,0.4570728663961323,-2.1475668278559095,,,-0.015866283,107.391,0.585,0.0,35101,59.08,0.0,"[499421000.0, 1257497000.0, 1393310000.0, 1293979000.0, 1572926000.0]","[164191000.0, -993209000.0, -1066374000.0, -1207448000.0, -1178237000.0]","[2.22, -13.46, -14.45, -16.36, -15.97]","[1.5179097394783159, 0.10800264334626641, -0.07129138526243262, 0.2155730502581572]","[-7.049107441942615, 0.07366526078599778, 0.1322931729393253, -0.02419234617142929]","[-7.063063063063063, 0.07355126300148584, 0.13217993079584778, -0.023838630806845895]","[-1.9464634228771942, -1.9879473719219796, -2.421397491618826]","[0.3893643458443988, 0.39044273679685426, 0.49313779784676615]","[31.78502080443828, -17.024211790767694, -22.219553851516206, -18.751610093027598]",-0.16008315802215078,-0.3175675828061544,-0.10421291422979273,,-0.20337689105124734,-0.4879594385021777,0.080213890789119,0.4450738637821736,0.4444444444444444,1.0313165692451318,0.014128410585049392,-0.5259822467902483,13.0,8.0,11.0,2.0,0.0,8.0,-5.0,0.0,0.0
NOVAAGRI.NS,22.49,202.4545664,37.0,speculative,False,True,,True,36.19047619047619,2024545664.0,22.49,1.39,-0.13567102794362962,,0.09297210481825867,0.08169,0.046719998,0.31,21.663,5.097726588028087,,,,0.1313792996011964,2615942000.0,0.07502997928372301,128384000.0,-0.14429157580954977,-1.9231189610744348,16.179855,,1.0654728,8.986,1.816,0.0,45172,59.41,0.00999999999999801,"[600131000.0, 559144000.0, 665457000.0, 923857000.0, 467485000.0]","[32482000.0, 2204000.0, 26123000.0, 67602000.0, 32454000.0]","[0.36, 0.02, 0.28, 0.73, 0.36]","[-0.06829675520844614, 0.19013527821097953, 0.38830457865797485, -0.49398554105234904]","[-0.9321470352810788, 10.852540834845735, 1.5878344753665354, -0.5199254459927221]","[-0.9444444444444444, 13.000000000000002, 1.6071428571428568, -0.5068493150684932]","[0.21663149984351193, 0.23310214932801132, 0.24866686322471682]","[2.6465680708239745, 2.2690680952526563, 2.633128834355828]","[4.430240730978738, 1.827605476390053, 3.334531398345314, 9.006107906345436, 4.468622584648112]",-0.05781319730190482,-0.09606107195603286,-0.24858003535573037,,-0.07572609443155809,-0.5311653283550091,0.22095546568765778,0.30169796104542707,0.42857142857142855,0.6678202483312728,0.09684910420191765,-0.616010014434935,7.0,8.0,2.0,9.0,7.0,4.0,0.0,0.0,0.0
SECURKLOUD.NS,16.05,53.624016,37.0,speculative,False,True,,True,31.428571428571427,536240160.0,16.05,-5.66,0.39910045790408843,,,-0.06594,-0.05337,0.17735,,-20.271486956653852,,,,-0.37683526539854006,374778000.0,-0.5659912455378424,-1356752000.0,0.40817668411519836,-0.721171373821024,,,-1.0413963,-10.039,0.335,0.0,14140,43.35,-0.1700000000000017,"[135110000.0, 85531000.0, 96114000.0, 338041000.0, 110247000.0]","[-17139000.0, -72007000.0, -21374000.0, -78962000.0, -1401324000.0]","[-0.51, -2.155214, -0.64, -2.35, -41.94]","[-0.3669528532307009, 0.12373291555108668, 2.5170838795596895, -0.6738650045408693]","[3.2013536379018612, -0.7031677475800964, 2.6943014877889024, 16.746814923634155]","[3.225909803921568, -0.7030457300295934, 2.671875, 16.846808510638297]","[-1.101543564725623, -27.439152612950238, 1.5868177470758886]","[0.24386931709519977, 0.39377517248546917, 0.09847484418537313]","[-2.5321877404462683, -2.7683407188577056, -0.9656752628268488, -5.991920477915973, -82.54408871400464]",-0.07811606101499868,-0.1347708950308374,-0.2389758596046715,,-0.08918035925730627,-0.4835907568706742,0.0,0.27810620462797453,0.4444444444444444,1.3004020122797375,0.036774763789558414,-0.4835907568706742,10.0,5.0,11.0,0.0,0.0,13.0,-2.0,0.0,0.0
SINDHUTRAD.NS,22.27,4102.9890048,37.0,speculative,False,True,,True,37.142857142857146,41029890048.0,22.27,0.36,,0.03516,0.0431242050758267,0.106300004,0.12578,0.24450001,25.008,2.2978874892418433,5.323,2.775,,1.045012297584653,5240811000.0,-0.23566849782457389,414309000.0,3.679194237783981,-15.611735432381323,61.86111,,2.554192,443.44,1.015,0.0,813495,73.93,-1.039999999999992,"[1292132000.0, 1152586000.0, 1191498000.0, 1243322000.0, 1653405000.0]","[387397000.0, 139608000.0, 138736000.0, 108166000.0, 187934000.0]","[0.17, 0.08, 0.06, 0.05, 0.08]","[-0.10799670621886925, 0.03376060441476825, 0.0434948275196434, 0.3298284756483034]","[-0.639625500455605, -0.006246060397684938, -0.22034655749048548, 0.7374590906569531]","[-0.5294117647058824, -0.25, -0.16666666666666663, 0.5999999999999999]","[0.28150370711781314, 0.2641674442294119, 0.2730730805318621, 0.2726346552616748, 0.23179072973625967]","[5.323050033015707, 4.837995628060405, 5.211248400862447, 4.317775770015047, 3.736330253675388]","[4.729326878237793, 1.9372146719275172, 2.3903654636404226, 1.9916019788440655, 3.3682000958393234]",-0.07014614829471888,-0.15515933451768393,0.006781175987309318,,-0.046597789107518994,-0.20719115924561615,0.2427455559681757,0.3491140259428623,0.3333333333333333,0.7209242868626783,4.094800337171402,-0.362050552547149,2.0,10.0,7.0,13.0,1.0,10.0,-6.0,0.0,0.0
VINNY.NS,0.91,42.3374432,37.0,speculative,False,True,,True,34.285714285714285,423374432.0,0.91,0.02,-0.3435595460326919,,0.024585531375733178,0.0011,0.00637,0.4404,19.671,2.5246741673164754,,,,16.53528455284553,1236171000.0,0.05502342283376027,9225000.0,-0.27365092744887654,-4.973353407614162,45.500004,,0.45982823,7.515,0.175,0.0,316464,39.66,0.3999999999999986,"[336020000.0, 371004000.0, 291159000.0, 329768000.0, 254224000.0]","[2103000.0, 4194000.0, 2103000.0, 62000.0, 2865000.0]","[0.005, 0.01, 0.0, 0.0, 0.01]","[0.10411285042556995, -0.21521331306401004, 0.1326045219278813, -0.22908226389461683]","[0.9942938659058489, -0.4985693848354793, -0.9705183071802187, 45.20967741935484]","[1.0, -1.0, inf]","[0.19670758491570778, 0.16674230051471461, 0.05478405295402418]","[1.9069383242714868, 2.353177596062242, 3.313165302520462]","[2.155304289990023, 2.186762778505898, 2.1209876543209876, 3.6282394995531724, 3.201765447667087]",-0.1078430948602096,-0.14150936287804528,-0.22222217127807953,,-0.10739652223226626,-0.3546098951998138,0.022471956014182393,0.18298825029712631,0.25396825396825395,0.784811946923685,0.027275912008664308,-0.3687943214442214,13.0,5.0,2.0,7.0,7.0,5.0,-2.0,0.0,0.0
ARCHIES.NS,12.19,41.1778176,36.0,speculative,False,True,,True,19.047619047619047,411778176.0,12.19,-1.76,,,-0.00866280423070154,-0.17459999,-0.120629996,0.64542,34.565,-0.3368842279563958,,,,-0.8544333255759833,555096000.0,-0.12615638625671366,-42970000.0,,,,,0.33006606,144.021,0.833,0.0,34111,61.03,-0.4399999999999977,"[78543000.0, 100632000.0, 135233000.0, 181306000.0, 135216000.0]","[-13825000.0, -42703000.0, -746000.0, -2521000.0, 3001000.0]","[-0.41, -1.26, -0.02, -0.07, 0.09]","[0.2812344830220388, 0.34383695047301055, 0.3406934697891786, -0.2542111127044886]","[2.0888245931283906, -0.9825305013699271, 2.3793565683646114, -2.1904006346687823]","[2.073170731707317, -0.9841269841269842, 2.5000000000000004, -2.2857142857142856]","[0.34565169108447674, 0.33451309908420396, 0.36988214042692413]","[1.6611169638063834, 1.688656704582684, 1.6470538284520604]","[-1.1930255951715658, -4.784266103484688, 1.1053602541764886, 1.3254857612830266, 1.2092455043002346]",-0.055770741714852745,-0.11730635698839187,-0.09837284262935331,,-0.08913967153130942,-0.41309584440443425,0.10018047511917061,0.2683937685065544,0.38095238095238093,1.5154234255430976,0.03348293930933952,-0.4665382917907239,13.0,8.0,0.0,3.0,5.0,13.0,-6.0,0.0,0.0
AVANCE.NS,0.8,158.5533952,36.0,speculative,False,True,,True,48.57142857142857,1585533952.0,0.8,0.07,2.2204420518837455,,0.024483934913884838,0.02517,0.07716,0.00758,41.621,,,,,-10.365266203791148,1592561000.0,0.7342576044053348,132361000.0,2.1945621031563847,2.9888176710593695,11.428572,0.0514698052592924,0.42105263,,0.543,0.0,6454986,0.68,0.0,"[606473000.0, 309353000.0, 495024000.0, 413994000.0, 374190000.0]","[24659000.0, 103726000.0, 20140000.0, -7707000.0, 16206000.0]","[0.01, 0.05, 0.01, 0.0, 0.01]","[-0.48991463758485543, 0.6001913671436838, -0.16368903325899353, -0.09614632096117337]","[3.2064155075226086, -0.8058346027032759, -1.382671300893744, -3.1027637212923316]","[4.0, -0.8, -1.0, inf]","[0.4162125807219269, 0.30583874248675336, 0.1464361300809764]","[2.1709708160829977, 1.5883783700886422, 1.883476999690338]","[1175.2380952380952, 141.05668016194332, 50.00243309002433, -129.6271186440678, 2702.0]",-0.024390220854836775,,,,,,,0.36410011456542185,0.2647058823529412,,0.4152276172352669,,7.0,0.0,20.0,5.0,8.0,2.0,-6.0,0.0,0.0
EASTWEST.NS,2.24,28.5768,36.0,speculative,False,True,,True,34.285714285714285,285768000.0,2.24,-0.26,0.4580997358267116,,0.035423980214841555,0.06226,-0.01801,0.063379996,110.929,0.4309537263765932,,,,-0.8335303438042303,2016267000.0,-0.06496420787158574,-39761000.0,0.46638295553093867,-7.179075537299466,,,0.47367308,36.034,0.747,0.0,66670,60.29,0.0,"[455625000.0, 443129000.0, 455887000.0, 551630000.0, 565571000.0]","[2205000.0, 3982000.0, -23497000.0, -17032000.0, -3215000.0]","[0.02, 0.03, -0.18, -0.13, -0.03]","[-0.027426063100137177, 0.0287907133137304, 0.2100147624301636, 0.025272374598915848]","[0.8058956916099773, -6.90080361627323, -0.27514150742648, -0.8112376702677313]","[0.5, -7.0, -0.2777777777777777, -0.7692307692307693]","[1.141365135509775, 1.099629549054875, 1.04503479188264]","[2.0076732926330547, 2.052277075439847, 2.0053735581843495]","[1.1961256014180806, 1.6294723084463323, -0.8086483390607102, -0.261994669035984, 0.9004030382886374]",-0.04273500354724069,,,,,,,0.4204976369313577,0.5151515151515151,,0.012977176105924844,,13.0,8.0,11.0,2.0,5.0,1.0,-4.0,0.0,0.0
GTL.NS,6.85,107.7483008,36.0,speculative,False,False,extreme_valuation_missing_core_risk_data,True,50.476190476190474,1077483008.0,6.85,57.11,1.1687809790146995,,,0.05138,3.8882902,0.57631,,17.198638247483718,,,,0.2851992996189103,2243800000.0,0.06389912875737891,5825400000.0,1.167460880815931,18.270372437294235,0.11994396,0.0010262312798854293,-0.01978465,62.543,0.481,0.0,127941,14.29,0.0,"[600218000.0, 582478000.0, 549984000.0, 553992000.0, 557266000.0]","[3221792000.0, 6090503000.0, -26292000.0, -394749000.0, 156012000.0]","[20.48, 38.72, -0.17, -2.51, 0.99]","[-0.02955592801282203, -0.055785797918547986, 0.007287484726828497, 0.0059098326329622974]","[0.8904085055770206, -1.0043168848287243, 14.014034687357372, -1.3952182272785998]","[0.890625, -1.0043904958677685, 13.764705882352938, -1.3944223107569722]","[-0.8376275692886234, -0.9024121839071458, -0.8863089038233167]","[0.02178344313403949, 0.022807595573010615, 0.015022584774859644]","[34.950767155623, 63.2666818615959, 0.7135885313405521, -4.086134528721418, 3.048177887584929]",-0.048611099153388904,-0.08909575505230216,-0.03792134624526222,,-0.05924724133327275,-0.27436438462697144,0.3510847480677515,0.24864259307272654,0.4444444444444444,0.5800132917779767,0.11975304562034844,-0.4629236867555544,7.0,0.0,15.0,6.0,3.0,7.0,-2.0,0.0,0.0
JPPOWER.NS,15.09,10341.8699776,36.0,speculative,False,True,,True,53.333333333333336,103418699776.0,15.09,0.71,1.139974961130159,,0.06744700696819504,0.36141,0.111420006,0.36722,26.634,3.082413908391842,,,,2.8870470230566094,55634400000.0,-0.012605639692781168,4506300000.0,1.0108724609758046,-80.19207954632384,21.253523,0.1864385072013291,1.1585413,10.889,0.338,0.0,44246485,24.0,0.0,"[17757000000.0, 13864300000.0, 11555700000.0, 15831600000.0, 13409100000.0]","[4688400000.0, -133700000.0, 37700000.0, 2781300000.0, 1556700000.0]","[0.52, -0.0153, 0.0036, 0.31, 0.15]","[-0.21922058906346797, -0.16651399637918973, 0.370025182377528, -0.15301675130751158]","[-1.0285171913659243, -1.281974569932685, 72.77453580901857, -0.4402977025132132]","[-1.029423076923077, -1.2352941176470589, 85.11111111111111, -0.5161290322580645]","[0.26633784287930257, 0.30764501840211056]","[2.6968813925662896, 2.4123289835381843]","[4.689776733254994, 1.0227900552486189, 1.203831417624521, 5.485351763977718, 3.062621907401704]",-0.10125078440986246,-0.1123529322007123,-0.12267444864874333,-0.16445179408533916,-0.10202508592642912,-0.34018366423926605,0.128646243960449,0.2874846405577272,0.3333333333333333,0.71600337881512,101.0099696971933,-0.3821626495999504,0.0,2.0,11.0,10.0,6.0,7.0,0.0,0.0,0.0
LANDSMILL.NS,0.94,132.6053376,36.0,speculative,False,True,,True,38.095238095238095,1326053376.0,0.94,0.02,,,0.005840090526321539,-2.13036,1.17241,0.87314004,0.444,13.263634725761202,,,,4.358175413345654,72982080.0,0.03642770402471229,9393470.0,,,47.0,,0.6478291,-30.33,-0.79,0.0,9621775,14.2,-4.970000000000002,"[0.0, 0.0, 0.0, 15127000.0, 57855000.0]","[8497000.0, 2937000.0, -2568000.0, 10908000.0, 155000.0]","[0.01, 0.01, -0.01, 0.01, 0.01]","[inf, 2.824618232299861]","[-0.6543485936212781, -1.8743615934627171, -5.247663551401869, -0.9857902456912357]","[0.0, -2.0, -2.0, 0.0]","[0.004435595482086691, 0.00491595351297256, 0.0054409927234454125]","[54.988497979965686, 56.642132459512254, 30.786309059573824]","[61.59036144578313, 17.89142857142857, -21.928571428571427, 37.97231833910035, 3.462686567164179]",0.4920634995722657,0.22077924792250725,-0.07843135765358711,,-0.13440514725321784,-0.4404761744261865,0.807692369413096,0.8221273229856698,0.2222222222222222,1.8973872030502494,0.6134141312837025,-0.6904761921656646,7.0,0.0,2.0,8.0,5.0,16.0,-2.0,0.0,0.0
MKPL.NS,3.99,150.5136512,36.0,speculative,False,True,,True,30.476190476190478,1505136512.0,3.99,0.13,-0.1469820520141647,,0.14292002293321615,0.020550001,0.012259999,0.03053,48.673,6.068506113407648,,,,0.7956755563422299,3803412643.54,0.0650058593135634,68289955.28,-0.14522643140159874,-2.234051406059906,30.692308,,1.9840876,19.77,0.198,0.0,79245,74.82,0.0,"[1151612000.0, 1459406000.0, 895583000.0, 324303000.0, 1149460000.0]","[13824000.0, 11383000.0, 14308000.0, 7467000.0, 35132000.0]","[0.04, 0.03, 0.04, 0.02, 0.09]","[0.2672723104656778, -0.3863373180595393, -0.6378861590718001, 2.5444013777239185]","[-0.17657696759259256, 0.25696213651937105, -0.47812412636287394, 3.7049685281907054]","[-0.25, 0.3333333333333335, -0.5, 3.5]","[0.4867322887993906, 0.02694315136126393, 0.5574468361867287]","[2.2500731279555, 15.238627077090712, 2.0085953164634165]","[4.556796303427031, 3.173098823231684, 7.651894451962111, 16.50077519379845, 7.706242873432155]",-0.01724136311067892,-0.16701460515394273,-0.2222222377140074,,-0.10057501663081825,-0.4419580480674524,0.03100778489049616,0.20478702845487073,0.3492063492063492,0.5933062685574907,0.03629234909445644,-0.45874128196634567,7.0,10.0,2.0,9.0,3.0,5.0,0.0,0.0,0.0
RANASUG.NS,13.79,211.7700224,36.0,speculative,False,True,,True,24.761904761904763,2117700224.0,13.79,0.36,-0.2786812598113505,,0.0829208346992902,-0.044180002,0.00339,0.21931,53.558,2.4685521010336657,,,,3.8713949777441843,17171198000.0,0.021251998525702254,238140000.0,-0.2784670879751855,-13.10310122779306,38.305553,,0.369963,22.733,0.12,0.0,437815,22.64,0.0,"[4644530000.0, 4378413000.0, 4293575000.0, 3453384000.0, 5309041000.0]","[-206526000.0, 277534000.0, 127219000.0, -141295000.0, -25318000.0]","[-1.35, 1.81, 0.83, -0.92, -0.16]","[-0.05729686319175464, -0.019376427029610954, -0.19568564657657084, 0.5373445293080643]","[-2.343821116953798, -0.5416093163360165, -2.1106438503682625, -0.8208146077355887]","[-2.340740740740741, -0.5414364640883979, -2.108433734939759, -0.8260869565217391]","[0.4755840542500232, 0.43162979555792336, 0.6528101442558912]","[1.213240539793788, 1.1989133076905465, 1.1193152795448573]","[-2.7874211828557747, 6.161293772354052, 3.4613994013573186, -3.307974575715877, 0.6010169560196909]",-0.06824325782874785,0.1491666634877522,0.06982153565236238,,0.0788677443736272,-0.13379397639656077,0.2960525861737484,0.4199142661565641,0.36507936507936506,0.9376198269600665,0.5594232591405106,-0.2939614758600788,7.0,2.0,2.0,5.0,5.0,15.0,0.0,0.0,0.0
VEDAVAAG.NS,22.72,53.3106592,36.0,speculative,False,True,,True,38.095238095238095,533106592.0,22.72,1.76,-0.12466358990610316,,0.053518915176124615,0.07424,0.0347,0.87257004,0.9,6.279801445360976,,,,0.5420734988852156,1285414000.0,0.1477954046481722,52028000.0,-0.11782813568468575,-0.7972381547665592,12.909091,,,4.377,0.312,0.0,81061,35.16,0.0,"[221175000.0, 493859000.0, 264242000.0, 216223000.0, 311091000.0]","[11001000.0, 2051000.0, 16234000.0, 12195000.0, 21549000.0]","[0.47, 0.09, 0.69, 0.52, 0.92]","[1.2328879846275576, -0.46494444770673415, -0.18172357157454155, 0.43875073419571464]","[-0.8135624034178711, 6.915163334958557, -0.2487988172970309, 0.7670356703567036]","[-0.8085106382978724, 6.666666666666666, -0.24637681159420277, 0.7692307692307692]","[0.01241477361988249, 0.014916780172758142, 0.03165062211680181]","[3.7657674018861793, 5.502712463646905, 7.292856429843595]","[10.932090545938749, 1.7488417801488136, 10.35361596009975, 8.981216457960643, 14.021850899742931]",0.25248070991224103,,,,,,,0.8054258614129212,0.45454545454545453,,0.3199107935216236,,10.0,5.0,5.0,9.0,5.0,2.0,0.0,0.0,0.0
VISHAL.NS,17.74,439.2601088,36.0,speculative,False,True,,True,34.285714285714285,4392601088.0,17.74,1.52,,,0.09404086265607264,0.05108,0.02123,0.103149995,34.862,2.866782006920415,,,,0.08221099887766554,15824600000.0,0.010419029468234253,356400000.0,-0.12290540882278278,-11.79624351745038,11.671053,,0.679251,5.854,0.66,0.0,44907,55.05,0.0,"[3790872000.0, 3481479000.0, 4237018000.0, 4330919000.0, 3971682000.0]","[71560000.0, 75082000.0, 77781000.0, 106975000.0, 91640000.0]",[],"[-0.08161525896944033, 0.21701667595869467, 0.022162048874939888, -0.08294706042759059]","[0.04921743991056449, 0.0359473642151249, 0.37533587894215814, -0.14335125029212437]",[],"[0.3486059781348096, 0.409980696090753, 0.6101627712854758]","[2.369556356795736, 2.5034272525870698, 1.9411413460718245]","[1.947177177177177, 2.101984790285265, 1.9781590413943355, 2.465648612945839, 2.077142798218116]",-0.039523528390632445,,,,,,,0.4947479435071231,0.39473684210526316,,0.10713311304948807,,7.0,8.0,2.0,7.0,10.0,2.0,0.0,0.0,0.0
ASIANTNE.NS,9.07,22.6222112,35.0,speculative,False,True,,True,29.523809523809526,226222112.0,9.07,0.13,-0.3132112659998273,,0.02425854630030964,0.0032,0.0050999997,0.053829998,20.35,1.6064159084513647,,,,22.64741907261592,667001000.0,0.25671429160802695,5715000.0,-0.2622371772130778,-1.0215137442113418,69.76923,,0.3290524,82.064,0.348,0.0,7579,59.42,0.0,"[107004000.0, 250400000.0, 166416000.0, 131297000.0, 137133000.0]","[443000.0, -3580000.0, -629000.0, 7105000.0, 2820000.0]","[0.02, -0.14, -0.03, 0.28, 0.14]","[1.3400994355351203, -0.33539936102236423, -0.21103139121238346, 0.044448844985033986]","[-9.081264108352144, -0.8243016759776536, -12.29570747217806, -0.6030964109781844]","[-8.0, -0.7857142857142858, -10.333333333333334, -0.5]","[0.19142256000930696, 0.16040148633929063, 0.273785620244297]","[2.0571592763717446, 2.349863254296826, 1.9168166683150365]","[1.5186230248306998, -0.06275720164609054, 0.8851820961912705, 5.39114160948222, 1.9551219512195122]",-0.06878851047622037,,,,,,,0.5423158657124086,0.38235294117647056,,0.008654736273756026,,15.0,8.0,7.0,6.0,5.0,0.0,-6.0,0.0,0.0
CCCL.NS,13.2,589.7224704,35.0,speculative,False,True,,True,48.57142857142857,5897224704.0,13.2,-0.08,,,0.22822257690322603,-0.088649996,-0.01212,0.13324,0.108,18.661541032926625,,,,-1.2382684271935087,2947078000.0,0.28544100382720283,790218000.0,,,,,2.1153846,-58.773,6.401,0.0,209998,60.05,0.0,"[1202673000.0, 1031984000.0, 741414000.0, 513072000.0, 449628000.0]","[-54916000.0, -20020000.0, 35151000.0, 779380000.0, 559240000.0]","[-0.12, -0.03, 0.08, 1.74, 1.25]","[-0.1419246960728311, -0.28156444285957927, -0.3079817753643713, -0.12365515950977646]","[-0.6354432223759925, -2.7557942057942055, 21.17234218087679, -0.2824552849701044]","[-0.75, -3.666666666666667, 20.75, -0.2816091954022989]","[0.0010760814708455453, 0.001501956298078247]","[1.6243462591419588, 1.014909702892052]","[-1.9872078041597645, -2.6063459866705303, 2.71503442149678, 64.46753378721675, 14.672650501259321]",-0.0697674277937802,-0.16614024808063255,-0.15057916076782685,,-0.10021082963278316,-0.4705174629891741,0.02723730874748642,0.3331230903185203,0.36507936507936506,0.5783023611289794,0.25048427520342825,-0.4845567499330553,4.0,8.0,7.0,7.0,3.0,6.0,0.0,0.0,0.0
HTMEDIA.NS,22.86,528.7976448,35.0,speculative,False,True,,True,32.38095238095238,5287976448.0,22.86,0.71,-0.37936235431715326,,0.042083312046295826,0.02454,-0.0054400004,0.53828,38.15,1.52311312825685,,,,-1.8258706467661692,17077400000.0,0.01849203355443718,-542700000.0,-0.37961708228349755,-20.528682319658028,32.197186,,0.32441178,2.118,0.317,0.0,80148,69.5,0.0,"[4373000000.0, 5110400000.0, 4966100000.0, 4515000000.0, 3937600000.0]","[308900000.0, -135600000.0, -233500000.0, -40300000.0, -133300000.0]","[1.34, -0.59, -1.01, -0.17, -0.58]","[0.16862565744340263, -0.02823653725735753, -0.09083586717947689, -0.12788482834994463]","[-1.43897701521528, 0.721976401179941, -0.8274089935760172, 2.3076923076923075]","[-1.4402985074626864, 0.7118644067796611, -0.8316831683168316, 2.4117647058823524]","[0.4732451590594744, 0.48476447586649396, 0.43026123904002306]","[1.1131784567775471, 1.127571213254828, 1.168952975710159]","[4.780895123580494, 2.2737693863789614, -0.7579700715679896, 1.1857605177993527, 0.31109598366235536]",-0.13930718862909963,-0.11635099077063005,0.023734916634856162,,-0.019660924185621265,-0.20237261925820504,0.26019853249810954,0.46942616846897306,0.4126984126984127,0.6248577946207914,0.24720519206792832,-0.35628107902054607,4.0,10.0,2.0,5.0,7.0,9.0,-2.0,0.0,0.0
RENUKA.NS,22.4,4767.8169088,35.0,speculative,False,True,,True,36.19047619047619,47678169088.0,22.4,-3.66,0.5874010519681994,,-0.2732007082595563,-0.05609,-0.08415,0.20343,,-0.33792888726654774,,,,0.15375933299835118,91604750000.0,0.00564680367094228,-7920820000.0,0.5902180782783182,104.52250736385682,,,-1.794153,44.017,-0.246,0.0,11838769,62.48,0.0,"[21180000000.0, 25469000000.0, 21196000000.0, 20075000000.0, 27130000000.0]","[-2511000000.0, -1222000000.0, -383000000.0, -2630000000.0, 916000000.0]","[-1.18, -0.57, -0.18, -1.24, 0.43]","[0.20250236071765815, -0.1677725862813616, -0.0528873372334403, 0.35143212951432123]","[-0.5133412982875348, -0.6865793780687397, 5.866840731070496, -1.3482889733840304]","[-0.5169491525423728, -0.6842105263157894, 5.888888888888889, -1.346774193548387]","[-2.6803200815334445, -3.514595965624254]","[0.48430504134857405, 0.5904533501784901]","[-0.7357142857142858, 0.1545253863134658, 1.1322128851540616, -0.7698289269051322, 1.4736842105263157]",-0.06821968529700839,-0.0070921919858044635,-0.18634220632634202,,0.009311102814457017,-0.27225473947929635,0.0496719521257285,0.35785597684381426,0.4603174603174603,1.0005013518822228,28.879235739710964,-0.30669266807889783,2.0,8.0,15.0,0.0,0.0,16.0,-6.0,0.0,0.0
SAMBHAAV.NS,5.17,98.8043072,35.0,speculative,False,True,,True,27.61904761904762,988043072.0,5.17,-0.09,,,0.021146137255309217,-0.13389,-0.03669,0.30071,5.923,2.0474174428450467,,,,33.9568345323741,431008000.0,0.0223746273938612,2363000.0,,,,,1.1827958,25.391,0.64,0.0,63187,62.93,0.0,"[96172000.0, 125078000.0, 112858000.0, 100818000.0, 92253000.0]","[-20294000.0, 3935000.0, 3182000.0, -3118000.0, -1641000.0]","[-0.11, 0.02, 0.02, -0.02, -0.01]","[0.300565653204675, -0.09769903580165973, -0.10668273405518436, -0.08495506754746174]","[-1.1938996747807233, -0.1913595933926302, -1.9798868636077938, -0.47370109044259145]","[-1.1818181818181819, 0.0, -2.0, -0.5]","[0.06057761948942029, 0.10880554457444214, 0.13195771102373588]","[6.1927717946702305, 4.470889758108929, 3.5460702088609066]","[-6.204964776920496, 3.37657597876576, 2.138924731182796, 2.1141642132809944, -0.1451223715960014]",-0.13833332061767578,-0.1674718124741521,-0.1070811553789126,,-0.08030144210407686,-0.530853007120191,0.0,0.3452805042034433,0.3968253968253968,1.0269398041360003,0.027353897659020424,-0.530853007120191,10.0,8.0,2.0,5.0,3.0,9.0,-2.0,0.0,0.0
BASML.NS,22.9,183.0199424,34.0,avoid,False,True,,True,35.23809523809524,1830199424.0,22.9,2.97,,,0.10696949161918459,0.05156,0.02632,0.29614002,83.809,1.5425729492564848,,,,8.497774351216107,8577989000.0,-0.060979586431883503,137488000.0,,,7.7104373,,0.38642612,7.098,0.713,1.11,49205,49.55,0.0,"[2165093000.0, 2207106000.0, 2038975000.0, 2283232000.0, 2173927000.0]","[136942000.0, 13777000.0, 22600000.0, 55537000.0, 45573000.0]","[1.71, 0.16, 0.28, 0.69, 0.63]","[0.0194047091741556, -0.07617712968928547, 0.11979401414926616, -0.047872927499264195]","[-0.8993953644608667, 0.64041518472817, 1.4573893805309734, -0.1794119235824766]","[-0.9064327485380117, 0.7500000000000002, 1.464285714285714, -0.08695652173913038]","[0.8380915461911495, 0.9585486034444926, 1.1259737211558527]","[1.0610112665308018, 1.1371937155726806, 1.1286051930504213]","[1.2272153128643606, 1.282910603656186, 1.4428268202675685, 1.693375426447375, 1.6328586379606789]",-0.09878001747164389,-0.09494666408155994,0.04973041094625641,,-0.05802593918691146,-0.26031795337996433,0.33845179338590814,0.3187909841167114,0.4444444444444444,0.41522497572895567,0.10716710091632842,-0.44735996449386695,7.0,5.0,0.0,5.0,10.0,7.0,0.0,0.0,0.0
EUROTEXIND.NS,16.7,19.6331056,34.0,avoid,False,True,,True,26.666666666666668,196331056.0,16.7,-1.41,-0.3227880848615734,,,-45.427032,0.0,1.0,,0.036325360566156054,,,,3.1492011573782865,0.0,-1.0,-7949000.0,-0.32352705167125817,0.32352705167125817,,,-0.5431954,-14.851,0.829,0.0,5765,70.99,0.0,"[185000.0, 56000.0, 178000.0, 406000.0, 443000.0]","[-13127000.0, -9286000.0, -10344000.0, 20385000.0, -8704000.0]","[-1.5, -1.06, -1.18, 2.33, -0.99]","[-0.6972972972972973, 2.1785714285714284, 1.2808988764044944, 0.09113300492610832]","[-0.29260303191894566, 0.11393495584751245, -2.970707656612529, -1.4269806230071131]","[-0.29333333333333333, 0.1132075471698113, -2.9745762711864407, -1.4248927038626609]","[-1.1397770013626456, -1.3010018214936248, -1.1596369832052575]","[0.3207034550131337, 0.2887387652741778, 0.30236268190684124]","[-1.2849171180042671, -3.5273095077545515, -1.3234672304439747, 3.8883572567783093, -0.8174881733557149]",0.19370986677326374,0.11037239396920207,0.303669025440918,,-0.10576480018290946,-0.2917726540723956,0.4334765072761668,0.5064909821069117,0.3492063492063492,0.8506102245310677,0.007609917532639504,-0.505937249523992,15.0,10.0,0.0,0.0,0.0,9.0,0.0,0.0,0.0
GLOBALE.NS,10.3,10.9388832,34.0,avoid,False,True,,True,21.904761904761905,109388832.0,10.3,-1.09,0.010738698048734063,,-0.08920685391273626,0.00826,-0.04573,0.24273,107.499,-0.9803585702866279,,,,-1.1605802901450726,144424000.0,-0.4025924463828997,-13993000.0,0.0279857266825585,-0.06951378977424154,,,1.1410214,,0.89,0.0,4726,65.43,0.0,"[112197000.0, 80576000.0, 25936000.0, 27496000.0, 10417000.0]","[-1233000.0, -4074000.0, -3720000.0, -2582000.0, -3617000.0]","[-0.12, -0.38, -0.35, -0.24, -0.34]","[-0.28183463015945165, -0.6781175536139794, 0.060148056755089385, -0.621144893802735]","[2.3041362530413627, -0.08689248895434465, -0.30591397849462365, 0.4008520526723469]","[2.166666666666667, -0.07894736842105265, -0.3142857142857143, 0.41666666666666674]","[1.0749853971962617, 1.0730872010573334, 0.9284838020809669]","[1.5721452707059764, 1.6364190604671072, 1.8458173384516954]","[0.36282843894899536, -1.7756676557863502, -0.5804195804195804, -0.21345146999597261, -0.8556701030927835]",-0.09569799119689137,-0.10434780950131628,-0.05417815739093634,,-0.05326926028273882,-0.2746478641489575,0.02182542348154337,0.3837644084445657,0.47619047619047616,0.6102979482054033,0.004316584959731102,-0.2746478641489575,15.0,10.0,3.0,2.0,3.0,5.0,-4.0,0.0,0.0
LAXMICOT.NS,12.85,22.0347568,34.0,avoid,False,True,,True,21.904761904761905,220347568.0,12.85,-1.72,-0.4106323942970269,,0.046137969672868165,0.0155299995,-0.0249,0.19833,70.182,0.8094434624243398,,,,-5.123105114109612,1506722000.0,0.016887527938050706,-12006000.0,-0.41044080411638095,-24.304374543273582,,,0.3701357,31.853,0.277,0.0,9509,58.63,0.0,"[182665000.0, 172754000.0, 245697000.0, 582337000.0, 505934000.0]","[-4412000.0, -14362000.0, -14792000.0, 4069000.0, 13050000.0]","[-0.26, -0.86, 0.24, 0.76]","[-0.05425779432294087, 0.42223624344443533, 1.3701428995877034, -0.13120066215953996]","[2.255213055303717, 0.029940119760478945, -1.275081124932396, 2.2071762103710983]","[2.3076923076923075, -1.2790697674418605, 2.166666666666667]","[0.7010990816343294, 0.6586813104664129, 0.7441421884971569]","[1.5554056139024162, 1.6161602969480342, 1.5579273909943685]","[0.2920271940667491, -1.4887535727600347, -0.3054645927138764, 1.4378579003181335, 3.1322232134007333]",0.01101497583812483,-0.1416165562954831,-0.030920048290729363,,-0.07174868528351652,-0.4740073589459881,0.08164985334046504,0.45608146436416874,0.3968253968253968,0.6661044069227682,0.015422270169754029,-0.5137126497733199,15.0,8.0,2.0,3.0,5.0,5.0,-4.0,0.0,0.0
MOHITIND.NS,22.8,32.2792704,34.0,avoid,False,True,,True,21.904761904761905,322792704.0,22.8,-0.46,-0.18116584085222365,,0.028251341453283594,-0.03639,-0.00492,0.19834,60.172,0.6803249053966112,,,,-16.34484071582688,1390557000.0,-0.05312586947192166,-7879000.0,-0.18300175710494393,3.4446825797677514,,,0.3257096,54.929,0.244,0.0,10412,54.94,0.0,"[248329000.0, 368271000.0, 362886000.0, 345360000.0, 322449000.0]","[-2917000.0, 661000.0, -2834000.0, -1424000.0, -4283000.0]","[-0.21, 0.05, -0.2, -0.1, -0.3]","[0.4829963475872734, -0.014622384059564841, -0.048296159124353144, -0.06633947185545519]","[-1.2266026739801166, -5.287443267776097, -0.49752999294283695, 2.0077247191011236]","[-1.2380952380952381, -5.0, -0.5, 1.9999999999999996]","[0.6017224704591994, 0.4009074610098046, 0.35025983448086223]","[0.8635733153216176, 0.9651728050881887, 0.9032821894511874]","[0.7159907055344318, 0.8965023522192678, 0.601712846347607, 0.799143170270001, 0.4328226281673542]",-0.03878583907782751,0.005290958124783751,0.014686245384526009,,-0.0159478715870095,-0.32604203360902595,0.21212120597571027,0.5462842301496208,0.38095238095238093,0.34195782795047985,0.019792594054460527,-0.44398467490842697,13.0,8.0,2.0,2.0,5.0,8.0,-4.0,0.0,0.0
NECLIFE.NS,10.8,209.801856,34.0,avoid,False,True,,True,45.714285714285715,2098018560.0,10.8,0.35,1.3150498526775136,,-0.14832322330648598,-1687.0759,0.0,0.055170003,,-596.8163265306123,,,,1.4249396533181287,0.0,-1.0,-2928910000.0,1.2964938337758256,-1.2964938337758256,30.857143,0.23464618422771705,0.37272227,-1.248,0.661,0.0,104986,51.84,0.0,"[145000.0, 0.0, 0.0, 49966000.0, 0.0]","[-153977000.0, -679242000.0, 142697000.0, -3293000.0, -632308000.0]","[-0.79, -3.38, 0.64, -7.85, -2.82]","[-1.0, inf, -1.0]","[3.411321171343772, -1.2100827098442086, -1.02307686917034, 191.01579107197085]","[3.2784810126582276, -1.1893491124260356, -13.265625, -0.6407643312101912]","[0.0, 0.640071761925168, 0.6087421269189818]","[8.40034535432025, 0.23879564075607976, 1.2114902877123874]","[-155.91204588910134, -8.64809761884586, 2.872676561476413, 1355.0]",-0.11402784556984624,-0.031390084284284914,0.010290048144942832,,-0.02448699113094477,-0.5146067330006803,0.16129031927272175,0.40126765295352745,0.4126984126984127,0.5638880613652292,0.13486689077931405,-0.582022463337759,7.0,8.0,11.0,0.0,5.0,7.0,-4.0,0.0,0.0
NOIDATOLL.NS,3.65,67.9611776,34.0,avoid,False,True,,True,55.23809523809524,679611776.0,3.65,1.53,,,1.7221250036456965,0.34463,0.64781,0.43567002,,6946.64705882353,,,,1.3765529263789693,428702000.0,0.2180189192126749,271906000.0,,,2.385621,,-5.3440704,4.165,0.891,0.0,153246,26.37,0.0,"[113845000.0, 112360000.0, 105943000.0, 105197000.0, 105202000.0]","[52937000.0, 38750000.0, 153557000.0, 38074000.0, 41525000.0]","[0.29, 0.21, 0.83, 0.2, 0.22]","[-0.0130440511221398, -0.05711107155571382, -0.007041522328044336, 4.752987252487628e-05]","[-0.26799780871602097, 2.9627612903225806, -0.7520529835826436, 0.09063928139938016]","[-0.27586206896551724, 2.9523809523809526, -0.7590361445783133, 0.09999999999999987]","[-3.405867737761655, -1.3481122827302776, -1.0782296428275253]","[1.0059193852344335, 0.5944605589237724, 0.5139590692524232]","[7645.571428571428, 2554.2, 155291.0, 41390.0]",-0.14519903707928195,-0.23640168720541221,0.07038123269673702,,-0.15332532378483543,-0.4909344412093708,0.25,0.37272868816137683,0.3968253968253968,0.4544959185596403,0.04699739031666517,-0.5034867636124705,10.0,2.0,7.0,7.0,5.0,3.0,0.0,0.0,0.0
RADIOCITY.NS,5.9,207.293056,34.0,avoid,False,True,,True,32.38095238095238,2072930560.0,5.9,-1.21,,,-0.09727319139095847,0.10876001,-0.24714,0.56575,5.308,-4.630097627598766,,,,-0.4070204654180755,1744325000.0,-0.042749421328605375,-533241000.0,,,,,0.4570809,6.013,0.252,0.0,67861,74.05,0.0,"[445432000.0, 407914000.0, 464753000.0, 378413000.0, 493245000.0]","[92225000.0, -479559000.0, 36838000.0, -68778000.0, -21742000.0]","[0.27, -1.39, 0.11, -0.2, -0.06]","[-0.08422834461825823, 0.13934064533210422, -0.18577610042323556, 0.3034568051309019]","[-6.1998807264841425, -1.0768164084085587, -2.867039470112384, -0.6838814737270639]","[-6.148148148148147, -1.079136690647482, -2.8181818181818183, -0.7]","[0.0530790754364444, 0.2721935572471161, 0.253157141114971]","[7.03596808255434, 1.8394751083800547, 1.8543195037668219]","[18.07092395068569, -40.05236363636364, 2.9941022280471823, -1.8612609079321503, 0.2876004967644944]",-0.054487129522731825,-0.018302850137306925,-0.05144689800935809,,-0.033817185527447835,-0.30424523421477734,0.2770563293322359,0.3036475126151137,0.36507936507936506,0.9454439316631491,0.03886269404259682,-0.4551886633309057,7.0,10.0,0.0,5.0,7.0,9.0,-4.0,0.0,0.0
RRIL.NS,15.53,188.2457856,34.0,avoid,False,True,,True,32.38095238095238,1882457856.0,15.53,0.81,-0.13949905623310144,,0.09912377652242976,0.0561,0.07042,0.18219,30.103,7.069847968403398,,,,0.4688051489670923,1220050000.0,-0.0757575046352037,86697000.0,-0.1426274362256249,1.8826839256707442,19.172838,,1.67151,20.395,1.086,0.0,24543,70.93,0.13000000000000966,"[294917000.0, 274005000.0, 333682000.0, 372515000.0, 239848000.0]","[17590000.0, 29438000.0, 17396000.0, 25368000.0, 14495000.0]","[0.15, 0.24, 0.21, 0.21, 0.12]","[-0.07090808600385867, 0.21779529570628275, 0.11637726937623238, -0.3561386789793699]","[0.673564525298465, -0.4090631157007949, 0.45826626810761084, -0.428610848312835]","[0.6000000000000001, -0.125, 0.0, -0.4285714285714286]","[0.30102510012320155, 0.07300969772274157, 0.14129124951451608]","[2.6367397137745976, 3.915488567394613, 3.0414731358272658]","[4.876559640658792, 6.606925087108014, 9.46944603083952, 8.320637549161665, 4.852158273381295]",-0.07061636242685077,,,,,,,0.3642296066168907,0.3333333333333333,,0.03825098055882454,,7.0,10.0,2.0,9.0,5.0,1.0,0.0,0.0,0.0
TRIDENT.NS,22.49,11459.969024,34.0,avoid,False,True,,True,37.142857142857146,114599690240.0,22.49,0.79,-0.05612094469477069,,0.10674148782892243,0.13338,0.05829,0.47823003,38.323,5.581284694686756,,,,2.015804407202143,63046700000.0,0.017642305716078832,3771100000.0,-0.05064525104380002,-2.8706707535196485,28.468353,,2.4032912,14.028,0.12,2.29,3060272,73.68,0.0,"[17868300000.0, 16325300000.0, 15744600000.0, 17871700000.0, 17068900000.0]","[1580900000.0, 1019800000.0, 442400000.0, 909300000.0, 1399600000.0]","[0.31, 0.2, 0.09, 0.18, 0.27]","[-0.0863540459920642, -0.035570556130668396, 0.13510028835283205, -0.04492018106839302]","[-0.3549244101461193, -0.5661894489115513, 1.0553797468354431, 0.5392059826239965]","[-0.35483870967741926, -0.55, 1.0, 0.5000000000000002]","[0.38322553872851267, 0.34742038147610904, 0.35387005814771294]","[1.5744814934983902, 1.631650552886007, 2.008675261898474]","[8.210736912304101, 5.546414157094071, 3.416503715291357, 5.986323411102172, 6.990427568602425]",-0.06829468662877547,-0.10461412985751783,-0.07834659526509558,,-0.061036250684953886,-0.2150044884545349,0.041560308436880744,0.13954488648420696,0.3333333333333333,0.5429414391636581,6.393867783287249,-0.24632735599962963,0.0,10.0,2.0,10.0,4.0,8.0,0.0,0.0,0.0
UNIINFO.NS,11.02,11.7838184,34.0,avoid,False,True,,True,21.904761904761905,117838184.0,11.02,-1.02,,,-0.026948004190644297,0.0309,-0.025009999,0.54883,16.826,-1.5552668052668053,,,,-0.8694488584093,435176000.0,0.06733779466782641,-11957000.0,,,,,0.36831552,42.69,0.352,0.0,1603,50.91,0.0,"[83600000.0, 121747000.0, 110173000.0, 118474000.0, 84783000.0]","[1347000.0, -7551000.0, -6076000.0, 1424000.0, 245000.0]","[0.13, -0.71, -0.57, 0.13, 0.02]","[0.45630382775119616, -0.09506599751944611, 0.07534513900865014, -0.2843746307206645]","[-6.605790645879733, -0.19533836577936692, -1.2343647136273865, -0.8279494382022472]","[-6.461538461538461, -0.19718309859154937, -1.2280701754385965, -0.8461538461538461]","[0.16826051294299552, 0.15550203039234078, 0.15125922590616198]","[4.0945925308083595, 4.172237739823252, 4.6513090536785135]","[1.7870879120879122, -5.42730627306273, -4.629032258064516, 1.9294790343074968, 1.3422599608099282]",-0.021314366451127276,-0.09967314837972752,-0.009883167614214483,,-0.046351900541804936,-0.3843575032059974,0.10642574453382325,0.2950117843755672,0.4126984126984127,0.4845535353214974,0.002262463707718849,-0.44357540500524517,15.0,8.0,2.0,4.0,5.0,6.0,-6.0,0.0,0.0
BOHRAIND.NS,14.44,30.5725856,33.0,avoid,False,True,,True,21.904761904761905,305725856.0,14.44,-1.41,-0.12080150006106927,,-0.042363998648565965,-1528.2,0.0,1.0,1.6,,,,,2.425007574992425,0.0,,-29703000.0,0.003548814227786856,,,,0.4130789,-8.185,-1.453,0.0,24223,33.39,-4.619999999999997,"[0.0, 0.0, 0.0, 0.0, 0.0]","[-5655000.0, -10343000.0, -6031000.0, -6398000.0, -6931000.0]","[-0.27, -0.49, -0.28, -0.3, -0.33]",[],"[0.8290008841732979, -0.4169003190563666, 0.06085226330625093, 0.08330728352610195]","[0.8148148148148147, -0.4285714285714285, 0.0714285714285714, 0.10000000000000009]","[0.01600139861466675, 0.015620877510948004, 0.01928577880822619]","[11.975463287795616, 12.20960483324086, 7.491341410555429]","[-2080.5, -3198.0, -6930.0]",0.16923069913823374,-0.036691140702655,-0.16820281839316875,,-0.06632991498777763,-0.343934601080334,0.16923069913823374,0.6024035651650759,0.42857142857142855,1.0860229884389958,0.026872485021214483,-0.438891401497403,13.0,2.0,2.0,3.0,5.0,10.0,-2.0,0.0,0.0
GAYAHWS.NS,1.77,42.4183872,33.0,avoid,False,True,,True,36.19047619047619,424183872.0,1.77,-0.09,-0.7955417154011596,,0.08056451665889186,0.07006,-0.089449994,1.05776,,,,,,22.123142250530787,145515000.0,0.2403509425020447,-12246000.0,-0.7940548659815599,-3.303731026454389,,,-0.06714719,-17446.049,0.839,0.0,176877,61.16,0.0,"[70901000.0, 145515000.0, 0.0, 0.0, 0.0]","[-28287000.0, 68994000.0, -27643000.0, -32422000.0, -21175000.0]","[-0.12, 0.29, -0.12, -0.14, -0.09]","[1.0523687959267147, -1.0]","[-3.4390709513203945, -1.4006580282343393, 0.1728828274789278, -0.34689408426377155]","[-3.4166666666666665, -1.4137931034482758, 0.16666666666666674, -0.3571428571428572]","[-0.9894189343605899, -0.6467381498834864, -1.042697862414928]","[1.2582801224171105, 1.2551833187333314, 1.202827230093437]","[0.2733151352927146, 0.3711173539701049, 0.06850767232926086, -0.2832343899077706, 9.368536824530253]",-0.08290153936256872,-0.043243265883429416,-0.19909504507945053,,-0.07511573552137973,-0.6101321595156847,0.029069739235228154,0.28326325999647384,0.36507936507936506,0.5535217914958247,0.029889801538387533,-0.621145364964232,13.0,8.0,7.0,1.0,0.0,4.0,0.0,0.0,0.0
KAMANWALA.NS,16.6,23.3946464,33.0,avoid,False,True,,True,29.523809523809526,233946464.0,16.6,-1.88,-0.30241315097234844,,-0.026419117880590377,-0.41579,-0.33882,8.9999994e-05,15.425,-7.991765028822399,,,,6.790714734856424,78210000.0,0.264028753435253,-28626000.0,-0.29606228996829753,-1.121325939376902,,,0.2071763,1.659,0.219,0.0,2510,41.36,0.0,"[0.0, 18693000.0, 59517000.0, 0.0, 0.0]","[2388000.0, -15582000.0, -13815000.0, 510000.0, 257000.0]","[0.17, -1.11, -0.98, 0.04, 0.02]","[inf, 2.1839191141068848, -1.0]","[-7.525125628140704, -0.11340007701193688, -1.0369163952225842, -0.49607843137254903]","[-7.529411764705882, -0.11711711711711725, -1.0408163265306123, -0.5]","[0.1511290582127994, 0.010950163970797252, 0.012780145756460765]","[5.7315488890110275, 19.472078020261076, 22.184576238011353]","[1.8313676286072773, -4.431183076521285, -10.606140350877194, 2.900199600798403]",0.04402520627256212,,,,,,,0.6571179638679178,0.45454545454545453,,0.004740826090574264,,15.0,5.0,7.0,3.0,7.0,0.0,-4.0,0.0,0.0
PEARLPOLY.NS,17.09,28.7708992,33.0,avoid,False,True,,True,26.666666666666668,287708992.0,17.09,-3.14,-0.16494184408352763,,-0.16248961159896266,-0.29536,-0.26801002,0.40527,,-104.24839400428266,,,,1.0390664318067437,197031000.0,0.04787572777033877,-47688000.0,-0.1643690495854172,-3.433243884539995,,,0.99441403,-0.765,0.615,0.0,15441,55.58,0.0,"[50403000.0, 55937000.0, 46956000.0, 44960000.0, 49178000.0]","[23498000.0, -40822000.0, -16426000.0, -19386000.0, 28944000.0]","[1.4, -2.43, -0.98, -1.15, 1.72]","[0.10979505188183247, -0.16055562507821297, -0.04250787971718206, 0.09381672597864776]","[-2.737254234402928, -0.5976189309685953, 0.18020211859247537, -2.4930362116991645]","[-2.7357142857142858, -0.5967078189300412, 0.1734693877551019, -2.4956521739130437]","[0.0, 0.0]","[4.748152199131616, 7.006585214330089, 5.603233324098369]","[187.4920634920635, -225.15508021390374, -122.50375939849624, -321.98333333333335, 302.5]",0.11772401538428245,-0.05055554707845056,0.048466316104552654,,-0.02615755454568902,-0.4359735781219175,0.3136049079114209,0.3899688092493333,0.5079365079365079,0.8447731342364792,0.020656977408242225,-0.5706270443410097,13.0,8.0,2.0,0.0,5.0,9.0,-4.0,0.0,0.0
PSB.NS,21.01,14907.8245376,33.0,avoid,False,True,,True,42.857142857142854,149078245376.0,21.01,1.94,-0.013939100199574228,0.09786,0.0080699995,0.35354,0.28516,0.0,,,,,,-1.432076422563241,56324087000.0,0.13169224233792853,13219342000.0,0.0022556351990121737,0.017128079520615246,10.829897,,1.0127254,,0.506,1.86,845589,93.85,0.0,"[13710500000.0, 14021700000.0, 14934600000.0, 13691400000.0, 17987800000.0]","[3315100000.0, 4218300000.0, 3364200000.0, 2691600000.0, 3127800000.0]","[0.47, 0.59, 0.47, 0.38, 0.46]","[0.02269793224171246, 0.0651062282034276, -0.08324293921497727, 0.31380282513110425]","[0.2724503031582757, -0.20247493065927036, -0.1999286606028179, 0.16205974141774404]","[0.25531914893617014, -0.2033898305084746, -0.1914893617021276, 0.21052631578947367]","[1.1536348334992794, 0.9872570958187739, 1.0337212843029953, 0.9120702266668327, 0.8895347586457305]",[],[],-0.09556605067159529,-0.11431000823352333,-0.11650954212662368,,-0.06246547197300323,-0.33003362576709583,0.033162079010471635,0.16939766839107145,0.42857142857142855,0.5728952395379283,1.7450451426165008,-0.351537974685854,0.0,10.0,7.0,3.0,6.0,7.0,0.0,0.0,0.0
SADBHIN.NS,2.56,90.1696512,33.0,avoid,False,False,extreme_valuation_missing_core_risk_data,True,36.19047619047619,901696512.0,2.56,0.05,-0.6253611545247885,,,0.55389,0.0019200001,0.75267,,1.2424244778717055,,,,-49.363247433058184,7700170000.0,-0.021155370538416318,-198680000.0,-0.6244579184517384,29.51770177306878,51.199997,,-0.14987414,5.19,0.633,0.0,105477,70.26,0.0,"[2002620000.0, 2016790000.0, 2055370000.0, 1810600000.0, 1862810000.0]","[333610000.0, 668100000.0, -1091200000.0, 104660000.0, 119780000.0]","[0.95, 1.9, -3.1, 0.3, 0.34]","[0.007075730792661661, 0.01912940861467982, -0.11908804740752277, 0.02883574505688724]","[1.0026378106171876, -2.6332884298757673, -1.0959127565982405, 0.14446780049684693]","[1.0, -2.6315789473684212, -1.096774193548387, 0.13333333333333353]","[-4.1911500303967095, -5.8967398579520465, -5.877724117446453]","[0.8710870962500338, 0.824129724354898, 0.8330936913022555]","[2.4602360981671327, 7.063787185354691, 0.03185117232819793, 1.3874628718357938, 1.4016580193999548]",0.011857696335581869,-0.06909092989834875,0.07112963615630563,,-0.04206395244418226,-0.4060324879891799,0.19626159686294642,0.40729675428302714,0.4126984126984127,0.5565038531235658,0.0271204894609189,-0.5034802474906582,10.0,10.0,2.0,4.0,2.0,7.0,-2.0,0.0,0.0
VARDMNPOLY.NS,5.68,288.7819776,33.0,avoid,False,True,,True,56.19047619047619,2887819776.0,5.68,6.6,0.42217753284798465,,0.13971817070515932,-0.049650002,1.33946,0.17502001,,1.8529281129938484,,,,-3.9503860023693904,2360577000.0,-0.2734576650619346,76813000.0,0.7269517195386297,-2.658370243064807,0.8606061,0.02038493366035853,-1.2712623,60.83,0.519,0.0,161531,40.63,3.1300000000000026,"[607473000.0, 648466000.0, 505964000.0, 617240000.0, 595369000.0]","[3111900000.0, 8826000.0, 1450000.0, 64592000.0, 1945000.0]","[6.44, 0.02, 0.0, 0.14, 0.004]","[0.06748118846434337, -0.21975246196408138, 0.2199286905787763, -0.03543354286825218]","[-0.9971637906102381, -0.8357126671198731, 43.54620689655172, -0.9698879118157048]","[-0.9968944099378882, -1.0, inf, -0.9714285714285714]","[-1.8775415709002683, -0.22054587736118478, -1.6444909526041882]","[0.7971049109365483, 0.7059447026266391, 0.5769531698388323]","[89.42383428522717, 2.5579876434245366, 1.3202296819787986, 2.5117373089615467, 1.0526686344065639]",-0.03565365753943117,-0.15727002652459843,-0.24668436908815206,,-0.08246298672760843,-0.36394181027670014,0.06367034944483296,0.29861322461502765,0.36507936507936506,0.5838230341926,0.0845008283392644,-0.40201568084013894,7.0,7.0,11.0,2.0,3.0,5.0,-2.0,0.0,0.0
WILLAMAGOR.NS,22.27,24.3998144,33.0,avoid,False,True,,True,31.428571428571427,243998144.0,22.27,-13.9,,,,-1391.5,0.0,1.0,,76.80813953488372,,,,-0.8344597280750576,15384000.0,-0.12126117970568018,-12577000.0,,,,,-0.11015318,-3113.473,0.772,0.0,4522,62.01,0.0,"[2000.0, 642000.0, 9241000.0, 613000.0, 4897000.0]","[-125432000.0, -25284000.0, 227099000.0, -232074000.0, 17683000.0]","[-11.45, -2.31, 20.73, -21.18, 1.61]","[320.0, 13.394080996884735, -0.9336651877502435, 6.988580750407831]","[-0.7984246444288539, -9.981925328270844, -2.0219067455162727, -1.0761955238415333]","[-0.7982532751091703, -9.974025974025974, -2.0217076700434156, -1.0760151085930123]","[-2.5011292975669717, -3.053893516761822, -2.4360590844598695]","[0.11753375356614916, 14.332669442935602, 0.11467344508342449]",[],-0.09397882315347428,-0.1960288864843902,-0.11591901605345423,,-0.08764752546115173,-0.35617229374029025,0.05096743258548897,0.41226558460335644,0.4444444444444444,0.8400293200015037,0.008533682517356872,-0.387395188187871,15.0,8.0,0.0,4.0,0.0,6.0,0.0,0.0,0.0
HARDWYN.NS,9.18,627.7354496,32.0,avoid,False,True,,True,36.19047619047619,6277354496.0,9.18,0.18,0.1186889420813968,,0.048308980632292615,0.115100004,0.0646,0.14739999,1.563,18.098454545454544,,,,0.5523254933438337,1998626000.0,0.06671850559626336,132058000.0,0.12476783152614956,1.8700633416635957,51.0,4.296946211301154,1.5496287,22.17,-0.292,0.0,536387,43.77,0.0,"[346020000.0, 571513000.0, 490799000.0, 506870000.0, 429445000.0]","[28003000.0, 34294000.0, 17902000.0, 43528000.0, 36334000.0]","[0.042857, 0.05, 0.028571, 0.064286, 0.05]","[0.651676203687648, -0.14122863346940484, 0.032744565494224664, -0.152751198532168]","[0.2246545013034318, -0.47798448708228847, 1.431460172047816, -0.1652729277706304]","[0.16667055556851862, -0.42858000000000007, 1.2500437506562596, -0.2222256789969821]","[0.01584589935483744, 0.015477104150583891, 0.025130257118324655]","[2.1257805911083514, 1.748036050953217, 1.7343473989655502]","[12.95866968033581, 11.13768115942029, 11.672436174816097, 33.253801782905086, 30.7277970011534]",0.007683935360768945,-0.4895948903538121,-0.37852994050925937,,-0.30684079143920484,-0.5290582434944628,0.06478889567092483,0.6475870517842764,0.42857142857142855,0.20917306159934637,0.9484435362321902,-0.5418834543019183,4.0,5.0,12.0,10.0,3.0,2.0,-4.0,0.0,0.0
INFOMEDIA.NS,5.25,26.3519408,32.0,avoid,False,True,,True,26.666666666666668,263519408.0,5.25,-0.4,-0.04551878276086441,,0.06569335059122919,0.66667,0.0,1.0,,0.2229211642968808,,,,0.060126582278481014,0.0,,-30020000.0,-0.04600672598082656,,,,-0.41006014,104.304,0.525,0.0,16435,50.69,0.0,"[0.0, 0.0, 0.0, 0.0, 0.0]","[-9278000.0, -8129000.0, -9146000.0, -10281000.0, -9085000.0]","[-0.19, -0.17, -0.18, -0.21, -0.18]",[],"[-0.12384134511748224, 0.12510763931602908, 0.12409796632407599, -0.11633109619686799]","[-0.10526315789473684, 0.0588235294117645, 0.16666666666666674, -0.1428571428571429]","[-0.6289364371272645, -0.6518773500155451]","[1.7200061604805175, 1.1072961373390557]","[0.0024691358024691358, 0.00686641697877653, 0.010227446191421158, -0.000949667616334283, -0.0009668508287292818]",0.013513547100604484,-0.04021934161426033,-0.027777794947839718,,-0.03438099163783759,-0.34782610240898126,0.1462882287019327,0.43115074311327967,0.38095238095238093,1.03168290643646,0.008316176435432435,-0.43105592357905786,13.0,8.0,0.0,2.0,0.0,11.0,-2.0,0.0,0.0
INVENTURE.NS,0.86,90.3,32.0,avoid,False,True,,True,32.38095238095238,903000000.0,0.86,0.03,-0.277050436706485,,0.02652870806028774,0.46646,0.07828,0.72943,13.28,2.677381605412324,,,,0.35052645261926424,328057000.0,0.03755747473462989,38465000.0,-0.25393069595972606,-6.761122726006632,28.666668,,0.32637572,,0.499,0.0,744945,26.4,0.0,"[112759000.0, 106110000.0, 121629000.0, 112093000.0, 105678000.0]","[46130000.0, -53390000.0, 30777000.0, 7980000.0, 53104000.0]","[0.044, -0.051, 0.029, 0.01, 0.051]","[-0.05896646830851637, 0.14625388747526147, -0.07840235470159251, -0.05722926498532466]","[-2.157381313678734, -1.5764562652182057, -0.7407154693439906, 5.654636591478697]","[-2.159090909090909, -1.5686274509803924, -0.6551724137931034, 4.1]","[0.13275944246804486, 0.10444509714023727, 0.1200870479820095]","[2.463043932750951, 231.34341611319664, 3.2615936493471103]","[10.00831873905429, -17.251434034416825, 4.944252590034534, 2.4197167297714204, 13.249617931737138]",-0.07526880893449261,-0.04444440323629384,-0.21100918534889446,,-0.037897704199640114,-0.42666665712992347,0.036144616382703276,0.27788461701219613,0.2698412698412698,0.6508651354419098,0.05792951212727815,-0.44666667779286706,10.0,2.0,2.0,8.0,5.0,7.0,-2.0,0.0,0.0
KEEPLEARN.NS,1.77,27.5610368,32.0,avoid,False,True,,True,24.761904761904763,275610368.0,1.77,-0.07,,,-0.16195996904353632,0.052399997,-0.15956001,0.46247002,26.43,-6.349196906603212,,,,-2.0670113753877972,78900000.0,0.1114016707893013,-9670000.0,,,,,4.348894,-18.581,1.126,0.0,30908,55.42,0.0,"[21125000.0, 14994000.0, 14534000.0, 22281000.0, 27091000.0]","[1036000.0, -7598000.0, -5419000.0, 344000.0, 3003000.0]","[0.01, -0.05, -0.03, 0.0, 0.02]","[-0.2902248520710059, -0.030678938241963438, 0.5330260079812852, 0.21587900004488136]","[-8.333976833976834, -0.2867859963148197, -1.0634803469274774, 7.729651162790697]","[-6.0, -0.4, -1.0, inf]","[0.2497411003236246, 0.31671946215432323, 0.29830280813196963]","[1.1312736878373721, 1.7207510951419993, 1.857416844758617]","[3.370967741935484, -11.075349838536061, -8.167235494880545, 1.3015312131919905, 10.189376443418015]",-0.053475948442173626,-0.016666651213610217,-0.10152286537011335,,-0.03968705420023466,-0.41000000635782874,0.14935066543555986,0.44300669315318336,0.4444444444444444,0.509511639266499,0.005001455563923717,-0.4866666793823242,13.0,8.0,5.0,4.0,0.0,6.0,-4.0,0.0,0.0
KHANDSE.NS,17.5,26.6941584,32.0,avoid,False,True,,True,21.904761904761905,266941584.0,17.5,-0.39,,,-0.03450902720078555,0.03299,-0.06735,0.97863996,10.393,-4.884579274464275,,,,1.6099897694184309,79132250.0,0.08029106333427127,-12707000.0,,,,,0.957278,,0.564,0.0,3370,48.78,0.05000000000000426,"[22668000.0, 22993000.0, 10553000.0, 33979000.0, 11420000.0]","[843000.0, -4401000.0, -4877100.0, 2432000.0, -5860000.0]","[0.06, -0.29, -0.32, 0.16, -0.38]","[0.014337391918122444, -0.5410342278084634, 2.219842698758647, -0.6639100620971776]","[-6.220640569395018, 0.10817995910020439, -1.4986569887843184, -3.4095394736842106]","[-5.833333333333333, 0.10344827586206917, -1.5, -3.375]","[0.11065660158427296, 0.1003131721465954, 0.05203321087457073]","[0.7842786206124449, 1.556333765239708, 0.585378697982444]","[2.011015911872705, -5.315126050420168, -6.807324840764331, 5.3446428571428575, -13.384803921568627]",-0.03368308060701497,-0.01574806950687102,0.2169680014415205,,-0.0065678553627449565,-0.25531914893617025,0.3999999999999999,0.3916338469385795,0.49206349206349204,0.6833723556191148,0.0051970910388851165,-0.46808510638297873,13.0,5.0,2.0,4.0,5.0,7.0,-4.0,0.0,0.0
RHETAN.NS,16.6,1322.8125184,32.0,avoid,False,True,,True,41.904761904761905,13228125184.0,16.6,0.17,0.1304038143380557,,0.10795571085460466,-0.19995001,0.54109,0.39240003,38.419,9.678750329554443,,,,0.130532735147313,244407000.0,-0.3425911549057916,102978000.0,0.23872955627558845,-0.6968351425804795,97.64706,7.488052438931128,12.179017,241.462,0.934,0.0,10725375,62.11,0.0,"[40626000.0, 84926000.0, 61548000.0, 47577000.0, 50356000.0]","[31583000.0, 22185000.0, 44478000.0, 28734000.0, 7580000.0]","[0.04, 0.02784, 0.06, 0.04, 0.01]","[1.090434696992074, -0.2752749452464498, -0.22699356599727039, 0.0584105765390841]","[-0.29756514580628823, 1.0048681541582152, -0.3539727505733171, -0.7362010162177212]","[-0.30400000000000005, 1.1551724137931032, -0.33333333333333326, -0.75]","[0.38792993917922336, 0.41664387315539025, 0.2415621365741652]","[4.252751634481194, 5.79957194007161, 4.436567723558953]","[10.93780048076923, 14.498428661219359, 16.121058893515766, 9.044597823201487, 2.9678089304257527]",-0.3778110872716365,-0.3789749096239262,-0.3492747850830833,-0.24716548953120743,-0.254531702054564,-0.5082938031166395,0.09426501634699602,0.9214035993877826,0.5555555555555556,0.9696243844860722,17.590401390298023,-0.5506516341673502,4.0,8.0,10.0,8.0,0.0,6.0,-4.0,0.0,0.0
SURANASOL.NS,23.99,118.0466304,32.0,avoid,False,True,,True,37.142857142857146,1180466304.0,23.99,1.3,-0.18393003848319156,,0.028532806741120697,0.00118,0.18052,0.14646,,19.551724137931036,,,,4.279341776236186,208343000.0,-0.20954080827872335,12397000.0,-0.18438888710375356,0.8799664782169131,18.453846,,2.0665002,-128.058,0.867,0.0,29046,45.75,1.4099999999999966,"[171506000.0, 136135000.0, 25577000.0, 20865000.0, 25202000.0]","[54407000.0, 1980000.0, 2191000.0, 2797000.0, -8245000.0]","[1.11, 0.04, 0.06]","[-0.2062376826466713, -0.8121203217394498, -0.18422801735934624, 0.20786005271986574]","[-0.9636076240189682, 0.10656565656565653, 0.2765860337745323, -3.94780121558813]","[-0.963963963963964, 0.5]",[],"[3.198925283577182, 9.639682402692673]","[1275.14, 1.0995203836930456, 4.995850622406639, 10.480519480519481, -11.654033041788145]",-0.08119497470991643,-0.06943370317498077,0.024338159392287118,,-0.03793598145959931,-0.2672572223202889,0.2774227313089235,0.29698782660549994,0.3492063492063492,0.269742052036917,0.062270626684045795,-0.4263897457587128,7.0,7.0,1.0,6.0,5.0,8.0,-2.0,0.0,0.0
TFL.NS,11.88,65.4780352,32.0,avoid,False,True,,True,22.857142857142858,654780352.0,11.88,-0.67,-0.3719718814414923,,-0.09014119705110583,0.02722,-0.31249002,0.65246004,107.02,-87.7971602434077,,,,-4.496330746232598,125970000.0,0.1022528459898735,-33113000.0,-0.28340641081751095,-2.771623694909947,,,2.3189538,,0.356,0.0,4351,53.99,0.0,"[24805000.0, 40471000.0, 31241000.0, 33406000.0, 39126000.0]","[-1210000.0, -13985000.0, -9072000.0, -12611000.0, -8568000.0]","[-0.02, -0.25, -0.17, -0.23, -0.16]","[0.6315662164886111, -0.22806454004101706, 0.06929995838801584, 0.17122672573789144]","[10.557851239669422, -0.3513049696102968, 0.39010141093474426, -0.32059313297914516]","[11.5, -0.31999999999999995, 0.3529411764705881, -0.30434782608695654]","[1.0701986385253366, 1.1495242038412712, 1.3235591148848578]","[1.9202735912932267, 2.3983111188837394, 0.3961022355139125]",[],-0.05414014987720306,0.005076177763606138,0.0,,0.005572379453200105,-0.3128976584511315,0.1412104023607883,0.4070456070774738,0.5238095238095238,0.422398662054292,0.006860409373555184,-0.39791791230829987,10.0,8.0,5.0,2.0,3.0,8.0,-4.0,0.0,0.0
TREEHOUSE.NS,5.9,24.963328,32.0,avoid,False,True,,True,21.904761904761905,249633280.0,5.9,-2.19,-0.46139132749202905,,-0.07300016967156962,-2.58358,0.0,0.1033,3.323,,,,,-0.6310023969865538,39471940.0,-0.2502186631444604,-99691840.0,-0.3933947344948847,1.5722038058678443,,,0.2052888,-2.106,-0.064,0.0,20959,24.56,0.0,"[11498000.0, 6246000.0, 8700000.0, 10600000.0, 14372000.0]","[-21284000.0, -90740000.0, -9900000.0, -1000000.0, 1624000.0]","[-0.5, -1.44, -0.23, -0.02, 0.04]","[-0.45677509132022964, 0.39289145052833807, 0.21839080459770122, 0.35584905660377353]","[3.2632963728622437, -0.8908970685474984, -0.898989898989899, -2.624]","[1.88, -0.8402777777777778, -0.9130434782608696, -3.0]","[0.03322775473740314, 0.0, 0.00017647276268369124]","[2.9164775978706414, 4.889596602972399, 4.1318045661196425]","[-25.447852760736197, -21.684294871794872, 376.5]",-0.05144689800935809,-0.10197869996775366,-0.23575126221331633,,-0.07700807642052176,-0.4164193574951588,0.03873244254888619,0.33686041476988937,0.3492063492063492,0.8798433834010064,0.011228917916326523,-0.4381800176830656,15.0,2.0,2.0,3.0,5.0,7.0,-2.0,0.0,0.0
VIKASLIFE.NS,1.2,222.9202432,32.0,avoid,False,True,,True,39.04761904761905,2229202432.0,1.2,0.1,,0.03387,0.022681022693314762,-0.16442,0.03686,0.03143,19.138,2.0949246678327045,1.648,0.896,-364365504.0,16.819868758419886,4993633000.0,0.016066021806144803,184088000.0,,,12.0,,0.4112406,-8.576,0.342,0.0,1892438,14.2,0.0,"[1686238000.0, 1413266000.0, 923836000.0, 1352046000.0]","[415747000.0, -1189522000.0, -39597000.0, -28965000.0]","[0.22, -0.64, -0.02, -0.02]","[-0.16188224912497529, -0.3463113101143026, 0.4635130044726554]","[-3.8611679699432586, -0.9667118388730935, -0.26850518978710514]","[-3.909090909090909, -0.96875, 0.0]","[0.19120808024541594, 0.17553865480682235, 0.14423724262020585]","[1.6477216086632003, 1.6611260183071097, 1.7685954093979952]","[23.70342474571907, -64.41292150133464, -2.3535064935064933, -2.5943053173241855]",-0.062015446567252885,-0.14788727132698332,-0.24374998742714538,,-0.0859654244487178,-0.4449541279386866,0.14150953157044532,0.2730375145543245,0.25396825396825395,0.9347162148877758,0.2127337358808243,-0.5137615090276973,7.0,0.0,2.0,11.0,8.0,8.0,-4.0,0.0,0.0
AXITA.NS,7.52,287.770496,31.0,avoid,False,True,,True,20.0,2877704960.0,7.52,0.09,-0.5174150708430043,,0.07016192493946731,0.02668,0.01427,0.05901,,2.577870447595218,,,,0.5183237814816762,3687323000.0,-0.12115321261295764,19019000.0,-0.5184818843487222,4.2795553924359515,83.55555,,4.4313493,,-0.106,0.66,757044,41.91,-0.020000000000003126,"[582806000.0, 610314000.0, 893985000.0, 632702000.0, 1566973000.0]","[35904000.0, -23418000.0, 25958000.0, 362000.0, 16118000.0]","[0.09, -0.06, 0.063636, 0.0, 0.05]","[0.04719923954111649, 0.4647951710103324, -0.2922677673562756, 1.4766367104892981]","[-1.6522393048128343, -2.1084635750277565, -0.9860543955620618, 43.52486187845304]","[-1.6666666666666665, -2.0606, -1.0, inf]","[0.2786165227277629, 0.3406574465715981, 0.016152078718908322]","[3.3753790268422232, 2.58837191641247, 5.33900785327545]","[10.36913946587537, -7.604201883602994, 7.237540075779656, 1.4122875816993463, 7.217928413050364]",-0.05526897510776696,0.02122753746720707,-0.17206834042325325,,0.0334753974595452,-0.37319086598370177,0.043764962615137515,0.16658785890965752,0.3492063492063492,1.145193286365037,0.5054191001120997,-0.3994729115587121,7.0,5.0,2.0,4.0,0.0,15.0,-2.0,0.0,0.0
DCMFINSERV.NS,5.08,11.2395272,31.0,avoid,False,True,,True,24.761904761904763,112395272.0,5.08,-0.43,-0.40556472658211884,,,36.42222,0.0,0.0,,-12.353970390309556,,,,1.6191638991990622,29000.0,,-10238000.0,-0.40452126649015663,,,,-0.20909652,,-0.302,0.0,9619,39.5,0.0,"[0.0, 0.0, 0.0, 0.0, 0.0]","[-1878000.0, -1259000.0, -2592000.0, -3832000.0, -2555000.0]","[-0.08, -0.06, -0.12, -0.17, -0.12]",[],"[-0.3296059637912673, 1.0587768069896741, 0.47839506172839497, -0.3332463465553236]","[-0.25, 1.0, 0.41666666666666674, -0.2941176470588236]","[-1.3601590544659488, -1.370731726601214, -1.3892163064628493]","[0.21799353168899843, 0.07447799357395372, 0.08557716380609089]",[],-0.02307690191550993,-0.04690431586838939,-0.055762116050817045,,-0.04558136072821173,-0.3766870967507905,0.29923268854015816,0.4182962251033583,0.42857142857142855,1.2165490393087717,0.0065038462165045744,-0.4355828073692466,15.0,5.0,0.0,2.0,0.0,11.0,-2.0,0.0,0.0
ESSARSHPNG.NS,16.7,347.1671808,31.0,avoid,False,True,,True,40.95238095238095,3471671808.0,16.7,4.43,,,,-79.75,758.25,0.0,,-0.5023461590025473,,,,1.1562555773692664,800000.0,-0.8903424183142244,-1120600000.0,,,3.769752,,-0.16658688,-137.77,0.856,0.0,986684,73.75,0.0,"[400000.0, 400000.0, 400000.0, 100000.0, 16900000.0]","[2304100000.0, -355700000.0, -882000000.0, -156500000.0, 273600000.0]","[11.13, -1.72, -4.26, -0.76, 1.32]","[0.0, 0.0, -0.75, 168.0]","[-1.1543769801657915, 1.479617655327523, -0.8225623582766439, -2.7482428115015978]","[-1.1545372866127583, 1.4767441860465116, -0.8215962441314554, -2.736842105263158]","[-0.7792403866561192, -0.6938547391775668, -0.6854973252144241]","[0.04603071044108395, 0.044810537901154766, 0.06843097220040835]","[10.332118266504658, -0.28783490224475017, -1.6646525679758308, 0.12078651685393259, 2.7606177606177607]",-0.0077060498902228325,-0.26027395528409336,-0.331469682146151,,-0.18830074000002162,-0.5929978279505728,0.07791371918558787,0.5545838211355186,0.38095238095238093,1.7161058900685486,1.0872790801824856,-0.6224167437474164,7.0,10.0,0.0,1.0,3.0,12.0,-2.0,0.0,0.0
ORCHASP.NS,1.32,45.7281504,31.0,avoid,False,True,,True,31.428571428571427,457281504.0,1.32,0.03,0.0,,0.008682590494951983,-0.16921,0.050669998,-0.12146,6.016,,,,,-3.9938212927756656,212562000.0,-0.03229022948953353,10520000.0,0.44302728544560677,-13.720165277524847,44.000004,,0.40416414,-10.71,-0.304,0.0,197495,18.48,0.0,"[20837000.0, 16126000.0, 43537000.0, 75380000.0, 77519000.0]","[2800000.0, 1119000.0, 1903000.0, 2077000.0, 5422000.0]","[0.01, 0.003, 0.01, 0.01, 0.02]","[-0.2260882084753083, 1.6998015626937866, 0.7314008774146128, 0.028376227115945785]","[-0.6003571428571428, 0.7006255585344057, 0.09143457698370994, 1.6104959075589793]","[-0.7, 2.3333333333333335, 0.0, 1.0]","[0.060164980411859935, 0.13959001857229597]","[1.4846214486001232, 1.4297219314543075, 1.4900736851780034]",[],-0.050359664721725594,-0.2707181800099846,-0.34653462132873747,,-0.16566337204636106,-0.6691729199756705,0.0645161631452178,0.6996670020082173,0.4126984126984127,0.8395288886016955,0.041969615038149354,-0.689223055996756,13.0,0.0,7.0,4.0,5.0,4.0,-2.0,0.0,0.0
SALASAR.NS,4.2,734.1390848,31.0,avoid,False,True,,True,32.38095238095238,7341390848.0,4.2,0.08,-0.2727636964628609,,0.09991530621917119,0.05205,0.00914,0.19392,50.613,1.8494531820041418,,,,9.35231728071653,14520970000.0,0.14052241358793105,172163000.0,-0.246048388095904,-1.750954753861673,52.5,,0.8805031,9.968,0.457,0.0,7731416,44.5,-2.729999999999997,"[2955398000.0, 4446525000.0, 3307783000.0, 4271684000.0, 3001697000.0]","[49920000.0, -124906000.0, 54151000.0, 157771000.0, 85147000.0]","[0.03, -0.08, 0.04, 0.09, 0.05]","[0.5045435504794955, -0.25609706456165204, 0.2914039403431241, -0.2973035926814811]","[-3.5021233974358976, -1.433534017581221, 1.9135380694724011, -0.46031273174411014]","[-3.666666666666667, -1.5, 1.25, -0.4444444444444444]","[0.5064593273031648, 0.43040698169769254, 0.4039742703547692]","[1.1617630902005947, 1.396806542425737, 1.3193377452044888]","[1.2392572422164627, 0.794215546418282, 1.5518952283529224, 2.787498005728308, 1.8546800534697199]",-0.17485271446804462,-0.3126023375633965,-0.41747575769159495,-0.5259593711045067,-0.2137755642650203,-0.6107507113888955,0.03960392300071258,0.3437377588570451,0.30158730158730157,1.03614181548205,2.489413630985732,-0.6255792422487446,4.0,5.0,5.0,5.0,7.0,9.0,-4.0,0.0,0.0
ZEELEARN.NS,6.28,206.030976,31.0,avoid,False,True,,True,46.666666666666664,2060309760.0,6.28,1.46,,,0.1544615363958936,0.22521,0.0994,0.45145,161.224,2.7811620518668985,,,,2.798414037455711,4387846000.0,0.10631875547062686,385255000.0,,,4.3013697,,1.0588434,4.782,1.011,0.0,284583,14.98,-0.02999999999999936,"[933164000.0, 1767742000.0, 796705000.0, 742528000.0, 791427000.0]","[84216000.0, 454175000.0, -26468000.0, -61408000.0, 18956000.0]","[0.26, 1.39, -0.08, -0.19, 0.06]","[0.8943529754684063, -0.5493092317770354, -0.06800133047991419, 0.06585475564557841]","[4.392977581457205, -1.058277095833104, 1.3200846304972043, -1.3086894215737364]","[4.346153846153846, -1.0575539568345325, 1.375, -1.3157894736842106]","[1.6122358239170753, 2.19814789695003, 2.0323626212795123]","[1.0078034515219734, 0.9387096627434567, 0.9101193062078705]","[3.099565217391304, 6.758752825956024, 1.5236963411120714, 0.5441058603510868, 1.5241413439971903]",-0.11424540554965801,-0.2935883051427288,0.30290456144190014,,-0.1315050528081193,-0.3539094611848187,0.47764710819019984,0.37214509590817285,0.3333333333333333,0.34234242645000196,0.1967778840462661,-0.5380434686835636,7.0,0.0,5.0,6.0,8.0,5.0,0.0,0.0,0.0
GLFL.NS,5.12,13.8883936,30.0,avoid,False,True,,True,24.761904761904763,138883936.0,5.12,0.0,-0.3413662439916505,,-0.06333188051094646,0.0,0.0,0.0,,,,,,111.77070063694268,0.0,,471000.0,-0.3665458837159232,,,,-3.4431741,-47.464,0.334,0.0,8792,45.67,0.0,"[0.0, 0.0, 0.0, 0.0, 0.0]","[-803000.0, 567000.0, 278000.0, -586000.0, 455000.0]","[-0.03, 0.02, 0.01, -0.02, 0.02]",[],"[-1.7061021170610213, -0.5097001763668431, -3.1079136690647484, -1.7764505119453924]","[-1.6666666666666667, -0.5, -3.0, -2.0]","[-2.4785604520894267, -2.4622051509331757]","[13.612508200306145, 1.3890333254549752]",[],-0.11724142807133686,-0.13949578996853196,0.2487804889395293,,-0.09951788112113036,-0.42471908932456925,0.3298701330871119,0.4360778086324123,0.4126984126984127,1.8895528446118113,0.004758929369347096,-0.5674157225111939,15.0,5.0,0.0,0.0,0.0,12.0,-2.0,0.0,0.0
ORTINGLOBE.NS,14.0,11.3839488,30.0,avoid,False,True,,True,26.666666666666668,113839488.0,14.0,-1.12,0.9646568890601783,,-0.3223763436064404,-20.9125,0.0,-0.69382006,81.238,-1204.6666666666667,,,,0.7558076715289033,1005000.0,-0.7444264084215497,-7404000.0,0.9924932269521536,-1.33323215797327,,,10.526316,-9.518,0.487,0.0,12473,1.23,0.0,"[116000.0, 344000.0, 123000.0, 140000.0, 398000.0]","[-3379000.0, -93000.0, -532000.0, -5025000.0, -1754000.0]","[-0.42, -0.01, -0.07, -0.62, -0.22]","[1.9655172413793105, -0.6424418604651163, 0.1382113821138211, 1.842857142857143]","[-0.9724770642201834, 4.720430107526882, 8.44548872180451, -0.6509452736318408]","[-0.9761904761904762, 6.000000000000001, 7.857142857142856, -0.6451612903225806]","[0.8123838008245089, 0.7156048014773777, 0.1264222503160556]","[1.5955261735478774, 2.086131295414683, 2.1516029354963306]","[-6.416666666666667, -455.90909090909093, -406.25]",-0.06790948246852047,-0.18080749707424548,-0.09267662196326121,,-0.030473973843598734,-0.2971887577118596,0.2511171157274026,0.4254551981341558,0.4126984126984127,0.987881862042935,0.024627330615353583,-0.31859293067573524,15.0,0.0,11.0,2.0,0.0,10.0,-8.0,0.0,0.0
VIVOBIOT.NS,14.3,31.7325984,30.0,avoid,False,True,,True,27.61904761904762,317325984.0,14.3,-1.62,,,0.07192134381110854,0.1065,-0.05187,0.84615,72.329,1.8223738202708248,,,,-20.441772003745317,533347000.0,0.006999811479657003,-17088000.0,,,,,0.31447923,4.82,0.346,0.0,14126,30.62,-4.809999999999999,"[142797000.0, 142011000.0, 135130000.0, 131090000.0, 125116000.0]","[1876000.0, -51627000.0, 12481000.0, 8686000.0, 13371000.0]","[0.08, -2.52, 0.56, 0.45, 0.74]","[-0.005504317317590712, -0.048453993000542206, -0.029897136091171506, -0.04557174460294455]","[-28.519722814498934, -1.2417533461173418, -0.304062174505248, 0.5393737048123417]","[-32.5, -1.2222222222222223, -0.1964285714285715, 0.6444444444444444]","[0.7232934619608213, 0.584192599665594, 0.6934763800853865]","[0.9399351025227984, 2.399298006379863, 1.5063452095733103]","[1.2735940530058176, 1.1700758602004877, 2.1202540679417643, 2.0280653950953678, 1.984499733901011]",-0.2352941386464924,,,,,,,0.5358027775449385,0.48484848484848486,,0.047601410052146916,,13.0,2.0,2.0,5.0,7.0,1.0,0.0,0.0,0.0
INDOWIND.NS,8.65,139.26688,29.0,avoid,False,True,,True,32.38095238095238,1392668800.0,8.65,0.07,-1.0,,0.012132273809771778,0.24673,-0.00798,0.91714996,3.094,1.4740079434817757,,,,6929.75,403313000.0,0.05903177707543095,4000.0,,,123.57143,,0.45627174,8.156,0.159,0.0,93631,48.2,0.0,"[84358000.0, 52678000.0, 61917000.0, 177433000.0, 115515000.0]","[19938000.0, -74590000.0, 4214000.0, 47436000.0, 22945000.0]","[0.13, -0.46, 0.03, 0.365859, 0.2]","[-0.3755423314919747, 0.17538630927521925, 1.8656588659011257, -0.34896552501507616]","[-4.741097401946033, -1.056495508781338, 10.256763170384433, -0.5162956404418585]","[-4.538461538461538, -1.065217391304348, 11.1953, -0.4533413145501408]","[0.03110093139819029, 0.06304243594635171, 0.05067131923859808]","[20.694762484774664, 4.300678414472842, 1.707800520917639]","[7.264921465968587, -57.031311154598825, 2.307824100513992, 2.902674560188101, 10.209506398537478]",-0.04419895732312795,-0.08076516909730314,0.043425773019759806,,-0.03712171661177188,-0.5175683507359834,0.2252124204868966,0.24304281422861979,0.47619047619047616,0.48837463996352476,0.08370736435717582,-0.6062465241151413,7.0,5.0,2.0,6.0,7.0,6.0,-4.0,0.0,0.0
IRB.NS,17.14,20701.691904,29.0,avoid,False,True,,True,43.80952380952381,207016919040.0,17.14,0.79,0.05566719197800074,,0.05766542998376318,0.22489999,0.15478,0.57896,95.6,1.7556758275665145,,,,2.467227997553977,62523500000.0,-0.0038247852598011223,8503600000.0,0.057031421165193885,-14.911012590589035,21.696201,3.8974843582148306,0.9695667,14.604,-0.015,1.19,15156390,30.81,0.019999999999999574,"[17005440000.0, 15264440000.0, 14898800000.0, 14476060000.0, 18659040000.0]","[3062700000.0, 2962590000.0, 2107900000.0, 1408240000.0, 2024820000.0]","[0.25, 0.25, 0.175, 0.115, 0.17]","[-0.10237900342478645, -0.023953712026120844, -0.02837409724273099, 0.2889584596913801]","[-0.03268684494073859, -0.2884941892060663, -0.3319227667346648, 0.4378373004601488]","[0.0, -0.30000000000000004, -0.34285714285714275, 0.4782608695652175]","[0.9560015821449425, 1.0231184648362726, 1.0389750042102575]","[1.2387021412262111, 1.345230952137218, 1.5772706561056804]","[1.9509884274426452, 1.9996007600346009, 1.6759834653174952, 1.578332542431513, 1.6198796106501934]",-0.1096104213169643,-0.1497932455351424,-0.20487028778836547,-0.17527439165411784,-0.08677016554140349,-0.2459496722808533,0.016004655422845238,0.2188524779120701,0.30158730158730157,0.9165194610798858,27.647905568607836,-0.25782788130500955,0.0,2.0,3.0,6.0,8.0,10.0,0.0,0.0,0.0
RKDL.NS,17.47,41.9279968,29.0,avoid,False,True,,True,26.666666666666668,419279968.0,17.47,0.08,,,0.00416572742437221,-0.053979997,0.00895,0.24841999,109.187,3.347826086956522,,,,12.885964912280702,198710000.0,-0.10659823726800799,1368000.0,,,218.375,,1.0285546,-62.401,-0.439,0.0,18366,23.62,0.0,"[36930000.0, 69055000.0, 48395000.0, 43957000.0, 41483000.0]","[683000.0, 495000.0, 192000.0, 403000.0, 278000.0]","[0.03, 0.02, 0.01, 0.02, 0.01]","[0.8698889791497428, -0.2991818115994497, -0.09170368839756171, -0.05628227586050005]","[-0.2752562225475842, -0.6121212121212121, 1.0989583333333335, -0.3101736972704715]","[-0.33333333333333326, -0.5, 1.0, -0.5]","[1.0918738001955368, 1.010455236434164, 0.9660655729880148]","[1.128159434916836, 1.1117773509611735, 1.2118777771954843]","[1.7859608745684694, 3.6062717770034842, 1.7384615384615385, 7.2, 4.564102564102564]",-0.04639740150813809,-0.06125745618530287,-0.166109848346215,,-0.04383371105891387,-0.3493482657299608,0.038027296051674986,0.24544026500106386,0.47619047619047616,0.8067631576197483,0.024636719128217698,-0.3731843692888318,13.0,2.0,0.0,6.0,3.0,9.0,-4.0,0.0,0.0
SHYAMTEL.NS,11.25,12.8773464,29.0,avoid,False,True,,True,26.666666666666668,128773464.0,11.25,-2.71,0.010107383603869868,,,-1.12937,0.0,1.0,,,,,,0.00794773220723861,0.0,,-50203000.0,0.010107374105789324,,,,-0.40339932,-2.428,1.142,0.0,4605,66.15,0.0,"[0.0, 0.0, 0.0, 0.0, 0.0]","[-19935000.0, -3552000.0, -2738000.0, -4455000.0, -39458000.0]","[-1.77, -0.3, -0.24, -0.4, -3.5]",[],"[-0.8218209179834461, -0.22916666666666663, 0.627100073046019, 7.857014590347923]","[-0.8305084745762712, -0.19999999999999996, 0.6666666666666667, 7.75]","[-0.0, -0.0]","[0.016320653879667003, 0.01706489126387946, 0.022001540963958566]",[],-0.014886171204747889,-0.3711570495351997,0.22282611230821425,,-0.28230637136116477,-0.5508981899146711,0.42045453177120207,0.544852926622535,0.36507936507936506,0.29668517111667636,0.005355122033715248,-0.5880239517310579,15.0,10.0,3.0,0.0,0.0,1.0,0.0,0.0,0.0
SUMEETINDS.NS,11.43,794.098688,29.0,avoid,False,True,,True,29.523809523809526,7940986880.0,11.43,0.3,,,0.12600518005187486,0.0152900005,0.01907,0.21205,76.104,4.6917345267480215,,,,-1.294330549598542,10504152000.0,0.005548033428004917,273254000.0,,,38.1,,2.6983004,10.216,-0.116,0.0,957741,68.06,-21.769999999999996,"[2723589000.0, 2657169000.0, 2669248000.0, 2692988000.0, 2484746000.0]","[11423000.0, 75039000.0, 90377000.0, 98577000.0, 79798000.0]","[0.03, 0.129195, 0.155033, 0.158479, 0.15]","[-0.02438693943910042, 0.004545815490094807, 0.008893890713788988, -0.07732748901963171]","[5.569114943534974, 0.20440037846986225, 0.0907310488287949, -0.19050082676486402]","[3.3065000000000007, 0.19999225976237467, 0.02222752575258169, -0.05350235677913173]","[0.7846409423846561, 0.4826446264705042, 0.38427207017403664]","[1.5643779271167126, 1.7976344121637848, 1.6174523046597884]","[1.5048784521250207, 2.478931288909384, 4.587385384829119, 5.573277661795407, 5.184039429530201]",0.012400384747191406,-0.6392045392970409,-0.6159274120541485,,-0.48778798496473486,-0.7068479145132152,0.2224598758122296,0.5795562034406725,0.3492063492063492,0.306672431694688,1.0570767458027601,-0.7601949223143147,4.0,10.0,2.0,8.0,2.0,3.0,0.0,0.0,0.0
ACEINTEG.NS,17.3,17.646,28.0,avoid,False,True,,True,31.428571428571427,176460000.0,17.3,-0.97,,,-0.07100238663484487,-2.38462,-1.7,-1.2,0.479,-119.0,,,,0.16842105263157894,8100000.0,-0.5105943368220396,-9500000.0,,,,,1.468466,-9.517,0.194,0.0,2649,73.53,0.0,"[900000.0, 1100000.0, 1700000.0, 4400000.0, 14400000.0]","[-3400000.0, -2700000.0, -400000.0, -3000000.0, -13800000.0]","[-0.24, -0.26, -0.04, -0.29, -1.32]","[0.22222222222222232, 0.5454545454545454, 1.5882352941176472, 2.272727272727273]","[-0.20588235294117652, -0.8518518518518519, 6.5, 3.5999999999999996]","[0.08333333333333348, -0.8461538461538461, 6.249999999999999, 3.5517241379310347]","[0.004793289394847214, 0.006395348837209302, 0.00798175598631699]","[39.130434782608695, 26.513513513513512, 19.6]",[-37.0],0.016451161678386006,-0.19272053239858122,-0.05361058056747792,,-0.09319182770316203,-0.3284161846526704,0.13442617947938018,0.3571810838319045,0.3968253968253968,0.1520156709888717,0.003986602446632385,-0.40799689966998276,15.0,10.0,0.0,3.0,3.0,4.0,-7.0,0.0,0.0
ALLCARGO.NS,10.37,1553.1962368,28.0,avoid,False,True,,True,24.761904761904763,15531962368.0,10.37,0.17,-0.8016781074047632,,0.05970149253731343,0.03663,0.01467,0.19498,120.732,1.032258064516129,,,,39.375,20550000000.0,-0.5150199830992606,80000000.0,-0.766648432850199,1.488579973609377,61.0,,2.7794156,8.001,0.815,0.0,6646332,40.28,0.0,"[5460000000.0, 5140000000.0, 5160000000.0, 5370000000.0, 4910000000.0]","[140000000.0, 200000000.0, 0.0, -40000000.0, -90000000.0]","[0.09, 0.13, 0.0, -0.03, -0.06]","[-0.05860805860805862, 0.0038910505836575737, 0.04069767441860472, -0.08566108007448792]","[0.4285714285714286, -1.0, -inf, 1.25]","[0.44444444444444464, -1.0, -inf, 1.0]","[1.2073170731707317, 0.774712643678161, 1.3896797153024911]","[1.0602409638554218, 0.9927641099855282, 1.0028328611898016]","[2.2666666666666666, 2.066666666666667, 0.8125, -0.2, 0.6470588235294118]",-0.16639869490738668,0.31265819751572677,0.24340523930821334,,0.1617470201467044,-0.708626023009302,0.4442897121849363,0.7070287078690883,0.4603174603174603,0.6811471887962314,10.135850595456132,-0.7982579433111765,4.0,5.0,2.0,4.0,3.0,12.0,-2.0,0.0,0.0
ENERGYDEV.NS,14.45,68.6374976,28.0,avoid,False,True,,True,26.666666666666668,686374976.0,14.45,-0.8,,,0.18375640176443062,-0.01356,-0.08748,0.99099,,1.3743952687963545,,,,-108.13572607260726,462541000.0,0.07297051138246302,-2424000.0,,,,,17.536407,7.529,0.251,0.0,17133,58.14,0.0,"[63353000.0, 41660000.0, 111377000.0, 206649000.0, 102855000.0]","[-18117000.0, -137550000.0, 12988000.0, 105670000.0, 16468000.0]","[-0.38, -2.9, 0.27, 2.22, 0.35]","[-0.34241472384891003, 1.6734757561209794, 0.8554010253463462, -0.5022719684102028]","[6.5923166087100515, -1.0944238458742275, 7.135971666153372, -0.8441563357622788]","[6.63157894736842, -1.0931034482758621, 7.222222222222223, -0.8423423423423424]","[28.532505758894292, 8.866636958916658, 30.490675873191876]","[0.35675805969152313, 0.43764696101854555, 0.32301928300159605]","[0.18988263124374488, -2.524137010082126, 1.6341130963344999, 5.835518629105543, 1.6473039632590576]",-0.06774194778934606,-0.1789773013596686,0.015460314413631604,,-0.09490095954756284,-0.47204971259804085,0.09885933296172666,0.24990210340077149,0.36507936507936506,0.6609265516830413,0.03279086954865456,-0.5195469778838856,10.0,8.0,2.0,1.0,2.0,5.0,0.0,0.0,0.0
EXXARO.NS,6.19,276.9472256,28.0,avoid,False,True,,True,27.61904761904762,2769472256.0,6.19,0.09,-0.28332671584144276,,0.047506201197967765,0.05347,0.0125899995,0.23539,33.349,1.3658811766756254,,,,11.627366487708391,3019880000.0,-0.013852335234669777,28312000.0,-0.2697915467982801,19.47625019376104,68.77778,,1.0441971,13.111,0.406,0.0,137649,42.07,0.0,"[852224000.0, 999046000.0, 711093000.0, 689637000.0, 649253000.0]","[20728000.0, 1973000.0, 6266000.0, 11977000.0, 8094000.0]","[0.05, 0.0, 0.01, 0.03, 0.02]","[0.1722809965455092, -0.28822796948288665, -0.030173268475431447, -0.05855834301233842]","[-0.9048147433423389, 2.1758743030917387, 0.9114267475263327, -0.3242047257243049]","[-1.0, inf, 2.0, -0.33333333333333326]","[0.33349290593141717, 0.3165717203723453, 0.3329996058137237]","[1.6973215978427532, 1.591604520600147, 1.5844553383570643]","[1.9417614155668483, 1.1377232213658135, 1.2486658657204326, 1.6047878717561976, 1.41200913412945]",-0.06069804038021942,-0.0549618508444677,-0.11571427753993446,,-0.031740617318291364,-0.3760080635470109,0.031666676203409905,0.49587176345456446,0.3968253968253968,0.43985399743334386,0.2307708811713338,-0.39516129497434793,7.0,5.0,2.0,6.0,4.0,8.0,-4.0,0.0,0.0
HEADSUP.NS,6.2,13.691216,28.0,avoid,False,True,,True,26.666666666666668,136912160.0,6.2,-1.35,-0.868223028911192,,0.01549811165684989,-0.64652,-0.51479,-0.50746,,,,,,29.116564417177916,172634000.0,1.8676004653631564,-326000.0,-0.8499794997659129,-0.45511848788313175,,,0.893887,-2.84,0.518,0.0,7629,13.56,0.0,"[0.0, 28022000.0, 0.0, 29588000.0, 115024000.0]","[-189000.0, -31168000.0, -6093000.0, 7821000.0, 29142000.0]","[-0.01, -1.41, -0.28, 0.35, 1.32]","[inf, -1.0, inf, 2.8875219683655535]","[163.9100529100529, -0.8045110369609856, -2.2836041358936487, 2.7261219792865363]","[140.0, -0.801418439716312, -2.25, 2.771428571428572]","[0.0, 0.0, 0.0]","[1.223904569892473, 3.2748924182313943, 5.873090522124198]",[],-0.14008324875701583,-0.10404628021542017,-0.11931820413913619,,-0.03012448742114271,-0.47098978941943936,0.024793324595259847,0.4419829052609056,0.3968253968253968,0.6212183203326554,0.00871757616092205,-0.48378839139151086,15.0,0.0,7.0,0.0,5.0,6.0,-5.0,0.0,0.0
HLVLTD.NS,6.2,408.74112,28.0,avoid,False,True,,True,27.61904761904762,4087411200.0,6.2,0.07,-0.3700394750525634,,0.009659674662204987,-0.07305,0.02306,0.63507,7.492,1.7456442245644224,,,,17.547093610269723,2009150000.0,0.051364211955280625,20799000.0,-0.35208353767550316,-6.854646927748813,88.57143,,0.8707865,20.302,0.592,0.0,172071,39.07,0.0,"[466800000.0, 634500000.0, 609000000.0, 358300000.0, 407400000.0]","[-7800000.0, 86000000.0, 68700000.0, -99200000.0, -34700000.0]","[-0.01, 0.13, 0.1, -0.15, -0.05]","[0.35925449871465287, -0.04018912529550822, -0.4116584564860427, 0.13703600334914867]","[-12.025641025641026, -0.2011627906976744, -2.4439592430858808, -0.6502016129032258]","[-14.0, -0.23076923076923073, -2.5, -0.6666666666666666]","[0.07492286050691485, 0.08381279897713996, 0.08775103663489078]","[1.7530352985409166, 1.5300433919246892, 1.769835629153883]","[-0.21875, 9.775510204081632, 10.67605633802817, -10.951807228915662, -4.688524590163935]",-0.04320990879385589,-0.1733333587646484,-0.19584957476144849,,-0.10295425440554196,-0.4655172753986071,0.08391609032863334,0.29687189689138405,0.31746031746031744,0.9031731042184759,0.1213665754379034,-0.5068965860269288,7.0,5.0,2.0,5.0,5.0,8.0,-4.0,0.0,0.0
LANCER.NS,11.24,417.8832384,28.0,avoid,False,True,,True,32.38095238095238,4178832384.0,11.24,0.55,-0.5637860087130003,,0.017141434524682857,0.0054900004,0.03709,0.04378,4.22,2.052490986561783,,,,1.6571176885130374,3940267000.0,-0.2221363150083383,56760000.0,-0.5272955872371481,2.3737477918338343,20.436363,,0.4184038,79.34,-0.064,0.0,250398,35.07,3.41,"[1318825000.0, 1388661000.0, 544023000.0, 936713000.0, 1070870000.0]","[52411000.0, 109045000.0, -74277000.0, 67702000.0, -46156000.0]","[0.15, 0.42, -0.3, 0.28, -0.13]","[0.052953196974579564, -0.6082391598813534, 0.7218260992641856, 0.1432210292800462]","[1.0805746885195857, -1.6811591544775093, -1.9114800005385248, -1.681752385453901]","[1.7999999999999998, -1.7142857142857144, -1.9333333333333336, -1.4642857142857142]","[0.04231048277872964, 0.10301142692639234, 0.13617159764528575]","[1.6985958774146372, 2.299236327587572, 2.0002665448176074]","[22.09716908951798, 9.468253370490322, -6.890668975968825, 3.6859611050830483, -1.728254142886612]",-0.1478392624185716,,,,,,,2.436803668241799,0.39473684210526316,,0.3033813607743549,,7.0,7.0,2.0,7.0,7.0,2.0,-4.0,0.0,0.0
PIONEEREMB.NS,20.59,63.4489984,28.0,avoid,False,True,,True,24.761904761904763,634489984.0,20.59,-0.11,-0.6029318504037443,,0.03918699021997221,0.02104,-0.00097000005,0.35563,58.416,1.0949711310444377,,,,30.718693877551022,3354131000.0,0.04385939527579419,6125000.0,-0.5837899789182581,-13.310488556609199,,,0.40629068,7.388,0.449,0.0,9274,32.71,0.0,"[963158000.0, 858995000.0, 810694000.0, 825368000.0, 859074000.0]","[1203000.0, 41556000.0, -8160000.0, -37947000.0, 10677000.0]","[0.04, 1.35, -0.27, -1.23, 0.35]","[-0.10814736522979618, -0.05622966373494609, 0.018100541017942673, 0.040837541557220636]","[33.54364089775561, -1.1963615362402542, 3.6503676470588236, -1.28136611589849]","[32.75, -1.2, 3.5555555555555554, -1.2845528455284554]","[0.5856299073942449, 0.5903119847096927, 0.6209408541057612]","[1.369683753356499, 1.1816321753886365, 1.3038877188860827]","[1.0907522243192236, 3.2514849132810646, 0.37337042491681666, -1.248768898488121, 1.5381236152494462]",-0.048960715224915186,-0.10283226718504435,-0.13704947083467367,,-0.08356408567601825,-0.45122601542166585,0.033634541853806876,0.3469568578287742,0.3968253968253968,0.4746407894019517,0.019163945650901792,-0.4690831600943629,10.0,2.0,2.0,4.0,7.0,5.0,-2.0,0.0,0.0
PRAKASHSTL.NS,3.55,62.1251328,28.0,avoid,False,True,,True,25.71428571428571,621251328.0,3.55,0.03,-0.4071844492516562,,0.10740482498954121,0.01469,0.00682,0.15997,4.665,80.79020979020979,,,,7.882198640753547,907096000.0,-0.014907547827841316,8387000.0,-0.412976316202203,27.702498155392732,118.333336,,6.920078,29.671,-0.18,0.0,95269,33.56,0.0,"[168102000.0, 248066000.0, 244512000.0, 250589000.0, 164300000.0]","[1635000.0, 364000.0, 3346000.0, 872000.0, 3806000.0]","[0.01, 0.0, 0.02, 0.0, 0.02]","[0.47568738028101976, -0.014326832375255005, 0.02485358591807363, -0.34434472383065495]","[-0.7773700305810398, 8.192307692307692, -0.7393903167961746, 3.364678899082569]","[-1.0, inf, -1.0, inf]","[0.046646451148686846, 0.2277225597320911, 0.45580340094795246]","[1.0670298661418256, 1.077931655513981, 1.104521498118735]","[7.764150943396227, 10.621621621621621, 20.232758620689655, 18.0, 25.066265060240966]",-0.07068062451438595,-0.14251206115862913,-0.19864557790566872,,-0.09472126999759212,-0.40833334128061927,0.011396000558891117,0.23674230811048333,0.3492063492063492,0.849745265371518,0.035584261228367095,-0.41500000158945716,10.0,2.0,2.0,9.0,0.0,7.0,-2.0,0.0,0.0
UTKARSHBNK.NS,13.37,2379.2232448,28.0,avoid,False,True,,True,24.761904761904763,23792232448.0,13.37,-6.49,,,,-0.10515001,-1.4614199,0.0,,,,,,-0.6782851007455918,19078979000.0,0.014307829483863665,-11509784000.0,,,,,0.8544223,,0.986,0.0,4703372,42.67,0.0,"[5408845000.0, 4914217000.0, 4289066000.0, 4478222000.0, 5395581000.0]","[-339197000.0, -1880156000.0, -3750176000.0, -3484647000.0, -2394805000.0]","[-0.19, -1.06, -2.46, -2.682941, -2.17]","[-0.09144798935817167, -0.12721273806183164, 0.04410190936674785, 0.20484893334899423]","[4.542961759685374, 0.9946089579800825, -0.07080441024634576, -0.3127553522638018]","[4.578947368421053, 1.3207547169811318, 0.09062642276422772, -0.1911860901898328]","[0.9113119212088736, 0.8178777566183821, 0.7916498487378165]",[],[],-0.08173080355508289,-0.04568167971927528,0.024521049053425337,,-0.002217611017519383,-0.38415474668897964,0.30821913270321777,0.2991403268116707,0.42857142857142855,1.8050075192874846,22.93275643305614,-0.5292491617681219,2.0,5.0,2.0,0.0,5.0,17.0,-3.0,0.0,0.0
KRIDHANINF.NS,1.89,21.0884704,27.0,avoid,False,False,extreme_valuation_missing_core_risk_data,True,27.61904761904762,210884704.0,1.89,0.09,,,,-0.23261999,0.35402,0.83362,,2.206820991122598,,,,0.8032496857395596,34439000.0,-0.15071543666758658,21479000.0,,,20.999998,,-0.072678335,36.213,0.968,0.0,41948,40.05,-4.830000000000005,"[8172000.0, 4364000.0, 2150000.0, 12500000.0, 15425000.0]","[382000.0, 9284000.0, -2700000.0, 2581000.0, 12314000.0]","[0.0, 0.09, -0.03, 0.03, 0.13]","[-0.46598139990210474, -0.5073327222731439, 4.813953488372093, 0.23399999999999999]","[23.30366492146597, -1.2908229211546747, -1.9559259259259258, 3.7710189848895777]","[inf, -1.3333333333333333, -2.0, 3.333333333333334]","[-0.042928081419427326, -0.08091320148327752, -0.08993850060122151]","[0.052162157434383086, 0.053770536719141684, 0.025090157374435807]","[1.1726163578852238, 4.286371681415929, 0.40711462450592883, 1.5057809131883206, 3.301252102410764]",-0.059701495192900245,-0.3025830409260002,-0.16000000635782874,,-0.2304414785250951,-0.5818584084800213,0.03846150067330312,0.28900761601652736,0.3333333333333333,0.9358008576623228,0.010045876067005396,-0.5973451194397965,15.0,5.0,0.0,3.0,2.0,4.0,-2.0,0.0,0.0
NEXTMEDIA.NS,3.57,23.880768,27.0,avoid,False,True,,True,21.904761904761905,238807680.0,3.57,-0.75,-0.2803901873446163,,-0.21348314606741572,0.0,0.0,0.0,,-0.168141592920354,,,,0.017045454545454544,0.0,-1.0,-52800000.0,-0.28006631505505586,0.28006631505505586,,,-0.6697936,,0.143,0.0,15061,74.99,0.0,"[0.0, 0.0, 0.0, 0.0, 0.0]","[-8800000.0, -19300000.0, -10300000.0, -11500000.0, -11700000.0]","[-0.13, -0.29, -0.15, -0.18, -0.17]",[],"[1.1931818181818183, -0.46632124352331605, 0.11650485436893199, 0.017391304347825987]","[1.2307692307692304, -0.48275862068965514, 0.19999999999999996, -0.05555555555555547]","[-1.1006787330316743, -1.1736221726664542, -1.3777511004401761]","[5.2, 1.0, 0.4166666666666667]","[0.03418803418803419, -0.6495726495726496, 0.09649122807017543, -0.036036036036036036, -0.06363636363636363]",-0.08226225270738385,-0.10526317676443042,-0.15801883821769058,,-0.04053916696343385,-0.4964739271634956,0.017094000838336676,0.6831191655042236,0.4603174603174603,0.5027838512743533,0.007234922665959597,-0.5049365423240384,15.0,10.0,0.0,0.0,0.0,6.0,-4.0,0.0,0.0
OSWALGREEN.NS,19.42,498.7233792,27.0,avoid,False,True,,True,39.04761904761905,4987233792.0,19.42,-2.39,,,-0.02447385051257755,0.50968,-0.62837005,0.69786,0.184,-78.62175608444265,,,,0.15396532443854877,618386000.0,-0.0793432255718386,-624186000.0,,,,,0.20901947,6.196,0.584,0.0,95206,70.65,0.0,"[47063000.0, 107619000.0, 130406000.0, 172349000.0, 122591000.0]","[84191000.0, -831570000.0, 85804000.0, 54955000.0, 66625000.0]","[0.33, -3.24, 0.33, 0.21, 0.26]","[1.2867008053035294, 0.21173770430871874, 0.3216339738969065, -0.2887048952996536]","[-10.877184022045112, -1.1031831355147492, -0.35952869330101156, 0.21235556364298058]","[-10.818181818181818, -1.1018518518518519, -0.36363636363636365, 0.23809523809523814]","[0.0018412644442303866, 0.0020344187984643056, 0.002319084916460023]","[29.41935171600139, 37.58899245564796, 31.79190182452869]","[59.02422360248447, -466.12513966480446, 66.6510161177295, 35.22961275626424, 38.13037037037037]",-0.047572307130472,-0.09925785912142171,-0.28629177766580893,,-0.09503039659207346,-0.5169154301559784,0.01995793815622715,0.3077625077051314,0.42857142857142855,0.5328031671259962,0.19650497851446153,-0.5263681454185345,7.0,10.0,0.0,5.0,7.0,5.0,-7.0,0.0,0.0
ANTGRAPHIC.NS,0.69,10.6956624,26.0,avoid,False,True,,True,24.761904761904763,106956624.0,0.69,-0.02,-1.3080082135523614,0.12187,-0.02228589954089583,0.01454,0.051220004,0.10086001,,-121.77142857142857,,,,-0.09355364207586689,8393000.0,-0.09818228349713065,-4297000.0,,,,,0.6699029,,0.693,0.0,208417,0.96,0.0,[],[],[],[],[],[],[],[],[],-0.05479454851034116,-0.11538458599376378,-0.17857140576352803,,-0.06241804630048631,-0.3727272884904842,0.014705868173635617,0.2675482875479045,0.23809523809523808,1.042633599124309,0.014852156245127023,-0.38181818871458684,15.0,0.0,0.0,2.0,5.0,10.0,-6.0,0.0,0.0
GANGAFORGE.NS,1.53,51.5618496,26.0,avoid,False,True,,True,29.523809523809526,515618496.0,1.53,-0.14,,,-0.07238473032092244,0.05293,-0.06577,0.26964,70.611,-3.201584747009637,,,,-0.0983851258058292,347602800.0,0.017580515736232982,-36538450.0,,,,,0.82792205,-28.814,0.059,0.0,2217040,35.51,0.0,"[71850000.0, 107268000.0, 88759000.0, 82682000.0, 77455000.0]","[10582000.0, -4627000.0, 394000.0, -29404000.0, -2901000.0]","[0.063548, -0.023831, 0.0, -0.174758, -0.015887]","[0.4929436325678498, -0.1725491292836634, -0.06846629637557877, -0.0632181127694057]","[-1.4372519372519372, -1.0851523665441971, -75.62944162436548, -0.9013399537477894]","[-1.375007868068232, -1.0, -inf, -0.9090914292907907]","[0.7054041023950554, 0.5819301904775059, 0.5155868885366808]","[1.3750634227325402, 1.465595912537505, 1.595167954842361]","[5.618933205189813, -1.4495738636363635, 1.2367049009384776, -11.55899248784799, 0.1485961123110151]",-0.08928570288176407,-0.2816901928705461,-0.4312267885337151,,-0.23614241746928044,-0.6194029903858005,0.09285714103251075,0.577144971786908,0.38095238095238093,0.8284488112845811,0.3756118194367087,-0.6517412978107837,10.0,5.0,2.0,3.0,5.0,5.0,-4.0,0.0,0.0
KAMOPAINTS.NS,4.1,134.8899968,26.0,avoid,False,True,,True,26.666666666666668,1348899968.0,4.1,-0.16,,,0.02271998550513682,-0.08099,-0.021070002,0.40592998,19.079,1.1314408820174884,,,,54.10604558969276,2452625000.0,-0.018637961066427677,2018000.0,,,,,0.721323,35.476,1.308,0.0,236164,52.54,0.0,"[462924000.0, 750039000.0, 632320000.0, 567877000.0, 502389000.0]","[-44134000.0, -26738000.0, 9913000.0, 10113000.0, 8729000.0]","[-0.13, -0.09, 0.03, 0.03, 0.03]","[0.620220597765508, -0.1569505052403941, -0.10191516953441293, -0.11532074727449781]","[-0.3941632301626864, -1.3707457551050939, 0.020175527085645184, -0.13685355483041628]","[-0.3076923076923077, -1.3333333333333333, 0.0, 0.0]","[0.1907881081365352, 0.192297365830375, 0.16271403750741023]","[2.5112433517644512, 2.4112495541654297, 2.4951918803478783]","[-4.106265494703629, -2.7262159681859894, 2.2353090172239107, 2.4578374016542264, 2.6024584970219236]",-0.09492280027818656,-0.18972332984249574,-0.13684212534051188,,-0.10225834998243621,-0.5271049747919792,0.1263735677118898,0.2384619387740703,0.30158730158730157,0.9021364019551849,0.09624238723898411,-0.5801614679500534,7.0,8.0,0.0,4.0,5.0,6.0,-4.0,0.0,0.0
MTNL.NS,23.24,1464.1200128,26.0,avoid,False,False,extreme_valuation_missing_core_risk_data,True,26.666666666666668,14641200128.0,23.24,-44.88,0.02150662940349668,,,-0.43855998,0.0,0.38274,,-0.12261178714917478,,,,-0.05678029376552825,4245900000.0,-0.2146450103622276,-31072400000.0,0.021503715403943024,-0.10018269405682474,,,-0.048891835,67.603,0.657,0.0,5918758,56.25,0.0,"[2168900000.0, 3705100000.0, 1975200000.0, 1897600000.0, 1722200000.0]","[-8423600000.0, -3069500000.0, -8969400000.0, -9602100000.0, -9431500000.0]","[-13.37, -4.87, -14.24, -15.24, -14.97]","[0.708285305915441, -0.4668969798386009, -0.039287160793843645, -0.0924325463743676]","[-0.6356071038510851, 1.9221045772927186, 0.0705398354404978, -0.01776694681371782]","[-0.6357516828721017, 1.924024640657084, 0.0702247191011236, -0.017716535433070835]","[-1.1830729562162567, -1.182830911650986, -1.2130845968160755]","[0.3497850574422359, 0.33119356324932864, 0.41196679601219677]","[-0.12684271075795275, 0.5843223324120739, -0.19802853021317518, -0.2942230968298469, -0.2502651254043162]",-0.10786946442381007,-0.19723664391508366,-0.21006119269712387,-0.45978615704723635,-0.13539319408757078,-0.4616631744998302,0.08244063876903418,0.30055150669217734,0.38095238095238093,1.9094576717101523,7.19754705475667,-0.502663881769652,4.0,8.0,3.0,0.0,0.0,15.0,-4.0,0.0,0.0
SHYAMCENT.NS,5.0,106.086496,26.0,avoid,False,True,,True,34.285714285714285,1060864960.0,5.0,-0.28,,,-0.07558140240903577,-8.49574,-0.69671994,-1.24918,0.555,-114.72811059907833,,,,8.49807438440306,224021000.0,-0.5016366724676399,-91659000.0,,,,,0.6247657,-6.806,0.465,0.0,115375,49.66,0.21999999999999886,"[3288000.0, 1443000.0, 8369000.0, 72263000.0, 141946000.0]","[-8095000.0, 2046000.0, -61383000.0, 7957000.0, -40280000.0]","[-0.04, 0.01, -0.29, 0.04, -0.19]","[-0.5611313868613139, 4.7997227997228, 7.634603895327997, 0.9642970814939873]","[-1.2527486102532428, -31.001466275659823, -1.1296287245654335, -6.062209375392736]","[-1.25, -29.999999999999996, -1.1379310344827587, -5.75]","[0.005546948140340292, 0.006689886427646655, 0.027221775026108605]","[11.647164476966573, 26.913257188991523, 9.280090233227412]","[-15.674641148325358, 0.3317757009345794, -333.65090909090907, 23.867132867132867, -127.81612903225806]",0.008064508376086854,-0.14089349612979474,0.12107622359514258,,-0.029681038353744915,-0.2867332615198004,0.35869562752643525,0.2726855195768492,0.3968253968253968,1.065101142575506,0.050722373048548694,-0.47503567095543475,7.0,5.0,0.0,3.0,5.0,13.0,-7.0,0.0,0.0
VIRINCHI.NS,13.09,147.533952,26.0,avoid,False,True,,True,21.904761904761905,1475339520.0,13.09,-2.52,,,0.01389873279207992,0.01985,-0.09487,0.59524,56.699,0.3032827224176585,,,,-0.8036321448263187,2336280000.0,-0.02799023689439295,-261168000.0,,,,,0.2813541,6.398,0.779,0.0,47017,39.46,-0.6400000000000006,"[701342000.0, 659665000.0, 768882000.0, 617726000.0, 797366000.0]","[4832000.0, -146119000.0, 16601000.0, -135978000.0, 4327000.0]","[0.04, -1.38, 0.14, -1.32, 0.04]","[-0.0594246458931591, 0.16556433947533966, -0.19659193478323067, 0.2908085461839067]","[-31.23985927152318, -1.113612877175453, -9.190952352267935, -1.031821324037712]","[-35.5, -1.1014492753623188, -10.428571428571429, -1.0303030303030303]","[0.575511833218988, 0.6391345626534934, 0.6168914915932934]","[1.692500353960458, 1.6983044477555582, 1.4866513417677116]","[0.18395030425963488, -1.3065514378443657, 1.5229862375393077, -0.4413265941289246, 1.3161546085232905]",-0.11911167866642702,-0.17621146194068338,-0.26253520267110475,,-0.10475492384724017,-0.5411847235350704,0.02425668435789774,0.2751977980618124,0.38095238095238093,0.8780768824094058,0.08078154318594932,-0.5520504933267201,7.0,5.0,0.0,3.0,7.0,6.0,-2.0,0.0,0.0
AQYLON.NS,15.8,400.8942848,25.0,avoid,False,False,extreme_valuation_missing_core_risk_data,True,40.95238095238095,4008942848.0,15.8,1.12,,,,0.55356,0.5486,0.38141,,3.6551132095718426,,,,1.1456582146578673,132044000.0,,57580000.0,,,14.107143,,-69.60352,66.828,0.108,0.0,4478480,45.6,-12.729999999999997,"[84650000.0, 38812000.0, 49457000.0, 347000.0, 13854000.0]","[42557000.0, -79931000.0, 14806000.0, -18357000.0, 1227000.0]","[0.17, -0.32, 0.058, -0.72, 0.0]","[-0.5415002953337271, 0.2742708440688446, -0.9929838041126635, 38.92507204610951]","[-2.878210400169185, -1.1852347649847994, -2.2398352019451573, -1.0668409870893938]","[-2.8823529411764706, -1.18125, -13.413793103448274, -1.0]","[-3.178854485892423, -5.587715769775617]","[0.41885041954525, 0.6580179326071062]","[10.894675656823994, -14.255785920925748, 5.347034644744569, -0.2623435565946912, 112.54545454545455]",-0.2965271222269137,-0.6030150629746147,-0.6329848903427371,,-0.45181901625551935,-0.9906998646396605,0.021992247849220714,0.6012295455329217,0.3333333333333333,0.8063317978484994,5.048693489534154,-0.9908999942221561,7.0,5.0,0.0,7.0,3.0,5.0,-2.0,0.0,0.0
KESORAMIND.NS,10.76,334.2740992,25.0,avoid,False,True,,True,29.523809523809526,3342740992.0,10.76,-0.29,-0.2536098855205049,,-0.1273332001050464,-0.18802,-0.03398,0.20993,59.044,-2.657541345870803,,,,1.2141176230308037,2454702000.0,-0.5974031382122255,-881324000.0,-0.2316189973151771,0.3877097097419251,,,0.90313923,-9.112,0.952,0.0,475704,43.34,0.0,"[776607000.0, 666177000.0, 647900000.0, 610499000.0, 672803000.0]","[-201893000.0, 310653000.0, 60200000.0, -993440000.0, 57656235000.0]","[-0.65, 1.0, 0.19, -3.2, 185.59]","[-0.1421954733861528, -0.027435651486016455, -0.05772650100324128, 0.10205422121903562]","[-2.538701193206302, -0.806214651073706, -17.50232558139535, -59.036957440811726]","[-2.5384615384615383, -0.81, -17.842105263157894, -58.996874999999996]","[0.5904368347749498, 0.44053576411496603]","[0.6568148672348543, 0.675938382379095]","[-2.122803033743585, 7.022624609836956, 1.878832116788321, -15.67903512597712, -3.4851298530752235]",-0.012843981151195227,0.03861009512165192,-0.01555352896133444,,-0.012130374834421698,-0.2270114820468756,1.2942430911736018,0.3836031324786503,0.4444444444444444,0.5882431046752473,0.6334432124538517,-0.4612068995047882,7.0,5.0,0.0,2.0,5.0,10.0,-4.0,0.0,0.0
SADBHAV.NS,6.89,118.2122752,25.0,avoid,False,True,,True,40.95238095238095,1182122752.0,6.89,1.72,,,0.6656552730693542,0.5672,0.0312,0.75818,,1.4452081795580132,,,,28.466001596169193,9313588000.0,-0.19250639430441818,263130000.0,,,4.0058136,,-1.0659034,6.252,0.831,0.0,205944,25.53,0.0,"[2040379000.0, 2709415000.0, 2299159000.0, 2498863000.0, 2219848000.0]","[156690000.0, 811404000.0, -726257000.0, 56076000.0, 121908000.0]","[0.91, 4.73, -4.23, 0.33, 0.71]","[0.32789790524211426, -0.15141866417658423, 0.0868595864835795, -0.11165678150422809]","[4.178403216542217, -1.8950621392056237, -1.0772123366797153, 1.1739781724802056]","[4.197802197802198, -1.8942917547568712, -1.0780141843971631, 1.1515151515151514]","[-29.434753514680537, -16.46955447385232, -15.360773974090849]","[1.0615659225929597, 0.8730862528928512, 0.8763584708313091]","[1.9091790224109817, 3.3097059425686752, 0.44438208908750076, 1.2494319618056173, 1.4575614979649998]",-0.1546012038061787,-0.1658596034423716,-0.2591398144970183,,-0.11472320375260181,-0.5144467885671719,0.12950819249244105,0.5114026101840998,0.4126984126984127,0.9606136598439218,0.14635374289567707,-0.5701197966865764,7.0,2.0,0.0,4.0,5.0,7.0,0.0,0.0,0.0
SEPC.NS,5.05,981.378048,25.0,avoid,False,True,,True,26.666666666666668,9813780480.0,5.05,0.13,,,0.04695089908640459,0.0583,0.023039998,0.13114999,18.404,2.5246400125554205,,,,-4.918305365868236,10544985000.0,0.40667636589856504,535384000.0,,,38.846157,,0.5163071,18.304,0.942,0.0,8760755,11.67,-7.000000000000002,"[2738022000.0, 2738316000.0, 3409702000.0, 2374184000.0, 2022783000.0]","[-110509000.0, 137334000.0, 149596000.0, 82982000.0, 165472000.0]","[-0.06, 0.07, 0.08, 0.04, 0.11]","[0.00010737678513894622, 0.24518207540692893, -0.3036975078760549, -0.1480091686238303]","[-2.242740410283325, 0.08928597433993035, -0.4452926548838204, 0.9940710033501241]","[-2.166666666666667, 0.1428571428571428, -0.5, 1.75]","[0.18421264642928648, 0.19376668639096342, 0.23864489070130246]","[2.5425601202822365, 2.9214887748433473, 2.9101432769608495]","[2.148065489163601, 2.628935778610399, 2.7085763494735193, 1.9041068363545024, 3.007271500985341]",-0.06133827447703466,-0.2206789852051706,-0.33112581944937247,,-0.1658721814234273,-0.5745576883384269,0.08602152412124298,0.318800027038756,0.38095238095238093,0.3397572112287687,3.7239783254619314,-0.6082560960236763,4.0,0.0,7.0,7.0,5.0,4.0,-2.0,0.0,0.0
VIKASECO.NS,1.03,143.0006656,25.0,avoid,False,True,,True,24.761904761904763,1430006656.0,1.03,0.02,-0.41519645235742675,,0.02432936032396411,0.01071,0.00098,0.08009,7.133,2.219230685314075,,,,-67.87161352193719,3531805000.0,-0.0354243898800084,16684000.0,-0.4405280728498582,12.435727879634372,51.5,,0.21752903,25.068,0.368,0.0,1539769,10.65,0.0,"[1191516000.0, 1161871000.0, 687203000.0, 647174000.0, 1035556000.0]","[10628000.0, -7994000.0, -16564000.0, 17542000.0, 23700000.0]","[0.01, 0.0, 0.0, 0.01, 0.02]","[-0.02488006875274862, -0.4085376087362539, -0.058249163638691925, 0.6001199059294717]","[-1.7521640948438089, 1.0720540405303978, -2.0590437092489737, 0.3510432105803216]","[-1.0, inf, 1.0]","[0.07525724672265359, 0.09468464919842491, 0.07186714990033496]","[3.7705079210194614, 2.78929963359705, 2.236594899774116]","[4.062505865790708, -1.6452287946428572, 2.225468648998061, 2.987487969201155, 3.819054903960564]",-0.046296360684027316,-0.148760381059871,-0.30872485584076714,,-0.1019879252549799,-0.48241207715896106,0.04040400148252998,0.2071075482562744,0.2222222222222222,0.9983692741400929,0.17035441407794716,-0.5025125604058627,7.0,0.0,2.0,7.0,5.0,8.0,-4.0,0.0,0.0
BRNL.NS,16.0,134.32,24.0,avoid,False,True,,True,23.809523809523807,1343200000.0,16.0,-19.23,-0.4789671046557612,,-0.06322233402736635,-1.9691701,-0.86336,0.96983004,81.271,,,,,4.239690191302823,1543011000.0,-0.2209478182385729,-296441000.0,-0.4789670849345804,2.167783727184877,,,0.19078963,-2.787,-0.106,0.0,26123,51.73,-0.240000000000002,"[473946000.0, 489029000.0, 420484000.0, 171040000.0, 462458000.0]","[-943364000.0, -630382000.0, 184117000.0, 47530000.0, 102294000.0]","[-10.4, -13.13, 2.193175, 1.44, 1.59]","[0.03182430065872488, -0.14016551165677293, -0.593230658003634, 1.7038002806361083]","[-0.33177225334017413, -1.292072108657925, -0.7418489330154195, 1.1521986114033242]","[0.26249999999999996, -1.1670354150799696, -0.34341764793051177, 0.10416666666666674]","[1.0786877379529287, 1.051040128939204, 1.313122893202586]","[1.583596768809133, 1.4438419864128444, 0.7968229550298866]","[-218365.25, -4915.522321428572, 83147.33333333333, 40955.666666666664, 45903.0]",-0.06542060656134585,-0.1452991139489036,-0.19839675681915392,,-0.08267078642547931,-0.3754879205351832,0.010101000370632551,0.1957734433837955,0.3492063492063492,0.763836814771766,0.03954179570516587,-0.38173303537402015,7.0,8.0,2.0,2.0,5.0,5.0,-5.0,0.0,0.0
COMFINTE.NS,6.33,202.5208064,24.0,avoid,False,True,,True,31.428571428571427,2025208064.0,6.33,0.07,-1.0,,0.028357071821553722,0.039049998,-0.02306,0.15512,10.439,2.9472108239991126,,,,-0.8742954739538855,1450418000.0,0.010938354465184874,-29275000.0,,,90.42857,,1.1097475,20.545,0.079,0.81,834450,56.12,0.03999999999999915,"[317172000.0, 252086000.0, 613661000.0, 381680000.0, 202990000.0]","[46697000.0, -57520000.0, -4086000.0, -21166000.0, 51032000.0]","[0.15, 0.0, -0.01, -0.07, 0.16]","[-0.20520726924192556, 1.434331934339868, -0.3780279339896132, -0.4681670509327185]","[-2.2317707775660107, -0.9289638386648122, 4.180127263827704, -3.4110365680808843]","[-1.0, -inf, 6.000000000000001, -3.2857142857142856]","[0.11087105778994254, 0.12291864683527266, 0.07971618294844467]","[2.5311646056227133, 2.2938748112989793, 2.3513748714099036]","[7.035619093772716, 0.8958299264104661, 2.900995285489785, 1.039834831187758, 8.28242924528302]",0.03108244389501591,,,,,,,0.6189676646013131,0.3939393939393939,,0.32834089217559814,,7.0,8.0,2.0,6.0,3.0,2.0,-4.0,0.0,0.0
JISLDVREQS.NS,18.79,1378.2659072,24.0,avoid,False,True,,True,24.761904761904763,13782659072.0,18.79,-0.74,,,0.06081687021197265,0.06005,-0.0084,0.43355,71.789,1.0467590714984374,,,,-25.14303128809427,63659700000.0,0.03967996068200863,-246100000.0,,,,,0.23572363,6.927,0.281,0.0,22688,30.37,0.0,"[15083700000.0, 18239700000.0, 15975800000.0, 15456500000.0, 17487300000.0]","[-149300000.0, -120100000.0, -418600000.0, 139300000.0, 289100000.0]","[-0.2, -0.17, -0.57, 0.2, 0.42]","[0.2092324827462757, -0.12411936599834428, -0.03250541443933952, 0.1313880891534307]","[-0.19557937039517748, 2.485428809325562, -1.3327759197324416, 1.0753768844221105]","[-0.15000000000000002, 2.352941176470588, -1.3508771929824561, 1.0999999999999996]","[0.7360135108570608, 0.7202125918123328]","[1.1633672884920145, 1.3113612801717303]","[0.911993487698987, 1.2551151442513484, 0.562874251497006, 1.1835803876852908, 1.4155517643889737]",-0.1431828247128366,-0.17151672563076226,-0.19666518145173129,,-0.08147957249500537,-0.4350570696402497,0.004275886422735242,0.35645710102929645,0.38095238095238093,0.5699322408161346,0.03957619063108444,-0.4374624164560038,4.0,2.0,2.0,4.0,7.0,5.0,0.0,0.0,0.0
LEXUS.NS,10.66,21.523312,24.0,avoid,False,True,,True,28.57142857142857,215233120.0,10.66,0.84,,,-0.01954146570348269,-1.37804,-0.047509998,0.70735,305.089,-0.33009165835987453,,,,0.6219938784433756,738040000.0,-0.18598019052326742,-50314000.0,,,12.690476,,1.1956034,-10.158,-0.94,0.0,46518,52.91,-0.21000000000000085,"[137062000.0, 221026000.0, 180353000.0, 195228000.0]","[7084000.0, 3663000.0, 6217000.0, 5249000.0]","[0.35, 0.17, 0.31]","[0.6125986779705535, -0.18401907467899703, 0.08247714204920342]","[-0.48291925465838514, 0.6972426972426973, -0.15570210712562327]","[-0.5142857142857142, 0.8235294117647058]","[3.3293808458281937, 14.93683100689908]","[1.6409293547232435, 1.415394939886028]","[1.8366355618049341, 1.336083419273519, 1.6826478743068392, 1.374157519738109]",-0.21270311097155814,-0.24450743396244523,-0.5580431394482939,,-0.1503332358504451,-0.7217436840176139,0.009469642407366585,0.5229163339676128,0.36507936507936506,0.7582098484390395,0.03372625101091385,-0.724353953508889,15.0,8.0,0.0,0.0,6.0,2.0,-7.0,0.0,0.0
ODIGMA.NS,20.71,64.7362496,24.0,avoid,False,True,,True,26.666666666666668,647362496.0,20.71,-0.33,,,-0.026579706649101486,-0.01041,-0.02159,0.08732,,,,,,6.8187609638999165,424462000.0,0.5363594747380125,-10831000.0,,,,,1.257896,-31.51,,0.0,17801,27.45,0.0,"[123163000.0, 137490000.0, 95626000.0, 125669000.0, 65677000.0]","[1488000.0, 1298000.0, -14397000.0, 1206000.0, 1062000.0]","[0.05, 0.04, -0.46, 0.04, 0.03]","[0.1163255198395623, -0.3044875990981162, 0.31417187794114576, -0.4773810565851563]","[-0.12768817204301075, -12.091679506933744, -1.0837674515524067, -0.11940298507462688]","[-0.20000000000000007, -12.5, -1.0869565217391304, -0.25]",[],"[4.892521343198634, 3.3330799886325333, 5.635372769056288]",[],-0.11684441745507812,-0.13492069246155125,-0.21284684512133045,,-0.0670307225523955,-0.5119019812510732,0.012218964378631236,0.2402192822746318,0.4444444444444444,0.6539308050877234,0.03738961079740524,-0.5177940387151762,10.0,2.0,7.0,0.0,3.0,4.0,-2.0,0.0,0.0
ORIENTPPR.NS,16.33,346.4989184,24.0,avoid,False,True,,True,29.523809523809526,3464989184.0,16.33,-3.35,,,-0.04370867341728355,-0.0293,-0.07936,0.32484,19.89,-3.214755855514393,,,,0.9284271113950066,8882543000.0,-0.01589533170512314,-288056000.0,,,,,0.23600312,-26.728,0.311,0.0,139771,38.73,0.0,"[2276136000.0, 2314702000.0, 2363852000.0, 1997525000.0, 2383435000.0]","[-82503000.0, -109425000.0, -212598000.0, -305962000.0, 339929000.0]","[-0.39, -0.52, -1.0, -1.44, 1.6]","[0.016943627270075146, 0.02123383485217545, -0.15497036193467273, 0.19319407767111807]","[0.32631540671248316, 0.9428649760109664, 0.4391574709075343, -2.111017054405449]","[0.33333333333333326, 0.9230769230769229, 0.43999999999999995, -2.111111111111111]","[0.19889504079487863, 0.163771886424913, 0.26028341480364586]","[0.567802427503705, 0.6064256860895929, 0.7979701696250322]","[-0.6483124762988244, -1.8784430012320672, -3.9151218043099987, -6.494044884255168, -1.199982742042849]",-0.04391100722190544,-0.009702841093566561,-0.10813760786390181,,-0.017209430197030473,-0.39741698546720017,0.16809731462221533,0.36996940515534243,0.42857142857142855,0.7468005255157127,0.3214175931221676,-0.4841328654816003,7.0,5.0,0.0,3.0,5.0,8.0,-4.0,0.0,0.0
RAJMET.NS,3.1,85.7088,24.0,avoid,False,True,,True,22.857142857142858,857088000.0,3.1,0.0,-0.6817404605698272,,0.04887615024890632,0.01444,0.00853,0.06458,23.66,1.0318471337579618,,,,-67.65625,2633300000.0,-0.3650904328432266,-3200000.0,,,,,1.554664,23.967,0.063,0.0,229354,31.61,0.0,[],[],[],[],[],[],[],[],[],-0.015873075943202752,-0.15760873684867271,-0.24019608759779254,,-0.09097483956452046,-0.364754132800318,0.0689654492027858,0.3118144262176706,0.30158730158730157,0.7444502640550447,0.07332968556070567,-0.4057376993115761,10.0,2.0,0.0,6.0,3.0,5.0,-2.0,0.0,0.0
RTNPOWER.NS,6.74,3619.4512896,24.0,avoid,False,True,,True,24.761904761904763,36194512896.0,6.74,0.21,,,0.06084090733541028,0.080019996,0.03753,0.23446,80.012,1.118163996484824,,,,7.0972540045766594,29913600000.0,-0.02537716481677743,524400000.0,,,32.095238,,0.7782011,16.183,0.425,0.0,12977604,44.06,0.0,"[7985500000.0, 7876900000.0, 7279900000.0, 8219600000.0, 9362500000.0]","[458500000.0, 428400000.0, 542600000.0, -131100000.0, 1259400000.0]","[0.09, 0.08, 0.1, -0.02, 0.23]","[-0.01359964936447311, -0.07579123766964158, 0.1290814434264207, 0.1390456956542898]","[-0.06564885496183204, 0.26657329598506063, -1.2416144489495025, -10.606407322654462]","[-0.11111111111111105, 0.25, -1.2, -12.5]","[0.9113678949309034, 0.9136472389493635]","[2.243976275793896, 2.9488685972060535]","[1.5335738391714187, 1.4723263506063946, 1.4911740744093418, 0.9115265217978135, 2.0638621388748097]",-0.07923502553847261,-0.23582766390872412,-0.24776788589031407,-0.4077328907435349,-0.16774715940444618,-0.4128919825892956,0.0014858472535419498,0.22764743251383154,0.3333333333333333,0.8472240143437106,9.885884142980897,-0.41376304116450613,2.0,5.0,0.0,5.0,5.0,7.0,0.0,0.0,0.0
SVPGLOB.NS,3.02,38.2029984,24.0,avoid,False,True,,True,36.19047619047619,382029984.0,3.02,5.32,,,-0.3440311678436337,-5678.052,1192.8096,-2.51068,,-147.54168982768203,,,,-0.1210611235580654,50313000.0,-0.823669198370422,456158000.0,,,0.56766915,,-0.037435077,-16.845,1.293,0.0,33660,52.75,0.0,"[0.0, 0.0, 0.0, 0.0, 50313000.0]","[-511592000.0, 2220556000.0, -531435000.0, -507070000.0, -505100000.0]","[-4.04, 17.553802, -4.2, -4.01, -3.99]",[inf],"[-5.34048225930038, -1.2393251960319849, -0.04584756367194487, -0.0038850651783777224]","[-5.345000495049505, -1.2392644055116948, -0.0452380952380953, -0.004987531172069737]","[-2.6581247416870184, -2.040332247300223, -2.4316744226555285]","[0.6794012835403739, 0.549554442185981, 0.6026530624893374]",[-177144.0],-0.15877435845975219,-0.22365041144365017,0.25833327538437545,,-0.11694193171226253,-0.5616835936940395,0.34821427145934836,0.30308378473017983,0.38095238095238093,0.6518031927925655,0.011063574626039267,-0.6748911389051584,13.0,8.0,0.0,1.0,3.0,3.0,-4.0,0.0,0.0
URJA.NS,8.65,481.9831808,24.0,avoid,False,True,,True,26.666666666666668,4819831808.0,8.65,0.02,0.0,,0.01285004939004313,0.03181,0.02053,0.1767,24.759,4.665006456373363,,,,-19.56309443570733,667007000.0,0.19001252920880263,13353000.0,-0.043585140628444985,-0.22938035091649017,432.5,,2.4222906,255.772,0.375,0.0,518138,17.37,-0.9800000000000004,"[139621000.0, 175774000.0, 146142000.0, 190115000.0, 171753000.0]","[4317000.0, 1979000.0, 3713000.0, 5012000.0, 1185000.0]","[0.0, 0.004, 0.007, 0.009, 0.002]","[0.2589366929043626, -0.16858010854847705, 0.3008922828481888, -0.09658364674013098]","[-0.5415798007875839, 0.876200101061142, 0.34985187180177757, -0.7635674381484437]","[inf, 0.75, 0.2857142857142856, -0.7777777777777778]","[0.18345628544436815, 0.2567237149862681]","[1.857895445945128, 1.4334725833105506]","[4.6125523012552305, 4.0050590219224285, 2.9517405063291138, 7.869503546099291, 7.4534606205250595]",-0.05773427767172168,-0.07880731605283664,-0.12182748390517317,,-0.07298906074805589,-0.3510877968463356,0.07990004636214332,0.27488379501035604,0.3333333333333333,0.41585934097143573,0.45850703300398343,-0.3990997543340671,7.0,0.0,5.0,9.0,3.0,6.0,-6.0,0.0,0.0
VISHWARAJ.NS,5.69,123.9439616,24.0,avoid,False,True,,True,31.428571428571427,1239439616.0,5.69,-1.63,0.2637492915648527,-0.15317,-0.05863505710853526,-0.12909001,-0.10724,0.06995,184.771,-0.8590959530846551,0.73,0.094,-436095744.0,-1.3198172614779529,3768101000.0,-0.15071403597026178,-281714000.0,0.06311563989508873,-0.4187774515410258,,,0.5076731,-90.986,0.737,0.0,260303,29.05,0.0,"[1070661000.0, 1110280000.0, 776835000.0, 550399000.0, 1330588000.0]","[-258357000.0, 109286000.0, -67133000.0, -143657000.0, -163866000.0]","[-1.19, 0.53, -0.31, -0.66, -0.75]","[0.03700424317314255, -0.3003251432071189, -0.2914853218508435, 1.41749712481309]","[-1.4230038280363992, -1.6142872829090642, 1.1398864939746471, 0.14067535866682435]","[-1.4453781512605042, -1.5849056603773586, 1.1290322580645165, 0.13636363636363624]","[1.8477056941125085, 1.6626585661289148, 1.457753474415341, 1.231104052043046, 1.3234804425886917]","[0.7304631298648754, 0.7610363238395268, 0.8848693662589378, 0.8782388403895841, 0.9383899013199093]","[-1.1504124251933112, 0.11880217028380634, -0.6472334682860998, -2.1134349060488504, -1.455657125730556]",-0.04530200993261391,0.047882179945001324,0.04403674428525961,,-0.02988721590546184,-0.31528281950641446,0.36124408873050085,0.5337072826959659,0.4126984126984127,0.7653691466366396,0.16958907810197354,-0.4969916224707692,7.0,2.0,6.0,1.0,5.0,9.0,-6.0,0.0,0.0
DHATRE.NS,3.94,42.9280736,23.0,avoid,False,True,,True,26.666666666666668,429280736.0,3.94,-0.2,,,-0.04545035918216983,-48.34837,0.0,-0.35992,,-142.85526315789474,,,,-4.903344499972541,91218000.0,-0.5517683548685126,-18209000.0,,,,,0.65156275,-7.853,1.343,0.0,40186,61.92,0.0,"[0.0, 0.0, 0.0, 953000.0, 90264000.0]","[-2928000.0, 790000.0, -3235000.0, -16808000.0, 1044000.0]","[-0.03, 0.01, -0.03, -0.15, 0.01]","[inf, 93.71563483735572]","[-1.269808743169399, -5.094936708860759, 4.195672333848532, -1.0621132793907664]","[-1.3333333333333335, -4.0, 4.0, -1.0666666666666667]",[0.0],"[28.653331101439573, 19.991124122868165, 27.98351060836288]",[],-0.0900692548169364,,,,,,,0.4497821330750802,0.5294117647058824,,0.01971893557017088,,13.0,8.0,0.0,0.0,5.0,1.0,-4.0,0.0,0.0
DHRUV.NS,19.54,37.0606752,23.0,avoid,False,True,,True,24.761904761904763,370606752.0,19.54,-18.85,,,-0.44505214334394017,-0.27934,-0.93101996,-0.70944,38.855,-24.33389183030628,,,,0.12089115758505563,429040000.0,-0.19149362746867338,-284843000.0,,,,,0.5511523,-1.523,0.19,0.0,7643,49.44,0.0,"[155543000.0, 83222000.0, -56854000.0, 192310000.0, 210363000.0]","[-47597000.0, -740000.0, -310145000.0, 10074000.0, 15967000.0]","[-2.51, -0.26, -16.37, 0.51, 0.84]","[-0.46495824305818967, -1.6831607026988056, -4.382523657086573, 0.09387447350631795]","[-0.9844528016471626, 418.11486486486484, -1.0324815811958923, 0.5849712130236251]","[-0.896414342629482, 61.96153846153846, -1.0311545510079414, 0.6470588235294117]","[0.32152749310318085, 0.22270984641253383, 0.17187051645596527]","[2.279452535059331, 3.0591428550239907, 3.1799018553850256]","[-7.434823441021788, -40.378794356562636, -67.3967656180771, 2.6641240783117213, 6.07279322853688]",-0.16673772794035469,-0.2367187256109904,-0.45752357947803035,,-0.1615896684875343,-0.6357875049434636,0.001537708164713214,0.3899349711989357,0.3492063492063492,0.8159246614959053,0.015496837418909074,-0.6363466975956955,13.0,5.0,0.0,3.0,5.0,4.0,-7.0,0.0,0.0
DNAMEDIA.NS,2.43,28.6030496,23.0,avoid,False,True,,True,31.428571428571427,286030496.0,2.43,-0.56,,,-0.011835144758453407,0.22313,-0.88564,0.54239,,-14.271668822768435,,,,0.21418752957613177,65088000.0,-0.116698736919984,-88754000.0,,,,,-0.11362574,-988.098,-0.559,0.0,33806,62.17,0.0,"[17183000.0, 16249000.0, 14076000.0, 26896000.0, 7867000.0]","[3999000.0, -60237000.0, -2978000.0, -6679000.0, -18860000.0]","[0.03, -0.51, -0.02, -0.06, -0.16]","[-0.054356049583891064, -0.1337313065419411, 0.9107701051435066, -0.7075029744199881]","[-16.063015753938487, -0.9505619469761111, 1.24278038952317, 1.8237760143734092]","[-18.0, -0.9607843137254902, 2.0, 1.666666666666667]","[-1.7271347413844296, -1.7711823808062255, -1.789731227877867]","[42.15940460081191, 33.742839207245986, 5.728502383373098]","[11.333333333333334, 11.835858585858587, -5.721354166666667, -15.31266149870801, -46.636591478696744]",-0.07604564219809229,-0.1562500103480282,-0.21612898660872015,,-0.09646912278388453,-0.47173910497041593,0.051948106904829316,0.3828942740040591,0.36507936507936506,0.8978990429209234,0.010108690674608945,-0.4978260889846572,13.0,8.0,0.0,2.0,0.0,7.0,-7.0,0.0,0.0
ESSENTIA.NS,1.03,180.7941632,23.0,avoid,False,True,,True,28.57142857142857,1807941632.0,1.03,0.0,-1.0,,0.021441663551327646,0.00588,-0.0004,0.0241,25.664,1.178467870171172,,,,-189.95688327687097,4736163000.0,0.25185684863535696,3247000.0,-0.6348058667646078,-2.520502699069707,,,0.7680835,-717.446,0.781,0.0,1744348,9.72,-6.26,"[1119083000.0, 1341545000.0, 1400537000.0, 1206736000.0, 787345000.0]","[189000.0, -25350000.0, 12437000.0, 10897000.0, 5448000.0]","[0.0, -0.018887, 0.009444, 0.009444, 0.0]","[0.19878954465397114, 0.04397318017658747, -0.13837620855429023, -0.3475416329669455]","[-135.12698412698413, -1.490611439842209, -0.12382407332958112, -0.5000458841883086]","[-inf, -1.5000264732355588, 0.0, -1.0]","[0.25649003660503056, 0.2320854697162432, 0.15553611669290718]","[2.994686910108703, 2.119125982333072, 2.2639466784927023]","[2.007944614686188, -2.8644658601599344, 3.334823923979877, 3.123383478490367, 2.044257793571313]",-0.01904760174740394,-0.16935486817086998,-0.2015503861641813,,-0.18543846658374585,-0.4635416695770498,0.029999971389770508,0.44793830027007786,0.36507936507936506,0.624024066866187,0.22049585755716739,-0.4791666550251342,7.0,0.0,7.0,5.0,5.0,5.0,-6.0,0.0,0.0
GSS.NS,10.2,26.3229808,23.0,avoid,False,True,,True,17.142857142857142,263229808.0,10.2,-18.6,,,-0.10876032357137837,0.01815,-0.54532003,0.15922,48.025,-51.66928132287471,,,,1.2811759616796505,881267000.0,-0.08326275068636879,-503962000.0,,,,,0.088368304,21.612,0.566,0.0,33469,12.71,0.0,"[235034000.0, 281628000.0, 167354000.0, 191433000.0, 240852000.0]","[1483000.0, -491443000.0, 2037000.0, 2586000.0, -15221000.0]","[0.06, -18.79, 0.08, 0.1, -0.58]","[0.19824365836432167, -0.4057622111437783, 0.14388063625607983, 0.2581529830280045]","[-332.38435603506406, -1.004144936442273, 0.26951399116347563, -6.885924207269915]","[-314.1666666666667, -1.0042575838211816, 0.25, -6.799999999999999]","[0.5240862788717194, 0.4107354212504499, 0.5037712078616345]","[2.933523388080447, 3.424370724828993, 2.9856518672838255]","[1.5324955116696588, -172.11256637168142, 2.175598631698974, 2.2745917204709456, -4.027235772357724]",-0.0752493149410507,-0.17741934491493916,-0.22137408303489148,,-0.15865714996417501,-0.6114285786946614,0.16972471294896097,0.4065410936539233,0.36507936507936506,1.0546288448237344,0.03919322372490883,-0.6678095136369977,13.0,0.0,0.0,4.0,5.0,8.0,-7.0,0.0,0.0
AGL.NS,12.67,1245.1849216,22.0,avoid,False,True,,True,26.666666666666668,12451849216.0,12.67,,,,,-0.00653,-0.01864,0.83700997,,,,,,,,,,,,,,0.96115917,,,0.0,1374821,63.28,,[],[],[],[],[],[],[],[],[],-0.06701029841860007,-0.25645543453294806,,,,-0.39377988959097776,0.03937658018324153,0.6249092685071234,0.38095238095238093,0.4778179485924943,2.6725164196139386,-0.4167464209149816,4.0,8.0,0.0,0.0,5.0,5.0,0.0,0.0,0.0
IDEA.NS,13.17,142687.7710336,22.0,avoid,False,True,,True,37.142857142857146,1426877710336.0,13.17,3.48,,,0.36903829574396674,-0.03766,0.82278,0.45202,,2.6048683049194037,,,,0.5346434359805511,447890000000.0,0.020508626045231848,345520000000.0,,,3.7844827,,-3.990909,26.596,0.737,0.0,418201734,25.64,0.0,"[116820000000.0, 113030000000.0, 113080000000.0, 111696000000.0, 110080000000.0]","[-37540000000.0, 519700000000.0, -52860000000.0, -55242000000.0, -66080000000.0]","[-0.35, 4.8, -0.49, -0.51, -0.63]","[-0.03244307481595621, 0.00044236043528256275, -0.012239122744959308, -0.014467841283483773]","[-14.843899840170485, -1.1017125264575718, 0.04506242905788871, 0.1961913037181855]","[-14.714285714285715, -1.1020833333333333, 0.04081632653061229, 0.23529411764705888]","[-5.3841937468538505, -2.8285378885814003, -3.3166808873720135]","[0.5511854670059714, 0.45724765904448006, 0.5581148631639515]","[0.2681640625, 11.416032064128256, 0.09231297185998627, -0.15527547863890978, -0.12183947055828949]",-0.15576924652272628,-0.0619658039831118,0.42378379203177796,0.5548996057958626,-0.0040921289160332774,-0.15576924652272628,0.5753589254964724,0.36924626765204227,0.3968253968253968,0.8479064781390636,527.083556897909,-0.29270319766354547,0.0,2.0,2.0,3.0,3.0,12.0,0.0,0.0,0.0
JYOTISTRUC.NS,8.89,1061.1637248,22.0,avoid,False,True,,True,35.23809523809524,10611637248.0,8.89,0.54,,,0.023424143882426383,0.07071,0.07603,0.24031,439.045,21.262962962962963,,,,-4.800642512939497,7413800000.0,0.4818628671950884,560300000.0,,,16.462963,,2.2359154,78.247,0.568,0.0,5100793,,,"[2514600000.0, 2343600000.0, 2089600000.0, 1506000000.0, 1561600000.0]","[194600000.0, 181400000.0, 170100000.0, 97200000.0, 111600000.0]","[0.163, 0.1522, 0.1428, 0.0817, 0.0939]","[-0.06800286327845384, -0.10838026967059222, -0.27928790199081166, 0.036918990703851184]","[-0.06783144912641315, -0.062293274531422305, -0.4285714285714286, 0.14814814814814814]","[-0.0662576687116565, -0.06176084099868584, -0.4278711484593838, 0.14932680538555698]","[4.390446893238659, 3.8542888635200567, 3.5497270480288776]","[6.000674209384152, 7.101265508684864, 6.0135657338106085]","[9.641255605381167, 12.70807453416149, 16.45, 146.28571428571428, 513.0]",-0.11277445736695291,-0.21396993691499444,-0.23030301328877023,,-0.16221518085465436,-0.40812249850980453,0.11543294571516927,0.35072666874486924,0.3333333333333333,0.8130838406022648,5.076064330793734,-0.4693741979167487,4.0,0.0,7.0,6.0,5.0,7.0,-7.0,0.0,0.0
TECILCHEM.NS,9.3,17.6362416,22.0,avoid,False,True,,True,15.238095238095239,176362416.0,9.3,-0.3,-0.3325834264393953,,,0.0,0.0,0.0,,-6.666064981949458,,,,0.8441252648928655,0.0,,-4247000.0,-0.3277749763517397,,,,,,,0.0,24704,47.71,0.0,"[0.0, 0.0, 0.0, 0.0, 0.0]","[-2124000.0, -1646000.0, -725000.0, -1093000.0, -782000.0]","[-0.11, -0.09, -0.04, -0.06, -0.04]",[],"[-0.2250470809792844, -0.5595382746051033, 0.5075862068965518, -0.28453796889295513]","[-0.18181818181818188, -0.5555555555555556, 0.5, -0.33333333333333326]","[-0.6922331292943249, -0.6958888659950332, -0.6888038885814021]","[0.09311487773896475, 0.10045083684095035, 0.09395706070796107]",[],-0.06813621069055575,-0.07738092647568329,-0.23013242967954495,,-0.07556546418614551,-0.5654205440881417,0.10846243267872335,0.6694790911081385,0.4444444444444444,0.7961678631574883,0.016362055040421486,-0.6079439022018558,15.0,5.0,0.0,0.0,0.0,4.0,-2.0,0.0,0.0
ZENITHSTL.NS,5.2,73.9858304,22.0,avoid,False,True,,True,33.33333333333333,739858304.0,5.2,0.28,,,,-0.07705,0.09283,0.50044,,2.835566181623315,,,,-0.24950946840063884,510175000.0,-0.2986532977130276,43830000.0,,,18.571428,,-0.29073018,-16.32,0.115,0.0,77823,15.64,0.0,"[71774000.0, 112918000.0, 94033000.0, 140410000.0, 189187000.0]","[4383000.0, 13918000.0, 14688000.0, 7162000.0, 9565000.0]","[0.03, 0.1, 0.1, 0.05, 0.07]","[0.57324379301697, -0.16724525762057418, 0.49319919602692663, 0.34738978705220425]","[2.1754506046087156, 0.05532404081046138, -0.5123910675381264, 0.3355208042446245]","[2.3333333333333335, 0.0, -0.5, 0.40000000000000013]","[-0.7980993998760304, -0.8559891038895314, -0.7541902269970813]","[0.23508036797596643, 0.22999105379722667, 0.22901965911988337]","[1.7493451211525868, 3.375250836120401, 3.2972213549797065, 2.170505438259757, 2.588645579886456]",-0.1186441143707645,-0.037037089364844955,0.00192673447676861,,-0.024366407584098915,-0.47368423592782616,0.13043476458082548,0.37455507513371045,0.4603174603174603,0.7325367901156905,0.04077835843656778,-0.534412970511097,10.0,0.0,0.0,3.0,2.0,7.0,0.0,0.0,0.0
BLUECOAST.NS,22.04,43.373744,21.0,avoid,False,False,extreme_valuation_missing_core_risk_data,True,23.809523809523807,433737440.0,22.04,-0.74,-0.3715429665084191,,,0.08371,-0.47149,0.65954,,-0.03128401993926545,,,,-1.776742630547991,20382000.0,,-20931000.0,-0.33585859675578233,,,,-1.397945,45.184,0.606,0.0,2001,74.92,3.5,"[3500000.0, 12337000.0, 1000000.0, 5700000.0, 1345000.0]","[-2783000.0, -1403000.0, -3772000.0, -2667000.0, -13088000.0]","[-0.15, -0.14, -0.15, -0.3, -0.88]","[2.524857142857143, -0.9189430169409094, 4.7, -0.7640350877192983]","[-0.49586776859504134, 1.6885245901639343, -0.292948038176034, 3.907386576677915]","[-0.06666666666666654, 0.0714285714285714, 1.0, 1.9333333333333336]","[-0.47079464603138693, -0.8340468265268597, -0.3220907655267041]","[0.11491764753042807, 0.14853662662832007, 0.18146004784988665]","[0.3970970537261698, 1.338799025038777, 0.14486510995239174, 0.381636911662416, -2.1043643263757117]",-0.048359194268730255,-0.23868738049423455,0.04158795247925573,,-0.17866648967760734,-0.6236981213869632,0.13960707040522768,0.5170518166963974,0.3492063492063492,0.6833671439804933,0.0037172697282218934,-0.6697968199870599,13.0,10.0,0.0,1.0,0.0,1.0,-4.0,0.0,0.0
FILATFASH.NS,0.19,158.3473792,21.0,avoid,False,True,,True,23.809523809523807,1583473792.0,0.19,0.0,-0.7698229343879726,,0.001718710795011545,0.02066,0.01921,0.10057,2.546,13.373315806769636,,,,-0.5091275025599379,1154423000.0,-0.11063887630030422,28321000.0,-0.38080654966527727,3.4418873582163285,,,0.064363144,64.772,0.427,0.0,21374154,2.02,-3.0900000000000003,"[199974000.0, 229565000.0, 223627000.0, 238984000.0, 462246000.0]","[3087000.0, 3136000.0, 486000.0, 10425000.0, 14272000.0]","[0.0004, 0.0004, 5.8e-05, 0.0013, 0.002]","[0.1479742366507646, -0.025866312373401867, 0.06867238750240356, 0.9342131690824491]","[0.015873015873015817, -0.8450255102040816, 20.450617283950617, 0.36901678657074344]","[0.0, -0.855, 21.413793103448274, 0.5384615384615385]","[0.025029155842183563, 0.022387819456762808, 0.02360727453690598]","[1.7657277132119629, 1.8732383568813868, 2.3780216109655075]","[826.2, -0.4045767274902782, 4.287958115183246, 4.327420701168615, 4.567076987273107]",0.05555550036607193,0.0,-0.05000002607703169,,-0.05690199063297163,-0.6481481665446427,0.3571428343349574,0.22452222698500565,0.031746031746031744,0.751263744238983,0.32169007439608605,-0.740740749938988,7.0,0.0,2.0,9.0,5.0,6.0,-8.0,0.0,0.0
HAZOOR.NS,17.61,507.4708992,21.0,avoid,False,True,,True,32.38095238095238,5074708992.0,17.61,1.11,-0.26938900170930213,,0.10088319743538843,0.096590005,0.05625,0.72852,72.949,2.343450226958931,,,,2.2791222846648127,5795755000.0,-0.09262791243114876,426881000.0,-0.02161070476345328,0.23330661564371033,15.864865,,0.6923803,3.086,1.07,0.0,408414,13.7,-0.8900000000000006,"[1196638000.0, 1584066000.0, 1390387000.0, 1021120000.0, 1800183000.0]","[2998000.0, 323760000.0, 64597000.0, -99353000.0, 137877000.0]","[0.01, 1.32, 0.22, -0.44, 0.61]","[0.3237637447582309, -0.12226700150120007, -0.2655857685665933, 0.7629495064243184]","[106.99199466310874, -0.8004787496911292, -2.5380435623945385, -2.387748734310992]","[131.0, -0.8333333333333334, -3.0, -2.3863636363636362]","[0.7294887828316846, 0.7918482570956688, 0.42632937748787614]","[2.2321362328163556, 2.5622587410194297, 1.8127548006235723]","[1.2224631396357328, 5.210824075982091, 1.2683759486690185, -0.8724413718313677, 4.812536636836141]",-0.11284633390784404,,,,,,,0.3295804462657454,0.25,,0.9735021197607517,,4.0,0.0,0.0,6.0,9.0,2.0,0.0,0.0,0.0
SGLRES.NS,2.21,55.3560384,21.0,avoid,False,True,,True,32.38095238095238,553560384.0,2.21,-0.03,-1.0,,0.0015404587709996148,-2.6734202,-0.01739,0.68151003,43.543,1.5184638109305761,,,,342.98691588785044,348687000.0,0.27048155488420145,1070000.0,-0.43059868346406804,-1.5919706009099805,,,0.29917422,-15.981,1.093,0.0,80015,6.9,0.0,"[13617000.0, 22252000.0, -82657000.0, 391931000.0, 47161000.0]","[-6842000.0, 880000.0, -3966000.0, 4447000.0, -292000.0]","[-0.03, 0.0, -0.02, 0.02, 0.0]","[0.6341338033340678, -4.71458745281323, -5.741655274205452, -0.8796701460206006]","[-1.1286173633440515, -5.506818181818182, -2.121280887544125, -1.0656622442095796]","[-1.0, -inf, -2.0, -1.0]","[0.43543196865288475, 0.07913827855383196, 0.0856514347807979]","[1.4187869538026578, 3.037230074875601, 2.6737174715301646]","[6.425531914893617, -40.36231884057971, -333.46666666666664, 36.6, 9.383333333333333]",-0.08298756869744217,,,,,,,0.44498587470095147,0.47058823529411764,,0.013951409920233488,,10.0,0.0,7.0,4.0,5.0,1.0,-6.0,0.0,0.0
TCIFINANCE.NS,14.29,18.394792,21.0,avoid,False,True,,True,21.904761904761905,183947920.0,14.29,-1.38,-0.10670809939825998,,-0.3550321802721621,1.84472,0.0,0.0,,,,,,0.9714606111578357,0.0,,-17835000.0,-0.10768985802158892,,,,-0.23936749,,0.453,0.0,17123,24.72,0.0,"[0.0, 0.0, 0.0, 0.0, 0.0]","[-3462000.0, 1050000.0, -10931000.0, -3800000.0, -4154000.0]","[-0.27, 0.08, -0.85, -0.3, -0.32]",[],"[-1.3032928942807627, -11.41047619047619, -0.6523648339584667, 0.0931578947368421]","[-1.2962962962962963, -11.625, -0.6470588235294117, 0.06666666666666665]","[-0.03326722829920075, -0.021195725379790642]","[0.12690980778708724, 0.41986644407345575]",[],-0.05238726563991103,-0.09671300647823378,-0.01651753444795745,,-0.07480925672085259,-0.6098826222996803,0.31583797547054737,0.25688429626591563,0.36507936507936506,0.3332364139575401,0.021707991449580192,-0.6579306751951479,15.0,2.0,0.0,2.0,0.0,4.0,-2.0,0.0,0.0
BAJAJHIND.NS,20.5,4897.216512,20.0,avoid,False,True,,True,21.904761904761905,48972165120.0,20.5,1.23,,,0.017495903389329468,-0.15623,0.0217,0.16738,92.996,7.795121951219512,,,,1.8129195293374398,53979500000.0,-0.04383677016613807,1266300000.0,,,16.666666,,4.863582,40.548,0.152,0.0,14471044,13.33,-0.08999999999999986,"[11259700000.0, 16687100000.0, 13804400000.0, 11571900000.0, 12484200000.0]","[-1846500000.0, 3907200000.0, 147500000.0, -1050900000.0, -1737500000.0]","[-0.23, 2.3, 0.12, -0.83, -1.4]","[0.482019947245486, -0.172750208244692, -0.16172379820926663, 0.07883752884141759]","[-3.1160032493907392, -0.962249180999181, -8.124745762711864, 0.6533447521172329]","[-10.999999999999998, -0.9478260869565217, -7.916666666666667, 0.6867469879518071]","[0.9297770500062981, 0.8715642915211963, 23.54363347877826]","[0.5612961447042695, 0.4388333717243103, 0.34557592901445466]","[-15.228070175438596, 17.516574585635357, 3.108853410740203, -40.55511811023622, -13.956521739130435]",-0.09969259605305325,0.18909514339688394,0.1536296832813866,0.011346795118015729,0.0547142550709907,-0.15394137898081295,0.37307431888620046,0.5328647150842943,0.4603174603174603,0.7701684210099551,30.659125106787254,-0.3411297261380668,2.0,0.0,0.0,7.0,2.0,13.0,-4.0,0.0,0.0
CENTRUM.NS,19.98,948.0658944,20.0,avoid,False,True,,True,27.61904761904762,9480658944.0,19.98,-4.8,-0.04556297375204932,,0.10204553394286897,-0.41333,-0.20095,0.82601,1218.677,0.8060941824010786,,,,13.124650711958074,31425641000.0,0.37309693667422383,-1382455000.0,-0.026372623538093554,-0.07068571447725736,,,3.1208997,,-0.019,0.0,347762,39.44,0.0,"[8886636000.0, 9950090000.0, 8665687000.0, 8328859000.0, 8093669000.0]","[-924272000.0, 135791000.0, -972448000.0, -406508000.0, -139290000.0]","[-1.9, 0.29, -2.23, -0.96, -0.33]","[0.11966890508399364, -0.12908456104417143, -0.03886916294114939, -0.028237961526302757]","[-1.1469167085013936, -8.161358263802462, -0.5819745631643028, -0.6573499168528049]","[-1.1526315789473685, -8.689655172413794, -0.5695067264573992, -0.65625]","[51.5235892116116, 11.043820950745522, 59.43260324810699]","[0.63824981721936, 74.57962891215722, 1.0974275886019558]","[0.6040481289218173, 1.055237220453576, 0.6270997507216461, 0.9307745584846483, 0.8205763963860572]",-0.11396894819404102,-0.1709543889634637,-0.2962310682711238,,-0.07200853452547495,-0.4260270395287441,0.018867869473163212,0.34183266050946415,0.4126984126984127,0.46214953706249506,0.5665146333567047,-0.4366561379857369,4.0,5.0,7.0,0.0,1.0,6.0,-3.0,0.0,0.0
HAVISHA.NS,1.36,41.2544832,20.0,avoid,False,True,,True,20.952380952380953,412544832.0,1.36,-0.16,,,-0.015967250209436294,-0.19739,-0.37324002,0.38454,237.227,-0.1934498273516794,,,,-0.0972961168903359,135113000.0,-0.058807985120708395,-50372000.0,,,,,1.7639428,178.342,0.8,0.0,53533,33.99,0.0,"[28810000.0, 33030000.0, 42971000.0, 31230000.0, 27882000.0]","[-18232000.0, -10640000.0, -6798000.0, -15106000.0, -17828000.0]","[-0.06, -0.04, -0.02, -0.05, -0.06]","[0.14647691773689697, 0.3009688162276718, -0.2732307835516976, -0.10720461095100864]","[-0.4164107064501975, -0.3610902255639098, 1.222124154162989, 0.18019330067522832]","[-0.33333333333333326, -0.5, 1.5, 0.19999999999999996]","[2.3722728514557803, 2.082189499833488, 1.6819339818610812]","[0.6180771885858815, 0.7025316048509023, 0.8063504114946316]","[-0.4534438775510204, -0.382132012146396, 0.4240935276177567, -0.28627384196185285, -0.5116160759708326]",-0.03546095992902232,0.0708661690789496,-0.17575755517782665,,0.00014840309418828745,-0.4035087581706728,0.2252252223226372,0.5040742145902696,0.5238095238095238,0.6588398792167051,0.005149972135011553,-0.5131578823536055,13.0,2.0,0.0,0.0,3.0,8.0,-6.0,0.0,0.0
PARASPETRO.NS,2.11,70.5206272,20.0,avoid,False,True,,True,18.095238095238095,705206272.0,2.11,-0.02,,,-0.01765815532571766,0.0,0.0,0.0,,-441.125,,,,-1.228442182640656,0.0,,-3537000.0,,,,,4.0812373,,-1.631,0.0,93980,40.19,0.0,"[0.0, 0.0, 0.0, 0.0, 0.0]","[1331000.0, -12851000.0, 4607000.0, 2684000.0, 2023000.0]","[0.0, -0.04, 0.01, 0.01, 0.01]",[],"[-10.655146506386176, -1.358493502451171, -0.4174082917299762, -0.246274217585693]","[-inf, -1.25, 0.0, 0.0]","[0.0, 0.0]","[278.6158833063209, 799.1797235023041, 241.34513274336283]",[],-0.014018788942859906,0.0549999475479126,-0.09442061622916342,,-0.011159030262162584,-0.2698962565727009,0.3525640849295917,0.42850301901730536,0.4126984126984127,0.518844421013364,0.020421302561463118,-0.3494809941212911,10.0,5.0,0.0,0.0,0.0,9.0,-4.0,0.0,0.0
SHIVACEM.NS,13.12,387.04,20.0,avoid,False,True,,True,24.761904761904763,3870400000.0,13.12,-4.15,0.0338644843140421,,-0.018199302221448294,0.049099997,-0.24189,0.27128,,-0.19817631097368588,,,,-0.6766391173600462,4344278000.0,,-1255325000.0,0.15977440255344955,,,,,63.199,0.311,0.0,144873,66.5,0.0,"[1514942000.0, 1213610000.0, 1260868000.0, 1056079000.0, 1063398000.0]","[-213478000.0, -286311000.0, -338965000.0, -302755000.0, -532188000.0]","[-0.72, -0.97, -1.15, -1.11, -1.03]","[-0.1989066248080784, 0.038940021918079104, -0.16241906369263082, 0.006930352748231838]","[0.34117332933604394, 0.1839049145858873, -0.10682518844128452, 0.7578173770870835]","[0.3472222222222223, 0.18556701030927836, -0.03478260869565197, -0.07207207207207211]","[-73.72695222825493, 13.009642995356037]","[0.2840741193119177, 0.5592510338820059]","[0.24313646961223234, 0.030502030588438606, -0.2899174968056752, -0.3504021863623011, -0.40378725616812866]",-0.17845963267475662,,,,,,,0.32325981214502886,0.35294117647058826,,0.15737073031892776,,7.0,10.0,6.0,1.0,0.0,2.0,-6.0,0.0,0.0
HCC.NS,20.2,5291.32544,19.0,avoid,False,True,,True,27.61904761904762,52913254400.0,20.2,0.72,,,0.16017058017794228,0.09932999,0.04284,0.35546002,47.912,1.535136562184995,,,,5.389076848719188,36635600000.0,-0.2198329126092723,1655200000.0,,,28.041666,,2.486147,11.754,0.696,0.0,12968713,16.18,-0.5399999999999991,"[9934200000.0, 9922000000.0, 9253200000.0, 10913300000.0, 13737000000.0]","[510800000.0, 589400000.0, 80700000.0, 507300000.0, 900800000.0]","[0.19, 0.27, 0.04, 0.218785, 0.25]","[-0.001228080771476292, -0.06740576496674056, 0.17940820472917474, 0.25873933640603664]","[0.15387627251370395, -0.8630810994231422, 5.286245353159852, 0.7756751429134634]","[0.42105263157894735, -0.8518518518518519, 4.469625, 0.1426743149667482]","[0.47911975290649844, 1.853936181958706]","[1.1508819900630232, 1.2019236651183276]","[1.8567480423767848, 1.878738652651696, 1.1251728344855632, 1.6013779527559056, 2.5557650862068964]",-0.1214098809293187,-0.1144736311552359,0.22215496214282537,,-0.04996854821107355,-0.3042729078022388,0.4705026370866936,0.3955845161114949,0.4126984126984127,0.46184345107817243,34.611030086985636,-0.5268780383990943,0.0,0.0,0.0,6.0,4.0,9.0,0.0,0.0,0.0
RPOWER.NS,20.45,8457.6518144,19.0,avoid,False,True,,True,29.523809523809526,84576518144.0,20.45,-0.77,-0.15477029170934253,,0.04481880589895712,0.18153,-0.041199997,0.53237,92.348,0.9058721878268552,,,,-8.383626703078155,72042300000.0,0.008069676573895013,-3368900000.0,-0.10554235546753765,-13.078882964028784,,,0.5273065,8.471,0.901,0.0,22355156,24.98,0.0,"[19563200000.0, 18872600000.0, 18728400000.0, 19740300000.0, 18855800000.0]","[647100000.0, -4940000000.0, 251100000.0, 873200000.0, 446800000.0]","[0.156, -1.194, 0.061, 0.211, 0.109]","[-0.035300973255909085, -0.007640706632896399, 0.05403024283975144, -0.044806816512413694]","[-8.634059650749498, -1.0508299595141701, 2.477499004380725, -0.48831882730187814]","[-8.653846153846153, -1.0510887772194304, 2.459016393442623, -0.4834123222748815]","[0.9234766593804514, 0.9222392631536245, 0.9275211511411394]","[0.46273076866408336, 0.48813326491613707, 0.44364276833816824]","[1.2998473993223496, 0.10239210226553601, 1.2697031729785055, 1.2739101817629488, 1.1697701176415338]",-0.06791247652000865,-0.1750705926706727,-0.18881390299077727,-0.5490628125465271,-0.1358282404795602,-0.5790448745955621,0.053580676131020466,0.24298349016766088,0.3333333333333333,0.6816145931338619,45.653045712209455,-0.6004528794602824,0.0,2.0,2.0,4.0,7.0,6.0,-2.0,0.0,0.0
A2ZINFRA.NS,13.68,242.8505856,18.0,avoid,False,True,,True,21.904761904761905,2428505856.0,13.68,0.2,,,0.18718951622895166,-0.0074400003,0.01005,0.12979001,301.806,2.1434096950509245,,,,-3.7994237233872257,3864379000.0,0.034113884928933746,43729000.0,,,68.4,,4.882227,47.672,0.034,0.0,211452,27.92,-0.22999999999999687,"[684507000.0, 922429000.0, 1089682000.0, 947155000.0, 905113000.0]","[386000.0, 60023000.0, -6449000.0, -17333000.0, 7488000.0]","[0.0, 0.34, -0.04, -0.1, 0.04]","[0.3475815440893957, 0.18131802014030352, -0.13079687468454104, -0.04438766622147383]","[154.5, -1.1074421471769156, 1.6877035199255697, -1.432008307852074]","[inf, -1.1176470588235294, 1.5, -1.4]","[1.9535469422075613, 2.0663286669759966, 2.0285723774520656]","[0.8347986347696239, 0.7932623080575456, 0.7742299357176576]","[1.1444137121783589, 4.022995677169214, 1.0866915172274834, 0.4855211200191456, 2.0761806273698724]",-0.12363865432091148,0.008849548808677277,-0.2060359449434891,,0.008872142660362181,-0.2727272358542615,0.13432834404582628,0.5430145830233016,0.4126984126984127,0.6411951086824557,0.2691002973565149,-0.35885163412935317,7.0,2.0,2.0,3.0,0.0,11.0,-7.0,0.0,0.0
ALOKINDS.NS,7.76,3853.0265088,18.0,avoid,False,True,,True,26.666666666666668,38530265088.0,7.76,-1.44,-0.053677140924364264,,-0.10936928070511406,-0.0095,-0.18827,0.48192,,-1.534886885524749,,,,-0.5634650790877693,36440700000.0,-0.19172163386308327,-7441100000.0,-0.054541428429235594,0.2844823890254659,,,-0.17897919,401.188,0.236,0.0,18090580,75.0,0.0,"[9931100000.0, 9829700000.0, 8582400000.0, 9324900000.0, 9529600000.0]","[-1382500000.0, -1925400000.0, -2176300000.0, -1715600000.0, -744700000.0]","[-0.28, -0.39, -0.44, -0.35, -0.15]","[-0.010210349306723376, -0.12689095292837016, 0.08651426174496635, 0.021951978037298092]","[0.3926943942133816, 0.1303105848135453, -0.21168956485778612, -0.565924457915598]","[0.3928571428571428, 0.1282051282051282, -0.20454545454545459, -0.5714285714285714]","[-1.0480407399372995, -1.086771671711071]","[0.6126950614235972, 0.9262898504181128]","[0.08389106089722351, -0.30343434343434345, -0.4229763305871584, -0.10066080708282543, 0.5226995440827072]",-0.008939935569129198,-0.37419351067676887,-0.4182908440689608,,-0.33471224157012147,-0.5664804249018754,0.10070922254442727,0.4699250409883209,0.36507936507936506,1.605539909382354,14.295489178960747,-0.606145232347568,2.0,10.0,0.0,0.0,0.0,12.0,-6.0,0.0,0.0
BALKRISHNA.NS,16.08,51.809008,18.0,avoid,False,True,,True,26.666666666666668,518090080.0,16.08,-2.15,-0.6528892375235356,,,-0.09233,-1.21859,0.07006,,-0.24892081111473863,,,,0.6582876785906112,47322000.0,-0.6428881316585391,-65163000.0,-0.49918657319834947,0.7764750173728286,,,-0.2938704,-220.157,0.305,0.0,6756,59.95,0.0,"[17590000.0, 8896000.0, 17108000.0, 10158000.0, 11159000.0]","[-17966000.0, -27574000.0, -2130000.0, -17828000.0, -17633000.0]","[-0.56, -0.86, -0.07, -0.56, -0.54]","[-0.49425810119386016, 0.923111510791367, -0.406242693476736, 0.0985430202795825]","[0.5347879327618836, -0.9227533183433669, 7.369953051643192, -0.0109378505721337]","[0.5357142857142856, -0.9186046511627907, 7.0, -0.0357142857142857]","[-0.13443276851100308, -0.9699421536335021, -0.29624639566017064]","[0.5247854713014289, 0.657423030676334, 0.30414346530791764]","[-0.10426467185933523, -0.11146281978101812, -0.157465855618042, -0.14544517901605564, -0.11887550200803212]",-0.08009151345499188,-0.11599783113809992,-0.04000000455486241,,-0.07527630990197387,-0.3311148372993594,0.24844718795284249,0.28365797897220824,0.38095238095238093,0.6520076599570205,0.01600650695294857,-0.4642263051611709,10.0,8.0,0.0,0.0,0.0,5.0,-5.0,0.0,0.0
HCL-INSYS.NS,10.14,333.81888,18.0,avoid,False,True,,True,31.428571428571427,3338188800.0,10.14,-1.39,-0.053677140924364264,,,-3.30383,-2.40352,0.03945,,-6.106047194455839,,,,0.011684819760288019,216086000.0,-0.1172172876249632,-329145000.0,-0.05331129895713094,0.45480747795240306,,,-1.1257911,-7.098,0.82,0.0,378027,62.89,0.0,"[41800000.0, 52800000.0, 42200000.0, 50700000.0, 70300000.0]","[-166800000.0, -131700000.0, -97500000.0, -55000000.0, -45000000.0]","[-0.51, -0.4, -0.3, -0.167067, -0.14]","[0.26315789473684204, -0.2007575757575758, 0.2014218009478672, 0.3865877712031558]","[-0.21043165467625902, -0.2596810933940774, -0.4358974358974359, -0.18181818181818177]","[-0.21568627450980393, -0.2500000000000001, -0.44311, -0.16201284514595926]","[-1.1228230430611683, -1.1807357147608595, -1.2200251840691516]","[0.3406861756187352, 0.3238238791935172, 0.33328157341300485]","[-1.5465648854961833, -1.8383620689655173, -974.0, -449.0]",0.003960392113094846,-0.13554980911878534,-0.17359413487985564,,-0.10560871390816551,-0.3614609401607205,0.07643314874707241,0.23528914338493595,0.36507936507936506,0.9404657624228479,0.2851945476441383,-0.40680100702722244,7.0,8.0,0.0,0.0,0.0,8.0,-5.0,0.0,0.0
TOYAMSL.NS,0.65,37.5579712,18.0,avoid,False,True,,True,20.0,375579712.0,0.65,-0.87,-0.17750070019343267,,-0.06714044236648085,-22.88364,0.0,1.1013,,,,,,0.013303971366724534,9174000.0,-0.35327740211324143,-186636000.0,0.15160758531801055,-0.4291460037101763,,,,,0.017,0.0,1635026,,,"[550000.0, 30000.0, 0.0, 8874000.0, 0.0]","[-6415000.0, -34316000.0, -31626000.0, -81487000.0, -4244000.0]","[-0.02, -0.3, -0.55, 0.0, -0.01]","[-0.9454545454545454, -1.0, inf, -1.0]","[4.349337490257209, -0.07838908963748692, 1.5765825586542719, -0.9479180728214316]","[14.0, 0.8333333333333335, -1.0, -inf]","[0.0, 0.0]","[6.414926391779334, 8.674069231912048, 9.422001924927816]",[],0.06557370641801308,,,,,,,0.5075065102399994,0.35294117647058826,,0.11036620236142813,,13.0,0.0,5.0,0.0,0.0,2.0,-2.0,0.0,0.0
VIVIDHA.NS,0.52,15.2204272,18.0,avoid,False,True,,True,26.666666666666668,152204272.0,0.52,-0.04,-1.0,,-0.1858876312837769,-1.52557,0.0,0.23812,,-2.091395793499044,,,,-0.11365558519289572,1151000.0,-0.4733792118566882,-15371000.0,0.032788775825325134,-0.06926534795797429,,,-52.0,-45.274,-0.049,0.0,291183,5.63,0.0,"[2268000.0, 0.0, 67000.0, 0.0, 1085000.0]","[-3879000.0, -4237000.0, -2175000.0, -2999000.0, -5962000.0]","[-0.01, -0.01, -0.01, -0.01, -0.02]","[-1.0, inf, -1.0, inf]","[0.09229182779066769, -0.48666509322633944, 0.3788505747126436, 0.9879959986662221]","[0.0, 0.0, 0.0, 1.0]","[-15.450392927308448, 26.226165027789655, 5.620762899371626]","[31.923390383048083, -34.524112829845315, -22.166747927840078]","[-8.257756563245824, -1.358950328022493, -2.4414556962025316, -3.223943661971831, -6.03066037735849]",0.039999961853027344,-0.01886790755296608,-0.16129035979478312,,-0.019905230715221434,-0.3500000335276122,0.20930226110909267,0.33141165156306224,0.3333333333333333,0.8521184455200895,0.012893062230391501,-0.46249999906867745,15.0,0.0,2.0,0.0,0.0,9.0,-8.0,0.0,0.0
PENINLAND.NS,14.63,485.3184,17.0,avoid,False,True,,True,21.904761904761905,4853184000.0,14.63,-4.67,,,-0.30330121806556143,-0.13718,-1.21039,0.6462,460.72,-2.2442731749090132,,,,-0.3710622233793283,1213000000.0,-0.5003498807432183,-1536400000.0,,,,,6.810987,94.329,0.279,0.0,240395,67.71,0.0,"[234000000.0, 408800000.0, 272900000.0, 375700000.0, 374700000.0]","[-76400000.0, -1182500000.0, -119200000.0, -185000000.0, -49700000.0]","[-0.23, -3.56, -0.36, -0.56, -0.15]","[0.747008547008547, -0.3324363992172211, 0.3766947599853425, -0.0026616981634283166]","[14.477748691099476, -0.8991966173361522, 0.5520134228187918, -0.7313513513513514]","[14.478260869565217, -0.898876404494382, 0.5555555555555558, -0.7321428571428572]","[4.23937140451803, 2.191400562942832, 1.9115584019518146]","[0.8998463516352576, 0.9547003407496493, 1.1053478086047446]","[-0.03485254691689008, -14.797278911564625, -0.032229965156794424, -0.25084288604180716, 0.6195158850226928]",-0.09523809242961889,-0.1625643566421099,-0.16827743106707638,-0.5859043488194414,-0.03299702162916185,-0.5789928024621318,0.04574698740481842,0.4537249176212395,0.36507936507936506,1.1303564297266453,0.2748424321169519,-0.5974100785289738,7.0,10.0,0.0,0.0,0.0,12.0,-12.0,0.0,0.0
QUINTEGRA.NS,1.47,3.9416332,17.0,avoid,False,True,,True,17.142857142857142,39416332.0,1.47,-0.04,-0.09143970358393017,,-0.4037795997153358,0.0,0.0,0.0,,,,,,0.19159312867438463,0.0,,-828370.0,-0.0932168645448963,,,,-0.30574045,,-0.098,0.0,3244,2.48,0.0,"[0.0, 0.0, 0.0, 0.0, 0.0]","[-528000.0, -136000.0, -24000.0, -356000.0, -312000.0]","[-0.02, -0.005, -0.001, -0.013, -0.012]",[],"[-0.7424242424242424, -0.8235294117647058, 13.833333333333334, -0.1235955056179775]","[-0.75, -0.8, 12.0, -0.07692307692307687]","[-1.0156886541679284, -1.0166073274376939, -1.0209400500072612]","[0.0, 0.0, 0.0]",[],0.2148760184019729,0.13076929425347017,0.18548388492304357,,-0.08927616850238429,-0.2575757502779744,0.3125000199569121,0.3326987863865188,0.14285714285714285,1.0992045914805972,0.0006631454391729831,-0.43434343738417736,15.0,0.0,0.0,0.0,0.0,12.0,-10.0,0.0,0.0
TARAPUR.NS,11.75,22.9125136,17.0,avoid,False,False,extreme_valuation_missing_core_risk_data,True,17.142857142857142,229125136.0,11.75,-1.29,-0.550784021900159,,,-1.3843601,0.0,0.0,,0.24950238853503184,,,,-0.8082302204667284,0.0,-1.0,-24811000.0,-0.5505576019637934,0.5505576019637934,,,-12.381454,621.427,-0.463,0.0,23510,21.95,0.0,"[0.0, 0.0, 0.0, 0.0, 0.0]","[-4446000.0, -12556000.0, -2427000.0, -4434000.0, 952000.0]","[-0.23, -0.64, -0.12, -0.23, 0.05]",[],"[1.824111560953666, -0.8067059573112456, 0.8269468479604449, -1.2147045557059089]","[1.7826086956521738, -0.8125, 0.9166666666666667, -1.2173913043478262]","[-4.624885881531604, 16.206256877849395]","[0.5687975682378276, 0.6289779750787249, 0.6408812924208145]","[-1.2472906403940887, 0.3325153374233129, 0.4215919923736892, -1.6174734356552538, 1.5551020408163265]",-0.09823482419053875,-0.3464960901473666,-0.5100083309299255,,-0.2494480566163263,-0.6937711668728777,0.014680490277545477,0.4713140159856373,0.4444444444444444,0.6606892560624424,0.028000046751294135,-0.6982017136809642,15.0,2.0,0.0,0.0,0.0,2.0,-2.0,0.0,0.0
VLEGOV.NS,9.44,102.378048,17.0,avoid,False,True,,True,22.857142857142858,1023780480.0,9.44,-0.23,,,-0.02471023085147636,-0.91787004,-0.25072,-0.13262999,,,,,,-0.2829220836649863,171543000.0,-0.7135093554832963,-11307000.0,,,,,2.4881392,-43.828,2.076,0.0,78170,23.24,0.0,"[6490000.0, 11854000.0, 44800000.0, 32519000.0, 82370000.0]","[-5736000.0, -5873000.0, -7138000.0, -5238000.0, 6942000.0]","[-0.05, -0.05, -0.07, -0.05, 0.06]","[0.826502311248074, 2.779314999156403, -0.2741294642857143, 1.5329807189642977]","[0.02388423988842403, 0.21539247403371364, -0.2661810030820958, -2.3253150057273766]","[0.0, 0.40000000000000013, -0.2857142857142857, -2.2]","[0.0, 0.0]","[1.8630613902750377, 16.65623758083746]",[],-0.09923664191602644,-0.10095242091587608,-0.24900558396431116,,-0.11891005714341041,-0.6751548605000233,0.09639953040676041,0.4225624121361297,0.3968253968253968,0.9821773371865993,0.1011789543491745,-0.7037164550960175,7.0,2.0,0.0,0.0,3.0,7.0,-2.0,0.0,0.0
ZEEMEDIA.NS,7.21,472.5640704,17.0,avoid,False,True,,True,21.904761904761905,4725640704.0,7.21,-0.02,,,0.04342975153770412,-0.05145,-0.00184,0.44081002,37.194,0.7018495556933251,,,,51.97463002114165,7591750000.0,0.0175228978493851,18920000.0,,,,,2.0349987,4.941,0.865,0.0,1086040,9.04,-0.4400000000000013,"[1908500000.0, 1577800000.0, 2403200000.0, 1787200000.0, 1823600000.0]","[-121200000.0, -265300000.0, 527700000.0, -155300000.0, -88100000.0]","[-0.19, -0.42, 0.84, -0.25, -0.14]","[-0.17327744301807702, 0.5231334769932818, -0.2563249001331558, 0.020367054610564095]","[1.188943894389439, -2.9890689785148887, -1.2942960015160128, -0.43271088216355436]","[1.2105263157894735, -3.0, -1.2976190476190477, -0.43999999999999995]","[0.3719153043804689, 0.5464790168782826, 0.7870799956504404]","[0.647020083847789, 0.537748678893379, 0.5565287766915974]","[-1.6031434184675835, -4.841796875, 11.466809421841543, -1.728952772073922, -1.3833333333333333]",-0.12287107008171783,-0.11965806989583061,-0.04629628403196595,,-0.0850501155900073,-0.36531687886900266,0.08421051650354894,0.5692919015551645,0.3492063492063492,0.5269311398220416,0.8661347573916245,-0.41461264996969815,7.0,0.0,2.0,3.0,5.0,6.0,-6.0,0.0,0.0
ANDREWYU.NS,24.74,1209.6647168,16.0,avoid,False,True,,True,26.666666666666668,12096647168.0,24.74,-0.84,-0.36591652310590594,,-0.04715780531391432,-0.26244,-0.14009,0.61713004,37.295,-0.984608448517914,,,,4.190110205038689,2928752000.0,-0.07665614170850354,-191915000.0,,,,,3.7394195,-15.773,0.918,0.0,129467,89.25,0.0,"[578413000.0, 916596000.0, 742312000.0, 715080000.0, 554763000.0]","[-23374000.0, -305116000.0, -88031000.0, -167000.0, 201398000.0]","[-0.05, -0.62, -0.18, 0.0, 0.41]","[0.5846739267616738, -0.190142658270383, -0.03668538296565327, -0.22419449572075856]","[12.053649353983058, -0.711483501356861, -0.9981029410094171, -1206.9760479041915]","[11.399999999999999, -0.7096774193548387, -1.0, inf]","[0.37322261662428785, 0.33304907992095506, 0.31144060234655574]","[0.5873120247534609, 0.7274346206427247, 0.6688655251187463]","[-2.0932650869993674, -6.768477460397048, -1.0857968729470504, 1.0853816300129366, 6.113789720281121]",-0.11421412456864422,,,,,,,0.5820248921926882,0.48717948717948717,,0.2533038320212555,,4.0,10.0,0.0,3.0,1.0,2.0,-4.0,0.0,0.0
EASEMYTRIP.NS,5.78,2102.1011968,16.0,avoid,False,True,,True,20.0,21021011968.0,5.78,-0.14,,,-0.049991269818315816,-0.00364,-0.09373,0.52338004,4.35,-8.850559453821354,,,,0.103078405517801,5356950000.0,0.0607503780393257,-394360000.0,,,,,2.4491527,67.025,0.539,0.0,13785434,43.56,-4.159999999999997,"[1347060000.0, 1519080000.0, 1516580000.0, 1183390000.0, 1137910000.0]","[-114100000.0, -135840000.0, 58520000.0, -327000000.0, 13240000.0]","[-0.03, -0.04, 0.02, -0.09, 0.0]","[0.12770032515255436, -0.001645732943623801, -0.2196982684724842, -0.038431962413067566]","[0.19053461875547772, -1.4308009422850412, -6.5878332194121665, -1.0404892966360857]","[0.3333333333333335, -1.5, -5.5, -1.0]","[0.04423726317733591, 0.04184981547384444, 0.052245633471190836]","[2.484151040889623, 2.4634778855448975, 2.6832747742904415]","[-10.350710900473933, -7.387012987012987, 6.362820512820512, -33.51287878787879, 2.064984709480122]",-0.0366666316986084,-0.15620433718555116,-0.2738693238556956,,-0.13318893314659142,-0.3997923010259574,0.0034722187728795095,0.24518378377907488,0.4126984126984127,0.509882413008564,8.32032485927958,-0.4018691422189832,2.0,5.0,2.0,3.0,3.0,7.0,-6.0,0.0,0.0
SHANTI.NS,5.44,6.041664,16.0,avoid,False,True,,True,18.095238095238095,60416640.0,5.44,-2.51,,,-0.27046582458527235,-0.23251,-0.73299,0.38695,403.985,-66.64380952380952,,,,0.7921933751119069,238410000.0,-0.5043407254975258,-27925000.0,,,,,1.5102721,,0.415,0.0,52556,0.0,0.0,[14711000.0],[4847000.0],[],[],[],[],[0.12961996695364814],[1.7749456875198915],[38.00813008130081],-0.13787636980165308,-0.18926974272823338,-0.2239657803708528,,-0.08828594317055172,-0.5385920207954388,0.05631067116171318,0.42175000026540943,0.42857142857142855,1.2540859228938437,0.02502511223273039,-0.5631891338396571,15.0,0.0,0.0,0.0,3.0,12.0,-14.0,0.0,0.0
GTLINFRA.NS,1.08,1383.4165248,15.0,avoid,False,True,,True,37.142857142857146,13834165248.0,1.08,0.82,,,,0.13892001,0.79213995,0.35474,,2.4134184608129434,,,,0.6870235864794806,13719700000.0,-0.02003718111539432,7792600000.0,,,1.3170732,,-0.26979768,16.717,0.649,0.0,33522590,3.28,0.0,"[3273100000.0, 3303600000.0, 3505900000.0, 3564900000.0, 3345300000.0]","[693900000.0, 11855800000.0, 195800000.0, -1934700000.0, -2324200000.0]","[0.05, 0.91, 0.01, -0.15, -0.18]","[0.009318383184137469, 0.06123622714614352, 0.016828774351806963, -0.06160060590759908]","[16.085747225825045, -0.9834848766004824, -10.88100102145046, 0.20132320256370506]","[17.2, -0.989010989010989, -16.0, 0.19999999999999996]","[-1.131007875314236, -0.5368226581703747, -0.6232539492158603]","[0.0984440826853959, 0.10266424187779023, 0.12060327748320371]","[4.042086804033318, 54.28449438202247, 1.7574468085106383, 0.2708600286424964, 0.08239567294405623]",-0.09999999999999998,-0.18181818181818177,-0.09999999999999998,-0.27516776107194274,-0.12621359200646487,-0.3291925258885924,0.11340207325840757,0.264838865021294,0.23809523809523808,0.5001508530200381,3.0167785984540663,-0.35333331425984704,4.0,0.0,0.0,5.0,3.0,7.0,-4.0,0.0,0.0
CELEBRITY.NS,6.48,41.827328,14.0,avoid,False,True,,True,20.0,418273280.0,6.48,-1.87,,,-0.43130990415335463,-0.06889,-0.07199,0.50181,605.198,-2.1951219512195124,,,,-1.955470737913486,1680000000.0,-0.22122403057405327,-157200000.0,,,,,3.5198262,-41.936,0.096,0.0,24168,33.15,0.0,"[264200000.0, 434900000.0, 453800000.0, 425200000.0, 406700000.0]","[-23700000.0, -16200000.0, -34200000.0, -39500000.0, -67300000.0]","[-0.37, -0.31, -0.57, -0.66, -1.13]","[0.6461014383043149, 0.04345826626810756, -0.06302335830762451, -0.04350893697083724]","[-0.31645569620253167, 1.1111111111111112, 0.1549707602339181, 0.7037974683544304]","[-0.16216216216216217, 0.8387096774193548, 0.1578947368421053, 0.7121212121212119]","[6.051975051975052, 5.651469098277609, 3.3046228710462286]","[0.9729667282809612, 0.856223866194918, 0.9795411744564287]","[-0.8809523809523809, 0.7534246575342466, -0.976878612716763, -1.7816901408450705, -3.773049645390071]",-0.03857563217714233,-0.15404697804756218,-0.11111110384335987,,-0.07359169022705736,-0.43701130406467414,0.11531843079045068,0.2795805108061877,0.5238095238095238,0.772927117894165,0.013334133049929142,-0.4952215614904496,13.0,2.0,0.0,0.0,1.0,5.0,-7.0,0.0,0.0
PRAXIS.NS,4.46,82.8722432,13.0,avoid,False,True,,True,34.285714285714285,828722432.0,4.46,-2.42,0.24871168333121596,,-0.6502772907796344,-0.25455,-0.61981,0.44632998,,-2.14540689850556,,,,0.5670975005629363,954803000.0,-0.36846665424132874,-666150000.0,0.4689999815464061,-1.2728424028276726,,,-1.0734055,-13.13,0.613,0.0,84463,7.23,0.0,"[266007000.0, 247406000.0, 262005000.0, 212171000.0, 235039000.0]","[-110649000.0, -1152985000.0, -158910000.0, 810426000.0, -164682000.0]","[-0.6, -6.21, -0.86, 5.24, -1.22]","[-0.06992673125143323, 0.05900826980752294, -0.1902024770519647, 0.10778098797667912]","[9.420202622707842, -0.8621751367103648, -6.0999056069473285, -1.2032042407326518]","[9.35, -0.8615136876006442, -7.093023255813954, -1.232824427480916]","[-2.4536639676900482, 3.098798206694517, -4.124415321662536]","[0.4824094525447233, 1.3862757782121822, 0.6481466155909438]","[-0.9692989481552672, -18.76895907275003, -1.8507615305957699, 17.64426690764207, -2.3589377498572244]",-0.040860226521231,-0.42302716337101043,-0.36467235751212457,,-0.3025326918499357,-0.6758720956424431,0.09046451632158736,0.5221505148014215,0.3333333333333333,0.8718954211218074,0.04606683833470583,-0.7027616217619603,10.0,0.0,11.0,0.0,0.0,3.0,-11.0,0.0,0.0
TRU.NS,4.21,50.4197472,13.0,avoid,False,True,,True,22.857142857142858,504197472.0,4.21,-9.75,,,-0.7576272967464711,-12.62589,0.0,0.0,649.526,-3.77185299350926,,,,-1.1510028716883485,804911000.0,-0.12701600379938838,-1126515000.0,,,,,0.6738156,,0.862,0.0,57127,30.97,0.0,"[112638000.0, 145513000.0, 150983000.0, 228046000.0, 298814000.0]","[-105804000.0, -191831000.0, -424526000.0, -328912000.0, -90980000.0]","[-0.89, -2.35, -3.54, -2.81, -0.78]","[0.2918642021342708, 0.03759114305938294, 0.5104084565812046, 0.3103233558141778]","[0.8130789006086727, 1.213020836048397, -0.22522531011057034, -0.7233910590066643]","[1.6404494382022472, 0.5063829787234042, -0.20621468926553677, -0.7224199288256228]","[6.495268794434706, 3.017225945392947, 3.2101088647926534]","[1.0072069205699494, 97.64892832841915, 1.5472660099035995]",[],0.03950613330294139,-0.23593468906237725,-0.28522917935837466,,-0.14721943621841893,-0.60909936311914,0.04987526130912601,0.3448698271772648,0.2857142857142857,0.6233541738528102,0.030686418956553937,-0.627669446755577,10.0,2.0,0.0,0.0,5.0,3.0,-7.0,0.0,0.0
TAKE.NS,11.83,172.9841664,12.0,avoid,False,True,,True,36.19047619047619,1729841664.0,11.83,0.41,,,0.15366948802642444,-0.00871,0.15163,-0.00318,,13.69752731454859,,,,-0.3802988266307804,541853000.0,-0.34069512650757905,108491000.0,,,28.853659,,5.7371483,-105.347,0.382,0.0,253823,0.0,0.0,"[303733000.0, 541853000.0, 0.0, 0.0, 0.0]","[10626000.0, 43599000.0, 11091000.0, -5850000.0, -48800000.0]","[0.07, 0.29, 0.07, -0.06, -0.33]","[0.7839780333384914, -1.0]","[3.103049124788255, -0.7456134315007226, -1.5274546929943198, 7.341880341880342]","[3.1428571428571423, -0.7586206896551724, -1.857142857142857, 4.500000000000001]","[0.0, 0.0]","[4.535738142952572, 1.4762719619900087]","[1519.0, 1233.3333333333333, -2.342857142857143, 2.2459016393442623]",-0.14399419790605683,-0.5239436723499002,-0.7294144649267739,,-0.3064193284557081,-0.7640606288848819,0.0,0.561307721152966,0.42857142857142855,0.8441768443733795,0.5503930753474617,-0.7640606288848819,7.0,0.0,0.0,5.0,0.0,4.0,-4.0,0.0,0.0
UNITECH.NS,3.96,1036.0552448,8.0,avoid,False,False,extreme_valuation_missing_core_risk_data,True,21.904761904761905,10360552448.0,3.96,-8.78,-0.041102922872256364,,,0.04853,0.0,0.50648,,-0.5610686752438847,,,,0.047346015756799,5101744000.0,0.08452094375904351,-24557399000.0,-0.04137694643192624,-0.4895466684551664,,,-0.110617615,616.209,1.029,0.0,3350887,5.14,0.0,"[1060106000.0, 1302151000.0, 1409613000.0, 1360513000.0, 1050026000.0]","[-5705666000.0, -4410792000.0, -8510207000.0, -5718685000.0, -5917715000.0]","[-2.18, -1.16, -3.25, -2.19, -2.26]","[0.22832150747189428, 0.08252652726143128, -0.03483225537789447, -0.22821318135144608]","[-0.22694528561608762, 0.9294056486907567, -0.3280204582567733, 0.0348034556895509]","[-0.4678899082568808, 1.8017241379310347, -0.3261538461538461, 0.031963470319634535]","[-0.8217632794736813, -0.9270889269805334, -1.0738314769852335]","[0.623249449207064, 0.6650265184278185, 0.695732356101681]","[0.0275392130941488, 0.30898988112168, -1.2715924944180161, 0.022467892380490125, 0.0019886364404380946]",-0.02941173720662238,-0.14838710603637884,-0.18685828928056336,,-0.07177011036986913,-0.47270307357413,0.2531645349958853,0.3870756496512208,0.3333333333333333,0.9874336945261749,2.0912769793611954,-0.5792276977997934,4.0,0.0,2.0,1.0,0.0,9.0,-8.0,0.0,0.0
DISHTV.NS,2.13,392.1875968,7.0,avoid,False,True,,True,28.57142857142857,3921875968.0,2.13,-5.32,-0.21702647176622725,,,-0.84389,-0.90906,0.35067,,-1.9871180903589858,,,,-0.08818866428854538,11432200000.0,-0.20046385280363888,-8073600000.0,-0.21726528345237062,1.0838127693035478,,,-0.10136101,-1.374,1.118,0.0,2912421,4.23,0.16000000000000014,"[2658300000.0, 2430700000.0, 2990500000.0, 2911300000.0, 3293600000.0]","[-2863000000.0, -3039500000.0, -2762300000.0, -1326500000.0, -945300000.0]","[-1.49, -1.58, -1.44, -0.69, -0.49]","[-0.08561862844675172, 0.23030402764635705, -0.0264838655743187, 0.13131590698313467]","[0.06164862032832685, -0.09119921039644674, -0.5197842377728704, -0.2873727855258198]","[0.06040268456375841, -0.08860759493670889, -0.5208333333333334, -0.28985507246376807]","[-0.007599088703034441, -0.004710318306822179, -0.010703217749271497]","[0.08215817138114669, 0.13385590230475272, 0.12210972067645702]","[-3.235207100591716, -3.452175186758459, -3.038450292397661, -0.9221851905520939, -0.43184653774173426]",-0.17120615962300545,-0.2705479250725543,-0.287625382057798,,-0.16068238078370933,-0.5688258927593244,0.15760873684867271,0.3378117835387848,0.31746031746031744,1.1687521493938084,0.5236311482184505,-0.6275303619300168,7.0,0.0,1.0,0.0,0.0,8.0,-9.0,0.0,0.0
